gender;SeniorCitizen;Partner;Dependents;tenure;PhoneService;MultipleLines;InternetService;OnlineSecurity;OnlineBackup;DeviceProtection;TechSupport;StreamingTV;StreamingMovies;Contract;PaperlessBilling;PaymentMethod;MonthlyCharges;TotalCharges;Churn;Previsao_Churn;Probabilidade_Churn
0;0;1;0;1;0;1;0;0;2;0;0;0;0;0;1;2;3.4291367503513968;3.4291367503513968;0;0;0.21
1;0;0;0;34;1;0;0;2;0;2;0;0;0;1;0;3;4.059580569785761;7.544596623330987;0;0;0.02
1;0;0;0;2;1;0;0;2;2;0;0;0;0;0;1;3;4.00460218672124;4.692723082995953;1;1;0.74
1;0;0;0;45;0;1;0;2;0;2;2;0;0;1;0;0;3.768152635008444;7.518471485562923;0;0;0.0
0;0;0;0;2;1;0;1;0;0;0;0;0;0;0;1;2;4.272490747605575;5.028147719180887;1;1;0.69
0;0;0;0;8;1;2;1;0;0;2;0;2;2;0;1;2;4.611649152085801;6.711131937477322;1;1;0.98
1;0;0;1;22;1;2;1;0;2;0;0;2;0;0;1;1;4.500920164614292;7.575789758727007;0;0;0.48
0;0;0;0;10;0;1;0;2;0;0;0;0;0;0;0;3;3.4258899942525267;5.713402718033191;0;0;0.25
0;0;1;0;28;1;2;1;0;0;2;2;2;2;0;1;2;4.661550519424199;8.02192918843427;1;1;0.88
1;0;0;1;62;1;0;0;2;2;0;0;0;0;1;0;0;4.04567939024082;8.15735611033029;0;0;0.04
1;0;1;1;13;1;0;0;2;0;0;0;0;0;0;1;3;3.9308447596687337;6.377491961323671;0;0;0.05
1;0;0;0;16;1;0;2;1;1;1;1;1;1;2;0;1;2.9932291433358724;5.792403666309729;0;0;0.01
1;0;1;0;58;1;2;1;0;0;2;0;2;2;1;0;1;4.618579872898009;8.645076161696084;0;0;0.12
1;0;0;0;49;1;2;1;0;2;2;0;2;2;0;1;0;4.651099117876491;8.524625503233533;1;1;0.87
1;0;0;0;25;1;0;1;2;0;2;2;2;2;0;1;2;4.66814498514948;7.8961992165555;0;0;0.37
0;0;1;1;69;1;2;1;2;2;2;2;2;2;2;0;1;4.738389029774314;8.974130577893364;0;0;0.01
0;0;0;0;52;1;0;2;1;1;1;1;1;1;1;0;3;3.075005454448499;6.931422976282321;0;0;0.01
1;0;0;1;71;1;2;1;2;0;2;0;2;2;2;0;0;4.679349584162343;8.906969200059761;0;0;0.08
0;0;1;1;10;1;0;0;0;0;2;2;0;0;0;0;1;4.028916756899646;6.271649838789389;1;0;0.22
0;0;0;0;21;1;0;1;0;2;2;0;0;2;0;1;2;4.511408806173617;7.530426345737758;0;0;0.21
1;1;0;0;1;0;1;0;0;0;2;0;0;2;0;1;2;3.7049988359938197;3.7049988359938197;1;1;0.97
1;0;1;0;12;1;0;2;1;1;1;1;1;1;1;0;0;3.0349529867072724;5.31443674842792;0;0;0.06
1;0;0;0;1;1;0;2;1;1;1;1;1;1;0;0;3;3.0516399054922867;3.0516399054922867;1;1;0.7209404761904762
0;0;1;0;58;1;2;0;0;2;0;2;0;0;2;1;1;4.109233174715851;8.16225958760722;0;0;0.0
1;0;1;1;49;1;0;0;2;2;0;2;0;0;0;0;1;4.104294893075269;7.996754846467186;0;0;0.11
0;0;0;0;30;1;0;0;2;2;0;0;0;0;0;1;0;4.030694535145645;7.3340682196031395;0;0;0.05
1;0;1;1;47;1;2;1;0;2;0;0;2;2;0;1;2;4.608664075242347;8.46593147547745;1;1;0.73
1;0;1;1;1;0;1;0;0;2;0;0;0;0;0;0;2;3.4404180948154366;3.4404180948154366;1;1;0.81
1;0;1;0;72;1;2;0;2;2;2;2;2;2;2;1;1;4.513602992462601;8.759425389713137;0;0;0.0
0;0;0;1;17;1;0;0;0;0;0;0;2;2;0;1;3;4.185098925490565;6.9976873864827445;1;1;0.76
0;1;1;0;71;1;2;1;2;2;2;2;0;0;2;1;1;4.578312731818208;8.819953513551914;0;0;0.0
1;1;1;0;2;1;0;1;0;0;2;0;2;2;0;1;1;4.56954300834494;5.207571753241291;0;0;0.37
0;0;1;1;27;1;0;0;2;2;2;2;0;0;1;0;3;4.206928922969246;7.536603909609118;0;0;0.02
1;0;0;0;1;1;0;2;1;1;1;1;1;1;0;0;0;3.054001181677967;3.054001181677967;0;0;0.19233333333333336
1;1;0;0;1;1;0;0;0;0;0;0;0;0;0;0;0;3.834061463958434;3.834061463958434;0;0;0.34
0;0;1;1;72;1;2;1;2;2;0;2;2;0;2;0;0;4.6141299273595635;8.88912909231302;0;0;0.0
1;0;0;0;5;1;0;1;0;0;0;0;0;0;0;1;2;4.258445572902527;5.761736867916757;1;1;0.78
0;0;0;0;46;1;0;1;0;0;2;0;0;0;0;1;1;4.328098292648326;8.174505679927726;0;0;0.08
1;0;0;0;34;1;2;1;0;2;2;0;2;2;0;1;2;4.67609452432479;8.174773302525123;1;1;0.7
0;0;0;0;11;1;2;1;0;0;2;0;2;2;0;1;0;4.593603549616626;7.008866780350549;1;1;0.95
1;0;1;1;10;1;0;0;0;2;0;0;0;0;1;0;3;3.9229629454664803;6.16688736221078;0;0;0.0
0;0;1;1;70;1;2;0;2;2;0;0;2;0;2;1;1;4.251348311031766;8.491536864602452;0;0;0.0
0;0;1;1;17;1;0;2;1;1;1;1;1;1;1;0;3;3.079613757534693;6.038467400703318;0;0;0.03
0;0;0;0;63;1;2;0;2;2;2;2;2;0;2;1;1;4.392595586023115;8.489297705097483;0;0;0.03
0;0;1;0;13;1;2;0;2;2;0;2;2;0;0;1;2;4.3463994570307305;6.890049451863205;0;0;0.11
0;0;0;0;49;1;2;1;0;0;0;0;0;2;0;1;2;4.448516375942715;8.270704244607035;0;0;0.15
1;0;0;0;2;1;0;0;0;2;0;0;0;0;0;0;3;3.917010546939185;4.584967478670572;0;0;0.23
0;0;0;0;2;1;0;1;0;0;0;0;2;0;0;1;2;4.402441819416474;4.977767690470639;1;1;0.83
1;0;0;0;52;1;2;0;2;0;0;2;2;2;2;1;1;4.391357962102766;8.347306006402459;0;0;0.01
0;0;1;1;69;1;2;0;2;0;2;2;0;0;2;1;1;4.176692303570854;8.355873542493944;0;0;0.1
0;1;0;0;43;1;2;1;0;2;0;0;2;0;0;1;2;4.513602992462601;8.253162539295738;0;0;0.15
0;0;0;0;15;1;0;1;2;2;0;0;2;2;0;1;1;4.6061696863211745;7.263609886536967;1;1;0.78
0;1;1;0;25;1;2;0;2;0;0;2;2;0;0;1;1;4.255612709818223;7.4694546091209375;0;0;0.08
0;1;1;0;8;1;2;1;0;2;0;0;0;0;0;1;1;4.402441819416474;6.4525220286398515;1;1;0.79
0;1;1;1;60;1;0;0;2;2;2;2;0;2;1;1;1;4.328757705794541;8.402309698021336;0;0;0.02
1;1;0;0;18;1;2;1;0;0;0;0;2;2;0;1;2;4.569024739351738;7.4693975835734765;1;1;0.78
0;0;1;1;63;1;2;1;2;0;0;0;2;2;1;1;1;4.611649152085801;8.750239547701803;0;0;0.02
1;1;1;1;66;1;2;1;0;2;2;2;2;2;1;1;2;4.695467823968872;8.864654822837052;0;0;0.07
0;0;1;1;34;1;2;2;1;1;1;1;1;1;2;0;1;3.2561716096118976;6.7971588576401105;0;0;0.0
0;0;0;0;72;1;2;1;0;0;2;2;2;2;2;1;1;4.686750172980514;8.968867357726134;0;0;0.11
0;0;1;0;47;1;2;1;0;0;2;0;2;2;0;1;2;4.620058798481842;8.457039708596394;0;0;0.13
1;0;0;0;60;1;2;1;0;2;0;0;2;0;0;1;0;4.509760001183433;8.603682765623805;0;0;0.12
1;0;1;0;72;0;1;0;2;2;2;0;0;0;2;0;0;3.763522997109702;7.993957547573565;0;0;0.01
0;0;1;1;18;1;0;0;0;0;2;2;0;0;1;1;1;4.014579593753238;6.864952156656828;0;0;0.05
0;0;0;0;9;1;2;1;0;0;0;0;2;2;0;0;2;4.558078578454241;6.754895432337801;1;1;0.9
0;0;0;0;3;1;0;0;0;2;0;2;2;2;0;1;2;4.334672938290411;5.501666290534067;0;0;0.19
1;0;1;0;47;1;2;1;0;2;0;0;0;0;1;1;2;4.380775852772229;8.202852241207772;0;0;0.04
0;0;0;0;31;1;0;0;0;2;2;2;2;2;2;0;3;4.384523514872469;7.823325751531809;0;0;0.01
0;0;1;1;50;1;0;2;1;1;1;1;1;1;2;0;0;3.0516399054922867;6.83722551279161;0;0;0.0
1;0;0;0;10;1;0;1;2;0;2;0;0;0;0;1;3;4.392595586023115;6.789365809481915;0;0;0.02
1;0;0;0;1;1;0;0;0;0;0;2;0;0;0;0;3;3.9130225057612296;3.9130225057612296;0;0;0.14
0;0;1;1;52;1;0;2;1;1;1;1;1;1;1;1;2;3.0633909220278057;6.995445592109125;0;0;0.0
1;1;1;1;64;1;2;1;2;0;2;2;2;2;2;1;0;4.72384171570559;8.867850063029406;0;0;0.1
1;0;1;1;62;1;2;2;1;1;1;1;1;1;2;1;0;3.228826155721369;7.262348056716545;0;0;0.0
0;0;0;1;3;1;0;0;2;0;0;2;0;2;0;1;0;4.182050142641207;5.184028220145909;0;0;0.28
0;1;0;0;56;1;2;1;2;2;2;0;2;2;1;0;2;4.7140245909001735;8.722661451050438;0;0;0.21
0;0;0;0;46;1;0;0;0;0;0;0;0;2;1;0;1;4.036891987474015;7.8972407089593375;0;0;0.01
0;0;1;1;8;1;0;0;2;2;0;0;0;0;0;0;3;4.019082077721554;6.18053411808844;0;0;0.04
1;1;0;0;30;1;0;0;2;2;0;0;2;2;0;1;2;4.327438444389479;7.655532680193197;0;0;0.07
0;0;1;1;45;1;2;2;1;1;1;1;1;1;1;1;1;3.292126286607793;7.104636987107422;0;0;0.01
0;0;0;1;1;1;0;1;0;0;0;0;2;0;0;1;2;4.386392092183521;4.386392092183521;1;1;0.95
0;0;1;1;11;0;1;0;2;0;0;0;2;2;0;0;2;3.942552210462969;6.339212261646723;0;0;0.11
0;0;1;0;7;1;0;1;0;0;2;0;0;0;0;1;0;4.332705079341171;6.210399253648137;1;1;0.83
0;0;0;0;42;1;0;1;0;2;2;2;2;2;0;1;0;4.6520537718869415;8.372976340655828;0;0;0.13
0;0;1;0;49;1;0;2;1;1;1;1;1;1;2;1;0;3.0516399054922867;6.881770582010144;0;0;0.0
1;0;0;0;9;1;2;1;0;2;0;0;2;2;0;1;1;4.60816569496789;6.824101893984884;0;1;0.9
0;0;1;0;35;1;0;0;2;0;0;0;2;0;1;1;0;4.1455128487965;7.703662095843597;0;0;0.0
0;0;1;1;48;1;0;2;1;1;1;1;1;1;2;0;0;3.075005454448499;6.964135612418245;0;0;0.01
0;0;1;1;46;1;0;2;1;1;1;1;1;1;2;1;3;3.0421386463681466;6.833139485601347;0;0;0.0
1;0;1;0;29;0;1;0;0;0;0;0;2;0;0;0;3;3.548179572010801;6.917953103958583;0;0;0.08
1;0;1;1;30;1;0;1;0;2;2;0;0;0;0;0;0;4.419442836059304;7.852127994983248;0;0;0.1
1;1;0;0;1;1;0;1;0;0;0;2;0;0;0;0;2;4.3267781604434035;4.3267781604434035;0;0;0.19
1;0;1;1;66;1;2;0;2;0;2;2;2;2;2;1;3;4.442651256490317;8.65089331980408;0;0;0.0
0;0;0;0;65;1;2;1;2;2;2;0;2;2;0;1;1;4.718945200246936;8.868976189274543;0;0;0.07
1;0;0;0;72;1;2;1;0;2;2;0;2;2;2;1;0;4.623991940228679;8.917317395588213;0;0;0.04
0;0;0;0;12;1;2;1;2;0;0;0;0;0;0;1;2;4.381401439279963;6.83340881685348;1;0;0.26
1;0;1;1;71;1;2;0;2;2;0;2;0;0;1;1;1;4.217299386280878;8.465836737139407;0;0;0.0
1;0;0;0;5;1;0;2;1;1;1;1;1;1;0;0;3;3.093312601892855;4.743626929135107;1;1;0.7
1;0;0;0;52;1;0;2;1;1;1;1;1;1;2;0;0;3.091042453358316;7.010492356433249;0;0;0.01
0;1;1;0;25;1;0;1;0;2;2;0;2;2;0;1;2;4.600157644164547;7.830226869931373;1;1;0.85
1;0;0;0;1;1;0;2;1;1;1;1;1;1;0;0;3;3.054001181677967;3.054001181677967;0;0;0.2801865079365078
0;0;1;1;1;1;0;2;1;1;1;1;1;1;0;0;2;3.017982882488811;3.017982882488811;0;0;0.37833333333333335
1;0;0;0;38;1;2;1;0;0;2;2;2;0;1;0;0;4.564348191467836;8.190520779273172;0;0;0.04
0;1;1;0;66;0;1;0;0;2;2;0;2;0;1;0;0;3.840527003723076;8.015740173896912;0;0;0.05
1;0;1;0;68;1;2;1;0;2;2;2;2;2;2;1;0;4.709530201312334;8.937592887972736;1;1;0.74
1;0;0;0;5;0;1;0;0;0;0;0;0;0;0;0;3;3.2308043957334744;4.617098756853365;0;0;0.2
0;0;1;1;72;1;2;1;2;2;0;0;2;2;1;1;2;4.655387902148709;8.896184267815448;0;0;0.01
0;0;0;0;32;0;1;0;2;0;0;0;0;0;1;0;3;3.4388142452334622;6.833731918633351;0;0;0.02
1;0;0;0;43;1;2;1;0;0;0;0;2;2;1;0;3;4.557554332046428;8.274433495416885;0;0;0.05
1;0;1;1;72;1;0;2;1;1;1;1;1;1;2;0;1;3.0155349008501706;7.218360106066341;0;0;0.0
1;0;1;0;55;1;2;1;2;2;0;0;2;0;0;1;2;4.582413198865475;8.564057693163521;1;0;0.28
0;0;0;0;52;1;0;0;2;0;2;2;0;0;1;0;1;4.07668962698338;8.020681302289706;0;0;0.04
0;0;0;0;43;1;0;1;0;2;2;0;2;0;0;1;2;4.528828952731369;8.282761164332172;0;0;0.11
0;1;1;0;37;1;2;1;0;0;0;0;0;0;0;1;2;4.350277936359301;7.961771097640099;1;1;0.61
0;0;1;1;64;0;1;0;0;2;0;2;2;2;2;1;2;4.018183201256536;8.13871075463796;0;0;0.02
1;0;1;1;3;1;0;1;2;2;0;0;2;0;0;0;2;4.50920979484218;5.519058033245936;0;0;0.16
0;0;0;0;36;0;1;0;2;0;0;0;0;0;2;0;0;3.467297183366679;7.027625024832521;0;0;0.03
0;0;1;1;10;1;2;1;2;0;0;0;2;2;0;1;2;4.617592705986649;6.971340220607248;1;1;0.93
0;0;0;0;41;1;0;2;1;1;1;1;1;1;2;0;3;3.075005454448499;6.728808022827132;0;0;0.0
1;0;1;1;27;1;2;1;0;2;0;2;0;0;0;1;1;4.456670177669648;7.674431692830198;0;0;0.07
0;0;1;1;56;1;2;1;0;0;2;0;2;2;1;1;1;4.613138355637268;8.615489816441348;0;0;0.04
0;0;0;0;6;1;0;2;1;1;1;1;1;1;0;0;3;3.077312260546414;4.7340030578310595;0;0;0.04333333333333334
1;0;0;0;3;1;2;1;0;0;0;0;0;0;0;1;2;4.32280727501391;5.440467758652715;1;1;0.89
0;0;1;1;7;1;0;0;2;0;0;0;0;0;0;0;3;3.9454577815143836;5.861782877638206;0;0;0.16
0;0;1;1;4;1;0;2;1;1;1;1;1;1;0;0;3;3.084200921541599;4.157319361383489;0;0;0.13
1;0;0;0;33;1;0;1;2;0;0;2;2;0;2;1;2;4.499253960396542;8.015872254664492;0;0;0.04
0;1;0;0;27;1;2;1;0;0;2;0;0;0;0;1;2;4.370080563655481;7.66692425508408;1;0;0.35
1;0;1;0;72;1;2;2;1;1;1;1;1;1;2;1;0;3.2007118542405295;7.452953343538126;0;0;0.0
1;0;0;0;1;1;0;2;1;1;1;1;1;1;0;0;3;3.0325462466767075;3.0325462466767075;0;1;0.7456666666666666
1;1;0;0;71;0;1;0;2;2;0;0;2;2;1;1;2;4.050915004294764;8.290631304243542;0;0;0.09
0;0;0;0;13;1;2;1;0;0;0;0;0;2;0;1;2;4.465333240800292;7.103856459184463;0;0;0.26
0;0;1;1;25;0;1;0;2;2;2;0;2;2;0;1;1;4.087655574071304;7.315650764662011;1;1;0.65
1;0;0;0;67;1;0;0;0;0;0;2;0;0;2;0;0;3.942552210462969;8.089819840759192;0;0;0.02
1;0;0;0;1;0;1;0;0;0;0;0;0;2;0;1;2;3.5959414584546674;3.5959414584546674;1;1;0.97
1;0;0;0;2;1;0;0;0;0;0;0;0;0;0;0;2;3.814410176561146;4.409763389645481;1;1;0.82
0;0;0;0;43;1;2;2;1;1;1;1;1;1;2;1;1;3.2846635654062037;7.081036091123942;0;0;0.02
0;0;0;0;23;1;0;1;2;0;0;0;0;0;0;1;0;4.330733340286331;7.484087704950247;0;0;0.18
0;0;1;1;64;1;0;2;1;1;1;1;1;1;2;0;3;3.054001181677967;7.153638317265837;0;0;0.0
1;0;0;1;57;1;0;2;1;1;1;1;1;1;2;1;3;3.0252910757955354;7.0660829373614416;0;0;0.0
0;1;1;0;1;1;0;1;0;0;0;0;0;0;0;1;3;4.268997904375876;4.268997904375876;1;1;0.57
0;1;1;1;72;1;2;0;2;2;2;2;2;2;2;1;1;4.489198009735671;8.768208686132068;0;0;0.04
0;0;0;0;8;1;2;0;2;0;0;2;0;2;0;0;2;4.27874728521988;6.33620607016968;1;1;0.77
0;0;1;0;61;1;2;1;0;2;0;0;2;2;2;1;0;4.625462889255854;8.694879019805663;0;0;0.05
1;0;0;0;64;1;2;1;2;2;0;0;0;0;1;1;1;4.446174454497633;8.573582976603518;0;0;0.01
1;1;1;0;71;1;2;2;1;1;1;1;1;1;2;0;0;3.2168738221975275;7.4714769121016245;0;0;0.0
0;0;1;1;65;1;2;1;2;2;0;2;2;0;2;1;1;4.605670061029742;8.766815077043479;0;0;0.01
1;0;0;0;3;1;0;2;1;1;1;1;1;1;1;0;3;3.0252910757955354;4.132763672126045;0;0;0.01
1;0;0;0;1;1;0;0;0;0;0;0;0;0;0;1;2;3.8426729272933526;3.8426729272933526;1;1;0.96
1;0;0;1;30;1;0;0;0;2;2;0;2;0;1;0;1;4.182050142641207;7.565767388773753;0;0;0.0
1;0;1;1;15;1;0;0;0;2;2;2;0;2;0;1;3;4.255612709818223;6.977654406361804;0;0;0.04
0;0;1;1;8;1;0;0;0;0;0;2;2;2;0;1;2;4.242045918369452;6.337445008381255;0;0;0.32
1;0;0;0;7;1;2;1;0;0;0;0;2;2;0;0;3;4.564348191467836;6.486922693742851;1;1;0.93
0;0;1;1;70;1;2;1;2;2;2;0;2;2;1;1;1;4.692723082995953;8.97860375580645;0;0;0.03
1;0;1;1;62;1;0;0;2;2;2;2;2;2;2;0;2;4.467056883858457;8.559534031905763;0;0;0.0
0;0;1;1;6;1;0;2;1;1;1;1;1;1;0;0;3;3.0301337002713233;4.740574822994295;0;0;0.07
0;0;1;1;14;1;0;1;0;0;0;0;0;2;0;1;0;4.405498990859024;7.050816121822789;0;0;0.19
0;0;0;0;22;1;2;1;0;0;0;0;2;0;0;1;0;4.444414407108697;7.508211346984919;0;0;0.4
1;0;1;1;22;1;0;2;1;1;1;1;1;1;1;0;3;3.0516399054922867;6.042395275776525;0;0;0.0
1;0;1;1;16;1;0;0;2;0;2;0;2;0;2;0;3;4.178226046202803;6.932447891572509;0;0;0.03
1;0;0;0;10;1;2;2;1;1;1;1;1;1;2;0;0;3.2846635654062037;5.531807209916391;0;0;0.03
0;0;0;1;13;1;0;0;2;2;0;0;0;0;0;1;2;4.04305126783455;6.640594529751104;0;0;0.11
0;0;1;0;20;1;2;1;2;0;0;0;0;0;0;0;2;4.423648309364701;7.37359399701373;1;1;0.74
0;0;0;0;2;1;0;1;0;0;0;0;0;0;0;1;2;4.258445572902527;4.9141243937154115;0;0;0.12
1;0;0;0;53;1;2;0;0;2;2;2;0;2;2;1;0;4.316153890523174;8.283809892371835;0;0;0.01
0;0;1;1;11;1;0;2;1;1;1;1;1;1;1;0;3;3.0726933146901194;5.459159891664867;0;0;0.07
1;0;1;0;69;1;0;2;1;1;1;1;1;1;2;0;3;3.039749158970765;7.2185066960178625;0;0;0.0
0;0;0;0;4;1;0;1;0;0;0;0;0;0;0;1;0;4.275276264727001;5.6131281063880705;1;1;0.85
1;0;1;0;72;1;2;0;2;2;2;2;2;2;2;1;0;4.500365071621965;8.741208362759322;0;0;0.0
1;1;1;0;58;0;1;0;0;2;2;0;0;2;0;1;2;3.835141961092188;7.883144763243498;1;1;0.79
0;0;1;1;16;1;0;2;1;1;1;1;1;1;0;0;2;3.0633909220278057;5.775793010632473;0;0;0.04
1;0;1;0;43;1;0;1;2;0;2;2;0;0;1;1;0;4.445588116163626;8.171952625103168;0;0;0.07
0;0;1;0;2;1;2;1;0;0;2;2;2;2;0;1;2;4.657762636107262;5.496348217047172;1;1;0.89
1;0;1;0;14;1;0;0;0;2;2;2;2;2;2;0;3;4.418238016636454;7.075597514511258;0;0;0.03
0;0;1;0;53;1;0;1;0;0;2;0;2;2;1;1;0;4.562784469491653;8.517433162620845;1;1;0.68
0;0;0;0;32;1;0;2;1;1;1;1;1;1;1;0;0;3.070375816549757;6.485474577945411;0;0;0.0
0;0;1;0;34;1;2;2;1;1;1;1;1;1;0;0;2;3.246490991901174;6.660831199002524;0;0;0.03
0;1;0;0;15;1;2;1;0;0;0;0;0;0;0;1;3;4.323470185213858;7.044643531044259;1;1;0.95
0;1;0;0;7;1;0;1;2;0;0;0;0;0;0;0;0;4.349632566862877;6.223766036206958;1;0;0.28
0;0;1;1;15;1;2;1;0;2;2;0;2;2;0;1;0;4.666735541646246;7.352601343814152;0;0;0.27
1;0;1;0;61;1;0;2;1;1;1;1;1;1;1;1;1;3.070375816549757;7.133295954896068;0;0;0.0
0;0;0;0;1;0;1;0;0;2;0;0;0;0;0;0;0;3.432372999130605;3.432372999130605;1;0;0.24
0;0;0;0;1;1;0;0;0;0;0;0;0;0;0;0;3;3.835141961092188;3.835141961092188;0;0;0.32
1;0;0;0;8;1;2;1;0;0;0;0;0;2;0;0;0;4.448516375942715;6.497754902072211;1;1;0.86
1;0;1;1;33;1;0;0;2;0;2;0;2;2;1;0;1;4.327438444389479;7.805596867187762;0;0;0.1
0;0;0;0;13;1;0;1;0;2;2;0;0;0;0;1;2;4.385146762010125;7.014499836412125;1;1;0.88
0;0;1;0;1;0;1;0;0;0;0;0;0;0;0;1;2;3.250374491927572;3.250374491927572;1;1;0.55
1;0;0;0;20;1;0;0;0;2;0;0;0;0;0;1;3;3.966511190712216;6.932301539400137;0;0;0.02
1;0;0;0;3;0;1;0;0;0;0;2;0;0;0;0;2;3.4468078929142076;4.420646205638937;0;0;0.12
0;0;0;0;13;1;0;2;1;1;1;1;1;1;1;0;2;3.027715319407042;5.504518197131935;0;0;0.0
0;0;1;0;40;1;2;0;0;2;0;0;0;0;0;0;1;4.053522567701846;7.774897782589561;0;0;0.04
1;0;1;1;43;1;2;0;2;0;0;2;0;2;1;1;1;4.289088639014612;8.06285816595844;0;0;0.01
1;0;1;0;6;1;0;1;0;2;2;0;0;2;0;1;2;4.5217885770490405;6.2766434893416445;1;1;0.92
0;0;1;1;69;1;0;2;1;1;1;1;1;1;2;0;0;3.0325462466767075;7.227226673923325;0;0;0.01
0;0;1;1;72;1;2;1;2;2;2;0;2;2;2;0;1;4.706823839714591;9.003353102230058;0;0;0.01
1;0;1;1;59;1;0;2;1;1;1;1;1;1;2;0;1;3.0106208860477417;7.084813006100993;0;0;0.02
0;0;1;0;20;1;0;1;2;2;0;2;2;0;0;1;2;4.5803650670691205;7.551002930254652;0;0;0.35
1;0;1;1;24;1;2;2;1;1;1;1;1;1;2;1;0;3.2228678461377385;6.377406988727283;0;0;0.0
1;0;0;0;59;1;2;1;0;2;2;2;2;2;0;1;2;4.721618998631338;8.782744678980025;0;0;0.18
1;0;1;1;72;1;2;1;0;2;2;2;2;2;2;1;0;4.7295977643631435;8.992513909856259;0;0;0.04
1;0;0;1;1;1;0;2;1;1;1;1;1;1;0;0;3;3.079613757534693;3.079613757534693;0;0;0.06
0;0;1;0;27;1;0;1;2;0;0;2;2;2;1;1;1;4.633757642840004;7.8943739906893216;0;0;0.08
0;0;0;0;14;1;0;1;0;2;0;2;0;0;0;1;1;4.395066248181685;7.015083856734662;0;0;0.18
1;0;1;1;71;1;2;1;2;0;2;0;2;2;2;0;2;4.668614358544626;8.910113272022107;0;0;0.02
1;0;0;1;13;1;0;1;0;0;0;0;2;0;0;1;1;4.373238128640803;6.9421083953538;0;0;0.47
1;0;0;0;44;1;0;1;0;0;0;0;0;0;0;0;1;4.246350085702971;7.992927655283545;0;0;0.23
0;0;0;0;33;1;0;1;0;2;0;2;0;0;1;1;0;4.393831680123644;7.895752530400927;0;0;0.03
1;0;1;1;72;0;1;0;2;2;2;2;0;2;2;1;1;4.033355290595671;8.338114371264128;0;0;0.0
1;0;0;0;1;1;0;1;0;0;0;0;0;2;0;0;2;4.393213824064446;4.393213824064446;1;1;1.0
0;0;0;0;19;1;0;1;2;0;2;2;2;2;0;1;2;4.678420647727684;7.568095136565964;1;1;0.8
1;0;1;0;64;1;0;1;0;2;2;2;2;2;1;1;1;4.639088404191552;8.803138757012336;0;0;0.04
1;0;0;0;2;1;0;0;0;0;0;0;0;0;0;1;1;3.8501476017100584;4.448516375942715;1;1;0.83
0;0;0;0;1;0;1;0;0;0;0;0;0;0;0;0;2;3.2676659890376327;3.2676659890376327;0;0;0.25
1;0;0;1;61;1;0;2;1;1;1;1;1;1;2;0;3;3.0325462466767075;7.025716076615701;0;0;0.07
0;0;1;1;29;1;0;2;1;1;1;1;1;1;1;0;2;3.044522437723423;6.293511696017657;0;0;0.0
1;1;1;0;23;1;2;1;0;0;0;0;0;2;0;0;2;4.475061500641071;7.589259947758008;0;0;0.2
0;0;1;0;57;0;1;0;2;2;2;0;2;2;0;1;0;4.09016919081162;8.142776067429795;0;0;0.09
1;0;1;1;72;0;1;0;2;2;2;2;0;0;2;0;1;3.834061463958434;8.052232823522196;0;0;0.03
1;0;1;0;66;0;1;0;2;2;2;2;2;0;2;1;0;4.053522567701846;8.24017406713271;0;0;0.0
1;0;1;1;65;1;2;0;0;2;2;2;2;2;2;1;0;4.44500143383527;8.580261882883221;0;0;0.0
0;0;0;0;8;1;0;1;0;0;0;0;2;0;0;1;0;4.394449154672439;6.4387111892311015;0;0;0.3
0;0;0;0;4;1;0;1;0;0;0;0;0;0;0;1;2;4.264790324535862;5.596011649126543;1;1;0.88
0;0;1;0;71;1;2;2;1;1;1;1;1;1;2;0;0;3.248434627109745;7.516378894471428;0;0;0.0
1;0;1;1;1;1;0;2;1;1;1;1;1;1;1;1;2;3.054001181677967;3.054001181677967;0;0;0.07
1;0;1;0;4;1;0;0;0;0;0;2;0;0;0;0;3;3.9328055446106744;5.194899407349548;1;0;0.2
0;0;0;0;12;1;0;2;1;1;1;1;1;1;1;1;0;3.013080911888604;5.395217191287996;0;0;0.0
1;0;0;0;24;0;1;0;2;0;0;0;2;2;1;1;3;3.9435216724875173;7.162203680124759;0;0;0.05
0;0;1;1;31;1;0;0;2;0;2;2;2;2;1;1;3;4.408546844483277;7.842573315470176;0;0;0.02
0;0;1;0;1;1;0;0;0;0;0;0;2;0;0;0;3;4.028916756899646;4.028916756899646;1;1;0.77
1;0;0;0;30;1;2;1;0;0;0;2;0;2;0;1;1;4.509760001183433;7.909911731832617;0;0;0.13
0;0;1;1;47;1;2;0;2;2;0;2;2;2;2;1;1;4.457829598089382;8.3207524260614;0;0;0.0
1;0;0;0;54;1;2;1;2;2;0;2;2;2;2;1;1;4.6913478822291435;8.658979171001915;0;0;0.26
1;0;0;0;50;1;0;1;2;2;0;2;0;2;0;1;1;4.548599834499697;8.465584057683007;0;0;0.1
1;0;0;0;1;1;0;1;2;0;0;0;0;2;0;1;3;4.449685283147696;4.449685283147696;1;1;0.89
0;0;0;0;72;1;0;2;1;1;1;1;1;1;2;0;1;3.056356895370426;7.357492423366405;0;0;0.0
0;0;0;0;29;1;2;2;1;1;1;1;1;1;0;0;2;3.263849190510932;6.555356891810665;0;0;0.04
1;0;0;0;2;1;2;0;0;2;0;0;0;0;0;1;3;4.014579593753238;4.745801315727837;1;1;0.77
0;0;0;0;10;0;1;0;0;0;0;2;0;0;2;1;3;3.4210000089583352;5.703949127435522;0;0;0.02
1;0;1;0;18;1;2;1;0;0;0;0;0;0;0;1;2;4.306090068583941;7.175451457345406;0;0;0.15
0;1;0;0;11;1;0;1;0;2;0;0;2;2;0;1;2;4.564348191467836;7.022244005466835;1;1;0.93
1;0;0;0;16;1;0;2;1;1;1;1;1;1;2;0;3;3.0325462466767075;5.653716496982717;0;0;0.0
0;0;0;0;72;1;2;0;0;2;2;2;2;2;2;0;0;4.472780997942346;8.756446284463516;0;0;0.0
1;0;0;0;72;1;2;1;0;2;2;2;2;2;2;0;0;4.702296896718814;8.971994346418777;0;0;0.0
0;0;1;1;41;1;0;0;2;0;0;2;2;2;1;1;1;4.3267781604434035;8.067352908713396;0;0;0.02
0;1;1;0;65;1;0;1;2;2;2;0;0;2;0;0;2;4.558078578454241;8.72048499422784;0;0;0.08
0;1;0;0;13;1;0;0;0;2;2;0;0;0;0;1;2;4.021773869387265;6.596190266067024;0;0;0.1
1;1;0;0;4;1;0;1;2;0;0;0;0;0;0;0;2;4.335328031664641;5.61458689585173;0;0;0.09
1;0;0;0;41;1;2;0;0;0;2;0;0;2;1;0;3;4.189654742026425;7.837080689126748;0;0;0.05
1;1;0;0;15;1;0;1;0;2;0;0;0;0;0;1;2;4.32280727501391;6.980354971396481;1;1;0.95
1;0;0;0;1;1;0;0;2;0;0;0;0;0;0;1;3;3.902982260775997;3.902982260775997;1;1;0.73
1;0;0;0;42;1;2;1;2;2;2;0;0;2;1;1;2;4.605170185988092;8.366242386524114;0;0;0.16
0;0;1;0;51;1;0;1;2;2;2;0;2;0;1;1;2;4.548599834499697;8.438269024609227;0;0;0.11
0;0;1;1;2;1;0;1;0;0;0;0;0;0;0;0;2;4.268297869345539;4.998225274019575;1;1;0.81
1;1;1;0;1;0;1;0;0;2;0;0;2;0;0;0;2;3.7184382563554808;3.7184382563554808;1;1;0.85
1;0;0;1;32;1;2;0;0;2;2;2;2;2;1;0;1;4.439115601658009;7.87637277103406;0;0;0.07
1;0;0;0;10;1;0;2;1;1;1;1;1;1;0;1;3;3.0373539482448106;5.268115857814915;0;0;0.03
0;0;1;1;67;0;1;0;0;2;2;2;2;2;2;1;2;4.1034694699991014;8.319936661053873;0;0;0.01
0;0;1;1;61;1;2;1;2;2;2;2;2;2;2;0;1;4.754451888703846;8.85497171732711;0;0;0.02
1;0;0;0;50;1;2;1;2;2;2;2;2;2;1;0;1;4.747970984619762;8.664250199109881;0;0;0.04
0;0;1;0;2;1;0;0;0;0;0;0;0;0;0;1;1;3.8199077165203406;4.401216329067023;1;1;0.84
0;1;1;0;29;0;1;0;2;0;2;0;0;2;0;1;2;3.828641396489095;7.114484855028092;0;0;0.12
1;1;0;0;3;0;1;0;0;0;2;0;0;2;0;1;2;3.7412346844478646;4.891851758106289;1;1;0.92
1;1;0;0;13;1;2;1;0;2;2;0;2;2;0;1;2;4.681204872264089;7.219129463690706;1;1;0.9
1;1;1;0;57;1;2;1;0;2;0;0;0;2;0;1;2;4.50920979484218;8.502353627719575;0;0;0.24
0;0;0;0;31;0;1;0;2;2;0;2;0;2;2;1;0;3.928880122494569;7.327189036317697;0;0;0.01
0;0;1;0;45;1;2;1;2;2;2;2;2;2;1;0;3;4.738826570800765;8.52382117770646;0;0;0.1
0;0;1;1;61;1;2;0;2;2;2;2;2;2;2;0;3;4.489759334476764;8.617536140112266;0;0;0.0
1;0;0;0;50;1;2;2;1;1;1;1;1;1;2;0;0;3.254242968705492;7.086946942767164;0;0;0.01
0;1;0;0;19;1;0;1;2;2;0;2;2;2;0;1;3;4.663439094112067;7.605018975053922;0;0;0.49
1;0;0;0;59;1;0;2;1;1;1;1;1;1;2;0;3;3.013080911888604;7.003610764625658;1;1;0.63
0;0;1;0;71;1;2;2;1;1;1;1;1;1;2;1;1;3.228826155721369;7.458157321861312;0;0;0.01
0;1;0;0;16;1;0;1;0;0;0;2;2;2;0;1;2;4.558602550171757;7.32132082312417;1;1;0.84
1;0;1;0;57;1;0;0;2;2;0;2;0;0;2;1;2;4.1067670822206574;8.146462787815526;0;0;0.0
1;0;0;0;1;0;1;0;0;0;0;0;0;0;0;0;0;3.250374491927572;3.250374491927572;1;1;0.84
1;1;1;0;20;1;2;1;0;2;0;2;2;2;0;0;2;4.682594082952895;7.68388698965577;0;0;0.1
1;0;0;0;1;1;0;1;0;0;0;0;0;0;0;0;3;4.2710950739666;4.2710950739666;1;1;0.9
1;0;1;0;5;1;2;1;0;2;0;2;0;0;0;1;2;4.45898767581001;5.996700813903228;1;1;0.89
0;0;1;0;52;1;2;1;0;2;2;0;2;2;0;1;2;4.663910681010692;8.635127326767599;1;1;0.74
1;1;1;0;21;1;0;0;2;2;0;0;0;2;0;1;0;4.188896879163323;7.2010217297278185;0;0;0.19
1;0;0;0;14;0;1;0;0;0;2;2;2;2;0;1;2;4.02535169073515;6.650214363442343;0;0;0.25
0;0;0;0;5;1;0;0;0;2;0;0;0;0;0;0;0;3.942552210462969;5.504314759027276;0;0;0.16
0;0;0;0;6;1;0;0;2;2;0;0;0;0;0;0;3;4.0280266811844525;5.7804348261772835;0;0;0.1
0;0;0;0;10;1;0;0;0;2;0;0;0;0;0;0;2;3.955082494888593;6.2131069722959245;0;0;0.01
0;0;0;1;1;1;2;2;1;1;1;1;1;1;0;0;3;3.2733640101522705;3.2733640101522705;0;0;0.13833333333333334
0;0;0;0;68;1;2;0;2;0;0;0;0;0;0;0;3;4.015481713796376;8.213042926257149;0;0;0.04
1;0;1;1;18;1;0;1;0;0;2;0;2;2;0;0;3;4.565909472034789;7.484902208779911;1;0;0.36
0;0;0;0;22;1;2;1;0;0;0;0;0;0;1;1;1;4.343805421853684;7.486949579466051;0;0;0.06
0;0;0;0;20;1;0;0;0;0;0;0;0;0;0;1;2;3.814410176561146;6.833193357655232;0;0;0.09
1;0;1;0;1;1;0;1;0;0;0;0;0;0;0;0;2;4.2626798770413155;4.2626798770413155;1;1;0.9
1;1;0;0;8;1;0;1;0;2;0;0;0;0;0;1;2;4.324132656254979;6.409434476354621;1;1;0.9
1;0;0;0;10;1;0;0;0;0;0;0;0;0;0;1;1;3.825375198702474;6.0785592539589155;1;1;0.75
1;1;0;0;24;1;2;1;0;0;0;0;0;0;0;1;2;4.345103280569283;7.446410054666804;1;0;0.47
1;0;0;0;35;1;0;0;2;2;2;0;0;0;1;0;3;4.130354999745133;7.6119413066572985;0;0;0.01
1;0;1;1;23;1;0;1;0;2;2;2;0;0;1;0;3;4.475061500641071;7.571370656936044;0;0;0.11
0;1;0;0;6;1;0;1;0;0;0;0;2;2;0;1;2;4.503691017038237;6.343528878489031;0;0;0.32
0;0;0;0;12;1;0;2;1;1;1;1;1;1;0;0;3;3.0301337002713233;5.39974515917815;0;0;0.03
1;0;0;0;1;1;0;2;1;1;1;1;1;1;0;0;3;3.056356895370426;3.056356895370426;0;0;0.03125000000000001
0;0;1;1;71;1;0;1;0;0;2;0;0;0;2;0;2;4.344454561766125;8.601065479952362;0;0;0.07
1;1;1;0;35;1;2;1;0;0;2;0;2;2;0;1;2;4.623010104116422;8.14279060875989;0;0;0.31
1;0;1;1;40;1;2;0;0;0;2;0;2;2;0;1;2;4.3247946887187485;8.01193537195371;0;0;0.08
0;0;0;1;1;1;0;1;2;0;0;0;0;0;0;1;3;4.312140507209715;4.312140507209715;1;1;0.86
1;0;0;0;23;1;0;0;0;0;0;0;2;2;1;1;0;4.188138441508461;7.320394590838302;0;0;0.11
0;1;0;0;4;1;2;1;0;0;0;0;2;2;0;1;2;4.569024739351738;5.984188138137206;1;1;0.98
1;0;0;0;4;1;0;1;0;0;2;2;0;2;0;1;2;4.515245478460105;5.879554854554393;0;1;0.68
0;0;1;1;68;0;1;0;0;2;2;2;2;2;2;0;1;4.115779842942166;8.32117830749028;0;0;0.0
1;0;0;1;38;1;2;1;0;2;0;0;0;0;0;1;3;4.417031743872572;8.052837582035098;0;0;0.13
1;0;1;1;52;1;2;2;1;1;1;1;1;1;2;0;3;3.250374491927572;7.114850745874739;0;0;0.0
1;1;1;0;32;1;2;1;0;0;0;0;0;0;0;1;2;4.3294166844015844;7.742553920000891;1;1;0.8
1;0;1;1;29;1;0;0;0;0;2;2;2;2;2;0;3;4.337944122103693;7.6282257551909725;0;0;0.01
1;1;1;1;38;1;2;1;0;2;0;0;2;2;0;0;2;4.626442321263631;8.227602632295108;0;0;0.21
1;0;0;1;48;1;2;0;2;0;2;0;2;2;1;1;1;4.378896741664954;8.211605091984318;0;0;0.04
0;0;0;0;1;1;0;2;1;1;1;1;1;1;0;1;0;3.0081547935525483;3.0081547935525483;0;0;0.08
0;0;0;0;22;1;0;1;2;0;0;2;0;2;0;1;2;4.500365071621965;7.542876022019734;0;0;0.22
0;0;0;0;43;1;2;1;2;2;2;2;2;2;2;0;1;4.754021132720446;8.49619424882018;0;0;0.05
0;1;1;0;5;1;0;1;0;0;0;0;0;0;0;1;2;4.253482783560398;5.83656358589002;0;0;0.22
1;0;0;0;5;1;0;1;0;0;0;0;2;0;0;1;2;4.401829261970061;6.032006502420918;1;1;0.86
1;0;1;1;51;1;2;1;2;2;0;2;2;2;1;0;1;4.709980550340436;8.646008480687051;0;0;0.27
1;0;0;0;71;1;0;2;1;1;1;1;1;1;2;1;1;3.039749158970765;7.2123682120938994;0;0;0.0
0;0;1;1;38;1;0;0;2;2;0;2;2;2;1;0;1;4.398146016553765;8.026055809319672;1;1;0.62
1;1;1;0;24;1;0;1;0;0;2;0;2;2;0;1;2;4.544889255103161;7.710675724683985;1;1;0.76
1;0;1;0;35;1;2;1;0;0;0;2;2;0;0;1;1;4.52720864451838;8.082510372888098;0;0;0.13
0;1;0;0;54;1;2;0;2;2;0;2;2;2;1;0;0;4.424247650107844;8.378183965678819;1;1;0.71
0;0;1;1;72;0;1;0;0;2;2;2;2;2;2;1;2;4.110873864173311;8.35819745992578;0;0;0.05
1;0;0;0;1;1;0;0;0;0;0;0;0;0;0;1;2;3.824284091120139;3.824284091120139;0;0;0.11
0;0;1;1;9;1;0;0;2;0;0;0;0;0;1;0;3;3.903990833730882;6.048081147526878;0;0;0.06
1;0;0;0;69;0;1;0;2;2;0;2;2;2;2;1;0;4.111693200556713;8.33751613484719;0;0;0.01
0;0;1;0;52;1;2;1;0;2;0;2;2;2;0;1;1;4.641502115235482;8.544633245841629;0;0;0.36
0;1;1;0;11;1;0;1;0;0;0;2;2;0;0;1;2;4.429625613473161;6.781114378014739;0;0;0.24
0;1;0;0;2;1;0;1;0;0;0;0;0;0;0;1;2;4.267597343922845;4.941999501706118;1;1;0.81
0;1;1;1;28;0;1;0;0;0;0;0;2;0;0;1;2;3.6082115510464816;6.882078432192154;0;0;0.11
0;1;0;0;17;1;2;1;0;0;2;0;0;0;0;1;1;4.426641427432833;7.293731710506439;0;0;0.2
0;0;1;1;35;1;0;2;1;1;1;1;1;1;2;1;3;3.0373539482448106;6.607123047354728;0;0;0.02
0;0;0;0;8;1;0;2;1;1;1;1;1;1;1;1;3;3.005682604407159;5.093443405283571;0;0;0.02
1;0;0;0;46;1;2;1;0;2;2;0;2;0;1;1;1;4.563305981889393;8.394788241149152;0;0;0.07
0;0;0;0;7;1;2;1;0;0;0;0;0;0;0;1;2;4.3154861108656375;6.238812787119009;1;1;0.9
0;0;0;0;2;1;2;1;0;0;2;0;0;0;0;0;3;4.401829261970061;5.054971107916307;1;1;0.9
1;0;1;1;68;1;2;0;0;2;2;2;0;2;1;1;0;4.341204640153626;8.57450881512029;1;1;0.58
0;0;0;0;43;1;2;1;0;2;2;0;2;2;2;1;2;4.659658371272161;8.468181502712058;1;1;0.77
0;0;0;0;68;1;2;0;2;2;2;2;2;2;2;1;2;4.49032034430915;8.724117925907073;0;0;0.01
0;0;0;0;36;1;0;1;0;2;0;0;2;2;0;1;1;4.562262684976814;8.179382058873774;0;0;0.11
1;0;1;0;63;1;2;1;0;2;2;0;2;2;0;1;2;4.648229675448539;8.795430805040018;1;1;0.71
0;1;0;0;32;1;0;0;0;2;0;2;0;0;0;0;0;4.019082077721554;7.512672158147668;0;0;0.03
0;0;1;0;71;1;2;0;2;2;2;2;2;2;2;0;1;4.4630304188269685;8.73629659230272;0;0;0.0
0;0;1;1;66;1;2;0;2;2;2;0;0;0;0;1;0;4.226103551734458;8.413974824163768;0;0;0.16
1;0;0;0;63;1;0;2;1;1;1;1;1;1;1;0;3;3.068052935133617;7.192294919161421;0;0;0.03
0;0;0;1;41;1;0;2;1;1;1;1;1;1;1;1;1;3.056356895370426;6.763884908562435;0;0;0.0
0;1;0;0;1;1;2;1;0;0;0;0;0;0;0;1;2;4.291828366755733;4.291828366755733;0;0;0.3
0;0;0;0;2;1;0;1;0;0;0;0;2;2;0;1;2;4.515245478460105;5.1310814471721224;1;1;0.9
0;0;1;0;70;1;0;2;1;1;1;1;1;1;2;0;0;3.017982882488811;7.173575104576783;0;0;0.0
0;0;0;0;23;0;1;0;0;0;0;0;2;2;0;1;2;3.827553848801696;6.905602964413994;0;0;0.11
0;1;1;0;64;1;0;1;2;2;2;0;0;2;1;0;0;4.584967478670572;8.76902526347426;0;0;0.04
1;0;1;1;37;1;2;0;2;0;2;2;0;0;2;1;1;4.155753190350744;7.731821066813775;0;0;0.03
1;0;0;1;17;1;0;0;0;0;0;0;0;0;1;0;3;3.8199077165203406;6.52561599617747;0;0;0.04
0;1;0;0;7;1;0;1;0;0;0;0;2;2;0;1;2;4.501474949649326;6.354978551269467;0;1;0.52
1;0;1;1;4;1;2;1;0;2;2;0;0;0;0;1;0;4.4520190064939165;5.921310287184775;1;1;0.96
0;1;0;0;21;0;1;0;2;0;0;0;2;0;0;1;2;3.758871825933971;6.734710558968391;1;1;0.79
0;0;0;0;10;1;0;1;0;0;0;0;0;2;0;1;0;4.3975308212098465;6.741700694652055;1;1;0.84
0;1;0;0;16;1;2;0;2;0;0;0;0;0;0;1;2;4.009149716158869;6.7912214627261855;0;0;0.12
1;0;1;0;64;1;2;1;0;2;0;2;2;2;2;1;2;4.665794807804526;8.828259704100754;0;0;0.06
1;1;1;0;27;0;1;0;2;0;0;0;0;0;0;0;1;3.457892725338701;6.692207804289556;1;1;0.8
1;0;1;1;42;1;2;1;2;0;0;0;2;2;1;0;2;4.585987366571318;8.298477323429179;0;0;0.07
1;0;0;1;5;1;0;2;1;1;1;1;1;1;0;0;3;3.054001181677967;4.43970574626056;0;0;0.0
0;0;0;0;41;1;0;1;0;2;0;2;2;2;2;1;0;4.603168183317418;8.284037182319022;0;0;0.0
1;0;1;0;58;1;0;0;0;0;2;0;0;0;1;0;1;3.937690752176724;7.9653893109216884;0;0;0.03
0;0;0;0;47;1;0;2;1;1;1;1;1;1;2;1;3;3.070375816549757;6.852982253134845;0;0;0.0
1;0;0;0;18;1;0;1;0;0;0;2;0;0;0;1;0;4.3425058765115985;7.225517862222083;0;0;0.11
1;0;0;0;5;1;0;1;0;0;2;0;2;2;0;0;0;4.579852378003801;6.201624170863897;1;1;0.92
1;0;1;0;23;1;0;0;2;0;0;0;0;2;0;1;0;4.110053855927281;7.249215057114389;0;0;0.08
0;0;0;0;1;1;0;2;1;1;1;1;1;1;0;0;3;3.0032042883926917;3.0032042883926917;0;0;0.03333333333333333
1;0;1;0;71;1;2;1;0;0;2;0;2;2;1;1;1;4.6016640466588035;8.848487761310901;0;0;0.09
1;0;1;1;72;1;2;1;2;2;2;2;2;2;2;1;1;4.732683506287051;9.003027107867489;0;0;0.01
1;0;1;1;33;1;0;2;1;1;1;1;1;1;1;0;3;3.0726933146901194;6.538501552836545;0;0;0.0
1;0;0;0;2;1;2;1;0;0;0;0;2;0;0;1;2;4.4618770161616155;5.206750173022546;1;1;0.96
1;0;0;1;24;0;1;0;2;0;0;2;0;0;2;0;3;3.6041382256588457;6.723592027308811;0;0;0.0
0;0;1;1;56;1;2;1;0;2;2;2;0;2;1;1;1;4.612642200826793;8.632199040925325;0;0;0.03
1;0;0;0;37;1;0;1;0;2;0;0;2;2;0;1;1;4.575741375297279;8.201879525129897;0;0;0.15
0;0;0;0;43;1;2;0;0;2;2;2;2;2;1;0;1;4.455509411433685;8.206106010518134;0;0;0.01
1;0;0;0;1;0;1;0;0;0;0;0;0;0;0;0;3;3.2714682749873716;3.2714682749873716;0;1;0.68
0;0;1;0;25;1;2;1;0;0;2;2;2;2;0;1;0;4.662967284714308;7.850687941802713;1;1;0.85
0;0;0;0;61;1;2;0;2;2;2;2;2;2;2;0;2;4.50700593720086;8.577290615464818;0;0;0.01
1;0;0;0;17;1;2;1;0;0;2;2;0;0;1;0;2;4.4744918623459755;7.2522311154638714;0;0;0.09
0;0;1;0;41;1;0;1;0;2;2;2;0;0;1;1;0;4.468204330914934;8.113741055918576;0;0;0.04
1;0;0;0;1;1;0;0;0;2;0;0;0;0;0;0;3;3.9444901955656477;3.9444901955656477;1;1;0.88
1;1;1;1;72;0;1;0;2;2;2;2;2;2;2;1;0;4.186619838331271;8.462388476041804;0;0;0.01
1;0;0;0;1;1;2;1;0;2;0;0;0;2;0;1;1;4.520156811661135;4.520156811661135;1;1;0.75
1;0;0;0;48;1;2;1;0;2;2;0;2;2;2;1;0;4.692264892839025;8.530790329922262;0;0;0.45
1;1;1;0;11;1;0;2;1;1;1;1;1;1;0;0;3;3.0421386463681466;5.374120329963537;1;1;0.62
0;1;1;0;55;1;2;1;0;2;2;0;0;0;0;1;2;4.4595662121293;8.492018962867517;1;1;0.81
0;0;0;0;42;0;1;0;2;2;2;2;0;2;1;1;2;4.020877410340228;7.76193653719278;0;0;0.02
1;0;0;0;44;1;2;1;0;0;2;0;0;2;0;1;3;4.515245478460105;8.309922989258318;0;0;0.12
1;0;0;1;1;1;0;0;0;0;0;0;0;0;0;0;2;3.8066624897703196;3.8066624897703196;0;0;0.16
0;0;0;0;27;1;2;1;0;0;0;0;2;2;0;1;0;4.570578741218473;7.861823375190322;0;0;0.25
1;1;1;0;27;1;2;0;0;2;2;2;2;2;0;1;0;4.4520190064939165;7.745240870413761;0;0;0.06
0;1;0;0;2;1;0;0;0;0;0;0;0;0;0;1;2;3.8133070324889884;4.5031374604229395;0;0;0.17
0;0;0;0;19;1;0;2;1;1;1;1;1;1;0;0;3;3.039749158970765;5.909576387635298;0;0;0.01
0;1;1;0;42;1;2;1;0;0;0;0;2;2;0;1;2;4.564868889214566;8.28033096796109;0;0;0.22
0;0;0;0;66;1;2;0;2;2;2;2;2;2;2;1;1;4.511408806173617;8.69399118806683;0;0;0.0
1;1;1;0;33;1;2;1;2;0;2;2;2;2;0;1;0;4.7086288943563215;8.214925260636038;0;0;0.18
0;0;0;0;34;1;0;1;0;2;0;0;0;0;0;1;1;4.316821224548606;7.834174543652333;1;1;0.78
1;1;0;0;33;0;1;0;0;0;2;2;2;2;0;1;2;4.018183201256536;7.498149651967252;0;0;0.07
0;0;1;1;23;1;0;2;1;1;1;1;1;1;1;0;3;3.0469005601283903;6.030925615988895;0;0;0.0
0;0;0;0;32;1;0;2;1;1;1;1;1;1;1;0;0;3.0325462466767075;6.437991620941009;0;0;0.0
0;0;0;0;11;1;0;2;1;1;1;1;1;1;1;0;1;3.0469005601283903;5.4752075333447845;0;0;0.0
1;0;1;1;69;1;2;1;0;0;2;0;2;2;0;1;1;4.609660091260944;8.854893245389706;1;0;0.41
0;0;1;0;68;1;0;0;2;0;0;2;0;0;1;0;0;4.041295341132285;8.255776477880534;0;0;0.0
1;0;0;0;20;1;0;2;1;1;1;1;1;1;2;1;3;3.0301337002713233;6.041206639002796;0;0;0.0
1;0;0;0;72;1;0;2;1;1;1;1;1;1;2;1;1;3.0349529867072724;7.292847597282364;0;0;0.0
1;0;1;1;60;1;2;1;2;0;2;0;2;0;1;1;0;4.5685062016165;8.66785206770135;0;0;0.04
1;1;1;1;32;1;0;1;0;2;0;0;2;2;0;1;3;4.553350437258295;7.9594331804610325;0;0;0.18
0;0;0;0;1;1;0;2;1;1;1;1;1;1;0;1;3;3.039749158970765;3.039749158970765;1;1;0.905
1;0;0;0;1;1;0;2;1;1;1;1;1;1;0;1;3;3.0252910757955354;3.0252910757955354;1;1;0.6825
1;1;0;0;3;1;2;1;0;2;0;0;0;0;0;1;2;4.410978456623649;5.458308102856978;1;1;0.97
0;0;1;0;46;1;2;2;1;1;1;1;1;1;1;1;0;3.2367157429965316;6.972746822489577;0;0;0.02
0;0;1;0;29;1;2;1;0;0;0;0;0;0;0;1;2;4.330075229041782;7.67324637666525;0;0;0.18
1;0;0;0;51;1;2;1;0;2;2;2;0;0;0;1;2;4.481306198765705;8.406038142050075;0;0;0.19
0;1;1;0;48;1;0;1;0;0;0;0;0;0;0;1;0;4.271793154274181;8.173589586929555;0;0;0.17
0;0;1;1;16;1;0;1;0;2;0;0;0;0;0;0;0;4.307437777682809;7.0873648282726185;0;0;0.11
1;0;1;0;70;1;2;1;0;2;2;2;0;2;2;1;0;4.602165676967792;8.833448143354206;0;0;0.02
0;0;1;1;40;1;2;2;1;1;1;1;1;1;2;1;3;3.250374491927572;6.933130585313365;0;0;0.01
0;0;1;1;22;1;0;1;0;2;0;0;0;2;0;0;2;4.4343818650078095;7.521263836881865;1;1;0.77
0;1;0;0;1;1;0;1;0;0;2;0;0;0;0;1;0;4.334672938290411;4.334672938290411;1;1;0.98
0;0;1;1;5;1;2;2;1;1;1;1;1;1;0;1;3;3.2308043957334744;4.892227063045954;0;0;0.08
0;0;0;0;7;1;0;1;0;0;0;0;0;0;0;1;0;4.260564966136689;6.246978478452642;0;0;0.17
1;0;0;1;29;1;2;1;0;2;2;2;0;2;1;0;1;4.620551288026394;7.948544226913045;0;0;0.01
1;0;1;1;44;1;2;2;1;1;1;1;1;1;1;0;3;3.2846635654062037;7.013465733404251;0;0;0.0
0;0;0;0;10;0;1;0;2;2;2;0;0;0;0;0;0;3.730501128804756;6.109914027307526;0;0;0.09
0;1;1;0;55;1;2;0;0;0;0;0;0;0;0;0;0;3.9636662385799846;7.951400867896387;0;0;0.09
1;1;1;0;52;1;2;1;0;2;2;0;2;2;1;1;0;4.664382045619937;8.589960264967118;0;0;0.17
0;0;1;1;10;1;2;1;0;0;0;0;0;2;0;0;2;4.465333240800292;6.756467164768355;0;0;0.22
1;0;0;0;18;1;2;1;0;0;0;0;0;0;0;1;0;4.338597076746545;7.24140209929983;0;0;0.43
0;0;1;0;68;1;2;0;2;0;0;2;0;0;1;0;0;4.081765780015241;8.288207608618395;0;0;0.0
0;0;1;1;61;1;0;2;1;1;1;1;1;1;0;1;3;3.0155349008501706;7.076273675632399;1;1;0.64
0;0;1;1;72;0;1;0;2;2;2;2;2;2;2;1;1;4.192680462942962;8.473335343352353;0;0;0.01
1;0;0;0;2;1;0;0;2;0;2;0;0;0;0;0;2;3.9972828493789696;4.791649752930709;0;0;0.11
1;0;0;0;12;1;0;0;0;0;0;0;0;0;0;1;0;3.8372994592322094;6.25363648538967;1;1;0.7
1;0;1;0;41;1;0;2;1;1;1;1;1;1;2;1;2;3.0325462466767075;6.802894638365962;0;0;0.0
0;0;0;0;26;0;1;0;0;0;2;2;2;0;0;1;1;3.816612820623488;7.077329262953589;0;0;0.07
1;0;1;0;36;1;0;2;1;1;1;1;1;1;1;0;0;3.084200921541599;6.580708483008079;0;0;0.01
1;0;1;1;72;1;2;1;2;2;2;2;2;2;2;1;1;4.745366816481375;9.044191332181782;0;0;0.0
1;0;1;0;35;1;2;1;0;0;0;2;0;2;0;1;0;4.50920979484218;8.059023266876045;0;0;0.07
1;0;0;0;1;1;0;0;0;0;2;2;0;0;0;0;3;4.026244149518169;4.026244149518169;0;0;0.19
0;0;1;1;16;1;2;1;2;0;2;2;2;2;0;1;2;4.735759755691693;7.540913573103083;0;0;0.24
0;1;0;0;49;1;2;1;2;0;0;0;2;2;0;0;1;4.63035048451839;8.531372192589506;0;0;0.14
0;0;1;0;54;1;2;1;2;2;2;2;2;2;1;1;3;4.750568388677448;8.707896192238108;0;0;0.02
0;0;0;1;18;1;2;0;2;0;0;0;0;2;0;0;2;4.186619838331271;7.062791281081669;0;0;0.1
0;0;1;0;36;1;0;1;0;0;0;0;0;2;0;0;2;4.399375273008495;7.985705571202151;0;0;0.25
0;0;0;0;60;1;2;1;0;2;2;0;2;2;0;1;2;4.671893818030999;8.763654752450451;1;0;0.28
0;0;0;0;1;1;0;1;0;0;0;0;0;0;0;0;3;4.256321678298823;4.256321678298823;1;1;0.97
0;0;1;1;52;1;2;2;1;1;1;1;1;1;2;1;0;3.260017768199376;7.14775594736277;0;0;0.01
1;0;1;1;8;1;0;1;0;0;2;0;2;2;0;1;2;4.561740628060756;6.634041855757752;0;0;0.3
1;0;1;1;72;1;0;1;2;2;0;2;2;2;2;0;0;4.66814498514948;8.937553480141082;0;0;0.03
0;0;0;0;64;1;2;2;1;1;1;1;1;1;1;0;3;3.246490991901174;7.404735495926075;0;0;0.01
0;1;0;0;22;1;0;0;2;0;2;2;0;2;0;1;3;4.259152536523347;7.343684927894121;0;0;0.11
1;0;1;0;60;0;1;0;0;2;2;2;2;2;0;1;0;4.11414718951828;8.184067349365797;0;0;0.03
0;0;1;1;28;1;0;1;0;0;0;0;0;2;0;1;2;4.4073288175361;7.70890448334336;1;0;0.36
0;0;1;0;61;1;2;2;1;1;1;1;1;1;2;0;3;3.2347491740244907;7.257637202513267;0;0;0.0
0;0;0;0;24;1;2;1;0;2;2;0;2;2;0;1;2;4.655387902148709;7.822304495297989;0;0;0.29
1;0;1;1;28;1;0;1;0;2;2;2;2;0;1;0;0;4.542230386214217;7.926367914605402;0;0;0.02
0;0;1;1;30;1;0;0;0;2;2;2;2;2;2;0;0;4.404277243608702;7.770771808396797;0;0;0.01
1;0;1;0;2;1;0;2;1;1;1;1;1;1;0;0;3;3.044522437723423;3.6635616461296463;0;0;0.13
1;0;0;0;1;1;2;1;0;0;0;0;0;0;0;1;2;4.33204826486764;4.33204826486764;0;0;0.37
1;0;0;1;6;1;0;2;1;1;1;1;1;1;0;0;3;3.027715319407042;4.623991940228679;0;0;0.0
0;0;1;0;24;1;0;0;0;2;0;0;2;2;0;1;0;4.254903238344689;7.387121194929835;0;0;0.05
1;0;1;1;4;1;2;1;0;0;2;0;2;2;0;0;2;4.626442321263631;5.9581662617064675;1;1;0.94
1;0;0;0;7;1;2;1;0;2;0;0;2;2;0;1;2;4.613138355637268;6.513600962019839;1;1;0.95
1;1;1;0;72;1;2;1;2;2;2;2;2;2;2;1;0;4.76260119393692;9.036689119229727;0;0;0.0
1;0;0;0;70;0;1;0;0;0;0;2;0;2;2;1;3;3.714790835898437;7.9376425174388325;0;0;0.05
1;1;1;0;64;1;2;1;0;0;2;2;2;2;2;0;2;4.635699391022914;8.785608343055493;0;0;0.04
1;0;1;1;72;1;2;1;0;2;0;0;2;0;1;1;2;4.507557357121091;8.793301040214356;0;0;0.04
0;0;0;1;44;1;0;2;1;1;1;1;1;1;2;0;3;3.039749158970765;6.767458193443415;0;0;0.0
0;0;1;1;13;1;0;0;0;0;0;0;0;2;0;0;2;4.0421736898931915;6.600346576346323;1;0;0.21
0;1;0;0;17;1;0;2;1;1;1;1;1;1;1;0;3;3.075005454448499;5.80392942326114;0;0;0.01
1;0;0;0;1;1;0;0;0;0;0;0;0;2;0;1;2;4.02535169073515;4.02535169073515;1;1;0.7
1;0;1;0;9;1;0;0;0;0;2;0;2;2;0;1;3;4.263383854543109;6.33753344525949;0;0;0.14
1;0;1;0;24;1;0;0;2;0;0;2;0;0;0;0;3;4.000033882750859;7.182618033971659;0;0;0.08
0;0;1;1;1;1;0;1;0;2;0;0;0;0;0;1;2;4.3267781604434035;4.3267781604434035;1;1;0.94
1;0;0;0;24;1;2;1;0;2;0;0;0;0;0;1;2;4.3975308212098465;7.529674950253715;1;1;0.86
1;1;1;1;35;1;0;0;0;2;0;2;2;2;0;1;2;4.344454561766125;7.9187014308976735;0;0;0.14
0;0;1;1;7;1;0;0;2;2;2;2;2;0;0;1;2;4.33990170837321;6.319058199778656;0;0;0.08
1;0;0;0;5;1;0;1;0;0;0;2;2;2;0;1;2;4.575741375297279;6.118977867406942;1;1;0.84
0;0;0;1;15;1;0;1;0;0;0;0;0;0;0;0;0;4.248495242049359;6.903546434208082;1;0;0.33
1;0;1;1;11;1;0;2;1;1;1;1;1;1;2;0;3;3.027715319407042;5.423848088995246;0;0;0.01
0;0;1;0;48;0;1;0;2;0;2;0;0;2;0;1;0;3.835141961092188;7.671360923190644;1;0;0.1
0;1;0;0;20;1;0;1;0;0;0;0;0;2;0;1;2;4.412192049005608;7.422134580947425;0;0;0.09
0;0;1;0;72;1;2;1;0;2;2;2;2;2;1;1;0;4.695924549256556;8.98779664073394;0;0;0.12
0;0;1;1;8;1;0;1;0;2;0;0;2;0;0;1;2;4.4373430753445895;6.52363572489335;1;1;0.9
1;0;1;1;72;1;2;1;0;0;0;0;0;2;2;1;1;4.448516375942715;8.721251777852979;0;0;0.13
0;0;0;0;15;1;2;1;0;2;0;0;2;2;0;1;2;4.6166045636137545;7.255591274253665;0;0;0.3
1;0;0;0;72;1;2;0;0;2;2;2;2;2;2;1;0;4.4953553199808844;8.7327802643248;0;0;0.0
1;0;0;1;1;1;2;1;0;0;0;0;0;0;0;1;2;4.3221439250725044;4.3221439250725044;1;1;1.0
1;0;1;1;63;1;2;1;0;2;2;0;2;2;2;1;0;4.661550519424199;8.794559741340487;0;0;0.08
0;0;0;0;2;1;0;0;0;2;0;0;2;0;0;1;2;4.0943445622221;4.746235626266694;0;0;0.17
0;0;1;0;2;1;0;1;2;0;0;0;0;0;0;1;2;4.32280727501391;4.944495491591711;1;1;0.51
1;1;1;0;61;1;2;0;0;2;0;0;0;2;1;0;0;4.1751562049585145;8.269654483267306;0;0;0.0
1;0;0;0;1;1;0;2;1;1;1;1;1;1;0;0;3;3.0633909220278057;3.0633909220278057;0;0;0.0
1;0;0;0;22;0;1;0;0;2;2;0;0;2;1;1;0;3.8010914447208646;6.8074928570437425;1;1;0.7
1;0;1;0;28;1;0;0;2;2;0;2;0;0;0;0;3;4.12552017969055;7.48809763699502;0;0;0.01
0;0;1;0;70;1;0;2;1;1;1;1;1;1;2;0;0;3.0349529867072724;7.2432627646664995;0;0;0.0
0;1;0;0;5;0;1;0;0;2;0;0;0;0;0;0;2;3.3826939100975957;4.883180638743141;1;1;0.76
0;0;0;0;12;1;2;1;2;2;2;0;0;2;0;1;0;4.612145799724517;7.122423011815303;1;1;0.85
1;0;0;0;34;1;2;1;2;2;2;2;2;2;1;0;1;4.764308407326388;8.268744652548376;0;0;0.05
0;1;1;0;71;1;2;1;2;0;0;0;0;0;2;1;1;4.403054001865957;8.644178203170727;0;0;0.02
0;0;1;1;70;1;2;0;2;0;0;0;0;2;1;0;0;4.192680462942962;8.421595970419531;0;0;0.01
0;0;1;1;52;1;0;1;2;0;2;2;0;0;0;1;0;4.44323931884187;8.372814608737682;0;0;0.07
1;0;0;1;69;1;2;0;2;2;2;2;2;0;2;1;1;4.387635873438392;8.613148617549824;0;0;0.12
0;1;0;0;20;1;2;1;0;2;2;0;0;2;0;1;2;4.554928969551344;7.486276933700779;1;1;0.88
1;0;0;1;11;1;2;1;0;0;2;0;0;0;0;1;3;4.3694478524670215;6.74852505341158;0;0;0.17
1;0;1;0;2;1;0;1;0;0;0;2;2;2;0;1;2;4.55597994179732;5.126935749792416;1;1;0.87
0;0;1;1;6;1;2;1;0;0;0;2;0;0;0;1;2;4.400603020246817;6.222278604726411;1;1;0.89
0;0;0;0;1;1;0;2;1;1;1;1;1;1;0;0;3;3.0373539482448106;3.0373539482448106;0;0;0.1433888888888889
1;1;1;1;20;1;0;1;2;0;2;2;0;2;1;0;1;4.557029810660157;7.506207090702758;0;0;0.06
1;0;0;0;61;1;2;1;2;0;2;0;2;2;0;1;2;4.67702562308852;8.748487435403822;0;0;0.25
0;1;1;0;5;1;2;1;0;0;0;0;0;0;0;1;2;4.3221439250725044;5.81651574464344;1;1;0.89
0;0;0;0;56;1;2;1;0;2;0;2;2;2;0;1;0;4.667675391339489;8.685745384124193;0;0;0.1
1;0;0;0;30;1;2;1;2;2;2;2;0;0;0;1;1;4.564348191467836;7.956266544680714;0;0;0.0
1;0;0;0;40;1;2;1;0;0;2;2;2;2;0;0;0;4.661550519424199;8.326746716688735;1;1;0.83
0;0;0;0;28;1;0;0;2;0;0;2;0;0;1;0;3;4.012772908528289;7.344266755495627;0;0;0.0
0;1;1;0;5;1;0;1;0;0;0;0;0;0;0;0;2;4.263383854543109;5.715711045521475;0;0;0.2
0;1;1;0;27;1;0;1;2;0;0;0;0;0;0;1;0;4.333361462692601;7.565456612607783;1;1;0.64
1;0;0;0;12;1;0;2;1;1;1;1;1;1;0;0;1;3.0469005601283903;5.5851866087427915;0;0;0.01
1;0;1;1;67;1;2;1;0;2;2;0;2;2;1;1;2;4.667205576907544;8.852300210838106;0;0;0.28
1;1;1;0;29;1;2;0;0;0;0;0;0;0;0;1;2;3.9627161197436642;7.274479558773871;0;0;0.05
1;0;1;1;55;1;2;1;0;0;0;0;0;2;0;0;0;4.460144413937834;8.458376933523704;0;0;0.11
0;0;0;0;23;1;2;1;0;0;0;0;0;0;0;0;0;4.338597076746545;7.472841789474565;1;1;0.79
1;0;1;0;34;1;2;1;0;0;2;0;2;2;0;1;2;4.61561544384963;8.15507488781144;1;0;0.48
1;0;0;0;52;1;0;1;2;0;2;0;2;0;1;0;2;4.524502282920636;8.463644724458563;0;0;0.11
1;1;1;1;72;1;2;1;2;2;2;2;2;2;2;1;1;4.760034896549007;9.036004841814826;0;0;0.01
1;0;1;1;58;1;2;1;0;2;0;2;2;0;1;1;1;4.5612182984589085;8.599943000811983;0;0;0.03
1;0;1;1;35;1;0;2;1;1;1;1;1;1;2;0;3;3.0252910757955354;6.5337161608738255;0;0;0.0
0;1;0;0;56;1;2;1;0;2;2;2;2;0;2;1;0;4.6141299273595635;8.649501336178066;0;0;0.06
0;0;1;1;24;1;0;2;1;1;1;1;1;1;2;1;1;3.095577608523707;6.197767081226165;0;0;0.0
1;0;1;1;70;1;0;2;1;1;1;1;1;1;2;0;1;3.0469005601283903;7.21615867424717;0;0;0.0
1;0;0;0;2;1;0;1;0;0;0;0;2;0;0;1;2;4.393831680123644;5.167354102029224;0;1;0.97
1;1;1;1;68;1;2;1;0;0;2;2;2;2;1;1;1;4.683519152399068;8.906637312803555;0;0;0.07
0;0;0;0;1;1;2;1;0;0;0;0;0;2;0;1;2;4.454347296253507;4.454347296253507;1;1;0.95
1;0;0;0;12;1;2;1;0;0;2;0;2;0;0;1;2;4.505902184329423;6.930250356809508;0;0;0.21
0;0;1;0;63;1;2;1;0;2;0;0;0;0;0;1;0;4.413404170366137;8.523185203402234;0;0;0.07
0;0;1;1;33;1;0;0;2;2;2;0;0;0;1;1;3;4.085135623136791;7.5788613286652025;0;0;0.01
0;0;1;0;69;1;0;1;0;2;0;0;2;2;1;1;1;4.57109620565434;8.81658641979603;0;0;0.07
0;0;1;1;60;1;0;0;0;2;2;2;2;2;2;1;0;4.401829261970061;8.50667810111647;0;0;0.0
0;0;1;1;72;1;2;1;2;2;2;2;2;2;2;1;0;4.73707525686803;9.017907871431499;0;0;0.0
0;0;0;0;11;1;2;0;0;0;0;0;0;2;0;1;3;4.093510881473524;6.401253626696201;0;0;0.12
0;0;0;0;1;1;0;2;1;1;1;1;1;1;0;0;3;3.022860940942244;3.022860940942244;0;0;0.08866666666666666
1;0;0;0;10;1;2;1;0;0;0;0;2;0;0;1;0;4.466482666214198;6.727551478159183;1;1;0.86
1;0;0;0;13;0;1;0;2;0;0;2;2;0;0;1;1;3.840527003723076;6.393590753950631;1;1;0.69
1;0;1;1;34;1;0;1;0;0;0;0;0;2;1;1;0;4.381401439279963;7.881635442905656;0;0;0.08
1;0;1;1;39;1;0;1;0;2;0;0;2;0;0;1;3;4.469350462845557;8.09162741160107;1;1;0.67
0;0;0;0;65;1;2;1;0;2;0;2;2;2;1;1;0;4.663910681010692;8.816593832447202;0;0;0.06
1;1;1;0;50;1;2;1;2;2;2;0;2;0;1;1;0;4.633757642840004;8.569121284276596;0;0;0.04
1;0;0;0;15;1;0;2;1;1;1;1;1;1;0;0;3;3.0325462466767075;5.744924417987376;0;0;0.03
1;0;1;1;72;1;2;1;2;2;2;0;2;2;2;1;0;4.712229258281499;8.983176248984876;0;0;0.04
0;0;1;1;72;1;2;1;2;2;2;2;2;2;2;1;0;4.758749273916392;9.014495789849754;0;0;0.0
1;0;1;1;55;1;0;2;1;1;1;1;1;1;2;0;0;3.013080911888604;7.051206061387099;0;0;0.0
0;0;1;1;23;1;2;2;1;1;1;1;1;1;2;1;1;3.2809112157876537;6.245622151951361;0;0;0.02
1;0;0;0;32;1;2;1;0;2;0;0;0;0;0;1;0;4.3987608336650466;7.862169968947402;1;0;0.37
0;0;1;1;56;1;2;0;2;0;2;0;0;2;1;1;0;4.244917420701475;8.245121966478605;0;0;0.0
0;0;0;0;1;1;0;2;1;1;1;1;1;1;0;0;0;3.039749158970765;3.039749158970765;0;0;0.10833333333333334
1;0;0;0;38;1;0;0;2;2;0;2;2;0;1;0;3;4.2710950739666;7.904408667340748;0;0;0.04
1;0;0;0;11;1;0;1;0;0;0;0;0;0;0;0;2;4.26549281841793;6.634699058725675;0;0;0.09
1;0;0;0;1;1;0;0;0;0;0;2;0;0;0;1;2;3.9180050771056933;3.9180050771056933;0;0;0.3
1;0;1;0;56;1;2;1;0;2;0;2;2;2;1;1;2;4.684443366882599;8.70521513674627;0;0;0.11
1;0;1;0;3;1;2;2;1;1;1;1;1;1;0;1;3;3.202746442938317;4.500365071621965;0;0;0.18
1;0;1;1;7;1;0;0;2;0;0;0;2;2;0;0;1;4.258445572902527;6.248332967823813;0;0;0.08
1;0;1;1;59;1;2;1;0;0;2;0;2;2;2;1;1;4.61015772749913;8.67637405576855;0;0;0.06
1;0;0;0;7;1;0;0;0;0;2;2;2;0;0;0;0;4.178992036282385;6.1024467315338615;0;0;0.06
1;0;1;1;71;1;0;0;2;0;2;2;0;2;2;1;1;4.274580612525034;8.512060039304489;0;0;0.0
1;0;1;1;15;1;0;1;2;0;0;2;2;2;1;0;2;4.633757642840004;7.419530451783716;0;0;0.11
1;0;1;0;71;1;2;0;2;2;0;2;2;0;2;0;1;4.310799125385514;8.586486017912186;0;0;0.01
0;0;0;0;35;1;2;1;0;0;2;0;2;2;0;1;2;4.617592705986649;8.168656470693966;1;1;0.81
0;0;0;0;11;0;1;0;0;2;2;2;0;0;1;1;1;3.7232808808312687;6.048789613727251;0;0;0.08
0;0;1;1;60;1;0;2;1;1;1;1;1;1;2;1;1;3.0081547935525483;7.006921650476636;0;0;0.0
1;1;0;0;47;1;2;0;0;2;0;2;0;0;2;0;0;4.104294893075269;7.9211727215870145;0;0;0.01
0;0;0;0;11;1;0;0;0;0;2;2;0;2;1;0;1;4.188138441508461;6.548577204825286;0;0;0.03
1;0;1;0;56;1;2;1;0;2;0;0;2;2;1;0;1;4.618086411254637;8.633277006436819;1;1;0.71
0;1;1;0;28;1;2;1;0;2;2;2;2;2;0;1;2;4.717158687936139;8.072592166559476;0;0;0.28
1;0;1;0;61;1;0;0;2;2;0;2;2;2;2;1;3;4.4073288175361;8.465615646106905;0;0;0.0
1;0;1;1;31;1;2;1;2;0;2;0;2;0;1;0;0;4.59562477314456;8.033690863299137;0;0;0.05
1;0;0;0;9;1;0;1;0;0;0;0;0;0;0;1;2;4.269697449699962;6.395094639270416;0;0;0.24
1;1;1;0;35;1;2;1;2;2;0;0;0;2;0;1;2;4.559649670686282;8.121599203103337;0;0;0.2
1;0;0;0;2;1;0;2;1;1;1;1;1;1;0;1;3;3.027715319407042;3.6838669122903918;0;0;0.05
0;0;1;1;12;1;0;2;1;1;1;1;1;1;0;0;3;2.995732273553991;5.457668784774467;1;1;0.58
0;0;0;0;1;1;0;1;2;0;0;0;0;0;0;0;3;4.334672938290411;4.334672938290411;1;1;0.56
0;1;0;0;4;1;2;1;0;0;2;0;2;0;0;1;2;4.502029427068578;5.849900982786195;1;1;0.85
0;0;1;1;1;1;0;2;1;1;1;1;1;1;0;1;3;2.995732273553991;2.995732273553991;0;0;0.11
0;0;0;0;3;1;0;2;1;1;1;1;1;1;0;1;3;3.044522437723423;4.138361447638875;0;0;0.02
0;1;0;0;1;1;2;1;0;0;0;0;2;0;0;1;2;4.462453883786496;4.462453883786496;1;1;0.92
1;0;0;0;52;1;0;0;2;2;0;0;2;0;2;1;1;4.162781723775329;8.114758486993102;0;0;0.01
1;0;1;1;5;1;0;2;1;1;1;1;1;1;1;0;3;3.0492730404820207;4.455509411433685;0;0;0.0
1;0;1;0;72;1;2;1;2;2;2;0;0;2;2;1;2;4.606669062111827;8.912352038668999;0;0;0.02
1;0;1;1;71;1;2;0;2;2;2;2;2;2;2;0;2;4.515245478460105;8.80523269998012;0;0;0.0
1;0;1;0;72;1;2;1;2;0;2;2;2;2;2;1;1;4.726502471155617;8.996162756265996;0;0;0.02
1;0;1;1;46;1;2;2;1;1;1;1;1;1;1;0;2;3.254242968705492;7.069704045968154;0;0;0.0
1;0;1;1;63;1;2;0;2;2;2;0;2;2;2;0;1;4.436751534363128;8.600798775271034;0;0;0.0
1;0;0;0;30;1;0;1;2;2;2;0;0;0;0;1;1;4.446174454497633;7.799589370422301;0;0;0.15
1;0;0;0;1;1;0;0;0;0;0;0;0;0;0;0;3;3.8416005411316;3.8416005411316;0;0;0.26
0;0;0;0;12;1;2;0;2;0;2;2;0;0;0;1;3;4.137563681342077;6.571932831202421;1;0;0.21
1;0;0;0;16;0;1;0;2;2;2;2;2;0;2;0;3;4.02266952551521;6.821271035760359;0;0;0.02
1;0;0;0;4;1;2;0;0;0;0;2;0;2;0;0;3;4.197953544841121;5.473110656921199;0;0;0.15
1;0;1;0;51;1;2;1;0;2;0;0;0;2;1;1;1;4.514698282824016;8.437186316434035;0;0;0.06
1;0;1;0;65;1;0;2;1;1;1;1;1;1;2;1;1;3.0633909220278057;7.255202780720728;0;0;0.0
1;0;0;0;16;1;0;1;0;0;0;2;0;0;0;1;1;4.3247946887187485;7.066040257947851;0;0;0.19
1;0;0;0;2;1;0;2;1;1;1;1;1;1;1;0;3;3.0421386463681466;3.885679030088544;0;0;0.0
0;0;1;1;66;1;2;1;0;0;0;0;0;0;1;1;0;4.3208159036289855;8.48884515590075;0;0;0.01
1;0;0;0;46;1;2;1;0;2;2;2;2;2;2;0;2;4.697293474863897;8.4978472598187;0;0;0.04
0;0;0;0;32;1;2;1;2;0;2;2;2;2;1;1;0;4.705467907303455;8.19118600464279;0;0;0.32
1;0;1;0;72;1;2;0;2;0;2;2;2;2;2;0;1;4.473351611367243;8.715265058301425;0;0;0.0
1;0;1;1;38;1;0;0;2;0;2;2;2;2;2;0;1;4.406719247264253;8.034598627991073;0;0;0.08
1;0;0;1;51;1;0;0;0;0;0;2;0;0;1;0;1;3.888754378488792;7.765463053423995;0;0;0.0
1;0;1;1;72;1;2;1;2;2;2;2;2;2;2;0;0;4.74970333672039;9.024859830841061;0;0;0.0
0;1;1;0;65;1;2;1;2;0;2;0;2;2;0;0;0;4.665794807804526;8.82282323116865;1;1;0.75
1;0;1;1;9;0;1;0;0;2;0;0;0;0;0;1;2;3.432372999130605;5.521260897859579;1;0;0.33
0;0;1;1;9;1;0;0;2;2;2;2;0;0;0;0;3;4.189654742026425;6.49835744784626;1;1;0.77
1;0;0;1;66;1;0;2;1;1;1;1;1;1;2;0;3;3.070375816549757;7.2138419431100225;0;0;0.0
0;1;0;0;44;1;2;1;2;2;2;0;2;2;1;1;1;4.707726774313183;8.489071456099213;0;0;0.16
1;0;0;0;50;1;2;0;0;0;2;2;0;2;2;0;0;4.255612709818223;8.137161884564883;0;0;0.01
0;0;0;0;15;1;2;0;0;0;0;0;0;0;0;0;3;3.9090184964078474;6.449522105335317;0;0;0.1
1;0;0;0;8;0;1;0;0;0;0;0;0;0;0;1;1;3.2676659890376327;5.2327116094500425;0;0;0.1
0;1;0;0;66;1;2;1;0;0;2;2;2;2;1;1;1;4.642947550322122;8.850481794220427;0;0;0.15
0;0;0;0;57;1;2;1;2;2;0;2;0;0;0;1;0;4.4835673642288425;8.494098551387365;0;0;0.07
0;0;0;0;7;1;2;1;0;2;0;0;0;0;0;1;0;4.376385754783795;6.261396259920951;0;1;0.77
1;1;1;1;10;0;1;0;0;0;0;0;0;2;0;1;0;3.5709401562492498;5.896054362303324;0;0;0.11
0;0;0;0;62;1;2;1;2;2;2;0;0;0;1;1;2;4.5331369830882595;8.658137043756215;0;0;0.09
1;0;1;1;40;1;0;1;0;0;2;0;2;0;1;1;2;4.454928522657548;8.118698731788875;0;0;0.38
0;0;0;0;20;1;0;2;1;1;1;1;1;1;2;0;3;3.0301337002713233;6.011144617874809;0;0;0.0
0;0;0;0;7;1;0;2;1;1;1;1;1;1;0;0;0;3.044522437723423;4.931592086755803;1;1;0.69
0;0;1;0;25;1;0;1;0;0;0;2;2;2;0;1;2;4.565909472034789;7.781848070156106;0;0;0.1
1;0;1;0;23;1;2;1;0;2;2;0;0;0;0;0;2;4.445588116163626;7.585331864551124;0;0;0.1
0;1;1;0;66;1;2;1;0;2;2;0;2;2;1;0;1;4.659658371272161;8.827680731065456;0;0;0.27
0;1;0;0;72;1;2;1;0;2;2;2;2;2;2;0;2;4.724285666878253;8.980228850646334;0;0;0.09
1;1;1;0;49;1;2;1;0;2;0;0;0;2;0;0;1;4.511408806173617;8.422497822576913;1;1;0.84
1;1;1;1;43;1;2;1;0;2;2;2;2;2;0;1;0;4.716264233493678;8.452953292353323;1;1;0.84
0;0;1;0;46;1;2;0;2;0;0;0;0;0;0;0;0;4.02535169073515;7.813975472778525;0;0;0.03
1;0;1;1;72;1;2;0;2;2;2;2;2;2;2;0;1;4.50920979484218;8.789340217480893;0;0;0.0
1;0;0;0;10;1;0;2;1;1;1;1;1;1;1;0;3;3.0610517396746335;5.177843213080163;0;0;0.0
0;0;0;0;40;0;1;0;2;0;0;2;2;2;1;1;0;4.017283516085639;7.712980362947433;0;0;0.01
0;0;1;1;65;1;2;1;0;2;2;0;2;2;0;1;2;4.66814498514948;8.85175646426784;1;1;0.84
1;0;0;0;31;1;0;1;0;0;2;2;2;2;2;0;0;4.609660091260944;8.042667352375865;0;0;0.02
0;0;1;0;68;1;2;0;2;2;2;2;0;0;2;0;1;4.275276264727001;8.499507721360189;0;0;0.01
1;1;1;1;56;1;2;1;2;0;2;0;2;2;1;1;0;4.65918477429433;8.664862915143807;1;1;0.68
1;0;1;0;10;1;2;1;0;0;0;0;0;2;0;1;2;4.457250055911469;6.752620782032146;1;1;0.96
1;0;1;1;68;1;2;2;1;1;1;1;1;1;2;0;0;3.2733640101522705;7.390921894754154;0;0;0.0
0;0;1;1;43;1;0;0;0;0;0;0;2;0;0;0;2;4.04567939024082;7.8241660036568685;1;1;0.68
1;0;0;0;1;1;0;1;0;0;0;0;2;2;0;1;2;4.505902184329423;4.505902184329423;1;0;0.45
0;1;0;0;49;1;0;1;0;2;2;0;0;2;1;1;0;4.50920979484218;8.363622343453988;0;0;0.04
0;0;1;1;15;1;2;2;1;1;1;1;1;1;0;1;2;3.2676659890376327;5.981035351617443;0;0;0.05
1;1;1;0;20;1;2;1;0;0;0;0;2;2;0;1;2;4.559649670686282;7.549951211913027;1;1;0.85
1;0;0;0;1;1;0;0;0;0;0;0;0;0;0;1;3;3.8437441646748516;3.8437441646748516;1;1;0.92
1;0;1;1;50;1;2;0;0;0;2;2;2;0;1;1;2;4.257738109130536;8.14414202904651;0;0;0.01
0;1;0;0;2;1;2;1;0;2;0;0;0;2;0;0;2;4.505349850705881;5.090678001769792;1;1;0.85
1;1;0;0;24;1;0;1;0;0;0;0;0;0;0;0;1;4.2626798770413155;7.4579554502221495;0;0;0.24
0;0;0;0;3;1;0;1;0;0;0;0;0;0;0;1;0;4.256321678298823;5.408516158846112;1;0;0.49
0;0;0;0;1;1;0;1;0;0;2;0;0;0;0;1;3;4.3254562831854875;4.3254562831854875;1;1;0.92
1;0;1;1;35;1;0;2;1;1;1;1;1;1;2;0;3;3.0492730404820207;6.486618001479677;0;0;0.0
0;0;0;0;17;1;2;2;1;1;1;1;1;1;0;0;3;3.250374491927572;6.165942926440911;0;0;0.24
0;1;0;0;8;1;0;2;1;1;1;1;1;1;0;0;2;3.027715319407042;5.107762004826979;1;0;0.15
1;0;0;0;10;1;0;1;0;0;0;2;2;2;0;1;1;4.565389315976247;6.764000375336999;0;0;0.12
1;0;1;1;68;1;2;0;2;2;2;2;2;2;2;1;1;4.498141613229568;8.721553435750755;0;0;0.0
1;0;1;0;45;1;0;0;2;2;2;0;2;2;1;0;0;4.379523504455763;8.188272370947859;0;0;0.07
1;0;1;1;2;1;0;2;1;1;1;1;1;1;1;0;3;3.0373539482448106;3.6082115510464816;1;0;0.01
1;0;1;0;37;1;0;2;1;1;1;1;1;1;0;0;0;3.0610517396746335;6.549149901526457;0;0;0.11
0;0;0;0;4;0;1;0;0;0;0;0;0;0;0;1;3;3.228826155721369;4.57522630961502;1;1;0.8
0;0;0;0;10;1;0;0;0;0;0;0;0;0;0;0;3;3.834061463958434;6.063087290780949;0;0;0.19
1;0;0;0;1;1;0;2;1;1;1;1;1;1;0;0;3;3.0469005601283903;3.0469005601283903;0;0;0.026666666666666665
1;0;1;1;65;1;2;0;2;2;0;0;0;2;2;1;3;4.256321678298823;8.402937676735553;0;0;0.02
0;0;1;1;57;1;0;2;1;1;1;1;1;1;2;0;0;3.0204248861443626;7.063561730120337;0;0;0.0
0;0;0;0;3;1;0;1;0;0;2;0;0;0;0;1;3;4.327438444389479;5.476881874464279;0;0;0.28
0;0;0;0;2;1;0;1;0;0;0;0;0;0;0;0;2;4.257738109130536;4.984633491557255;1;1;0.84
1;0;0;0;49;0;1;0;0;0;2;0;0;0;0;1;0;3.4404180948154366;7.28214243151944;0;0;0.09
0;0;0;0;4;1;0;0;0;0;0;0;0;0;0;0;3;3.8426729272933526;5.257755754791914;1;1;0.86
0;0;1;0;70;0;1;0;0;2;2;2;2;2;2;0;0;4.074141854904581;8.304074225623992;0;0;0.0
0;0;1;1;53;1;0;2;1;1;1;1;1;1;1;1;0;3.0373539482448106;6.947408590858789;0;0;0.01
1;0;1;1;53;1;2;2;1;1;1;1;1;1;2;0;1;3.279029747687948;7.198258368620619;0;0;0.02
0;0;0;0;1;1;2;1;0;0;0;0;0;0;0;1;3;4.331391018705302;4.331391018705302;1;1;0.93
1;0;0;0;22;1;2;2;1;1;1;1;1;1;0;1;1;3.2523106009544382;6.203344906143481;0;0;0.06
1;1;0;0;52;0;1;0;0;2;0;0;2;2;0;1;2;3.9150185144079446;7.844593458743952;1;1;0.56
1;1;0;0;65;1;2;1;2;0;2;2;2;2;2;1;2;4.712678393703377;8.888363567115029;0;0;0.04
0;0;0;0;48;1;2;2;1;1;1;1;1;1;1;0;0;3.2406373166497136;7.094193351287931;0;0;0.0
0;0;0;0;2;0;1;0;0;0;0;0;0;2;0;1;2;3.5751506887855933;4.1470951276076295;1;1;0.92
1;0;0;0;3;1;2;1;0;2;2;0;2;2;0;0;3;4.690889061390629;5.751301990624177;0;0;0.16
1;0;1;0;45;1;2;1;0;2;0;0;0;0;0;0;0;4.411585436915426;8.236645607865055;0;0;0.06
1;0;1;1;1;1;0;1;0;0;0;0;0;2;0;0;2;4.394449154672439;4.394449154672439;1;1;0.81
0;0;1;1;61;1;0;0;0;0;2;2;2;2;2;1;0;4.314817884980432;8.437511251991344;0;0;0.0
1;0;0;0;3;1;0;0;2;0;0;2;2;0;0;1;1;4.180522258463153;5.281425498877819;0;0;0.13
0;1;0;0;40;1;2;1;0;0;2;2;2;2;1;1;1;4.6515765588022475;8.340312804571665;0;0;0.17
0;0;0;0;1;1;0;1;0;0;0;0;0;0;0;0;3;4.278054044290903;4.278054044290903;0;1;0.99
0;0;0;0;1;1;0;0;0;0;0;2;0;0;0;1;2;3.929862923556477;3.929862923556477;0;0;0.28
1;0;0;0;51;1;2;2;1;1;1;1;1;1;1;1;0;3.242592351485517;7.144722836889416;0;0;0.0
1;1;0;0;2;1;0;0;2;0;0;0;0;0;0;1;2;3.917010546939185;4.522874943261261;1;1;0.88
1;0;0;0;52;0;1;0;0;2;0;0;0;0;1;0;3;3.4372078191851885;7.392893795812142;0;0;0.28
1;0;0;0;51;1;2;1;0;0;0;0;0;2;0;0;0;4.4355674016019115;8.330972041081171;0;0;0.07
1;0;0;0;1;1;0;2;1;1;1;1;1;1;0;1;3;3.065724645374026;3.065724645374026;0;0;0.08
1;0;1;1;31;1;2;0;2;2;0;2;0;2;1;1;0;4.334017415487521;7.760253877768513;0;0;0.03
1;0;0;1;47;1;0;2;1;1;1;1;1;1;1;0;1;3.070375816549757;6.921707492600141;0;0;0.01
0;0;0;0;3;1;2;1;0;0;0;0;0;0;0;1;1;4.33204826486764;5.604698516432302;1;1;0.99
0;1;0;0;22;1;0;2;1;1;1;1;1;1;1;1;3;3.0469005601283903;6.035481432524756;0;0;0.0
0;0;1;0;1;1;0;2;1;1;1;1;1;1;0;1;3;3.075005454448499;3.075005454448499;0;0;0.32
1;0;1;0;72;1;2;0;0;2;2;2;2;2;2;1;0;4.456089962973938;8.7510313509959;0;0;0.0
1;0;1;1;3;1;0;0;0;0;2;0;0;0;0;1;2;3.9347624923976356;5.130785895226717;1;1;0.87
1;1;1;1;47;1;0;1;0;2;0;0;2;0;1;1;0;4.453765731828859;8.298800835277511;0;0;0.03
1;0;1;1;72;1;2;0;2;0;2;2;0;0;2;1;1;4.212127597878484;8.478992757600935;0;0;0.01
1;0;1;1;66;1;2;0;0;0;2;0;2;0;2;1;0;4.163559631243574;8.340623063401615;0;0;0.01
1;0;0;0;35;1;2;1;0;0;0;0;2;0;0;0;2;4.432600920636815;7.954881272183045;0;0;0.42
1;0;0;0;29;1;2;1;0;0;0;0;0;2;0;1;2;4.45318382899021;7.830902451652778;0;1;0.69
0;0;0;0;2;1;0;2;1;1;1;1;1;1;0;1;3;3.070375816549757;3.543853682063679;0;0;0.05
1;0;0;0;4;1;0;0;0;2;0;0;0;0;0;0;3;3.917010546939185;5.344485047393044;0;0;0.15
0;0;0;0;25;1;0;1;2;2;0;0;0;0;0;1;0;4.392595586023115;7.609044225233705;1;1;0.7
0;0;0;0;65;1;0;0;2;2;0;2;0;0;2;1;3;4.104294893075269;8.22705477127775;0;0;0.03
1;1;0;0;27;1;2;1;0;2;0;2;2;2;1;1;0;4.660131744062066;7.994632311431825;0;0;0.05
1;0;1;0;29;1;0;1;0;0;2;0;0;0;0;1;1;4.334672938290411;7.725065102162505;0;0;0.14
1;0;1;1;29;1;2;0;0;2;2;0;2;2;0;0;1;4.395682961121367;7.702013960910494;0;0;0.07
1;0;0;0;1;1;0;2;1;1;1;1;1;1;0;0;3;3.022860940942244;3.022860940942244;1;0;0.47988095238095235
0;0;1;0;20;1;0;1;0;0;2;2;0;0;0;1;3;4.406719247264253;7.4293427853921585;0;0;0.17
0;0;0;0;58;1;2;2;1;1;1;1;1;1;2;1;1;3.246490991901174;7.326465613840322;0;0;0.01
0;0;0;1;14;1;2;1;2;0;0;2;0;0;0;1;3;4.465908118654584;7.060519283533766;0;0;0.19
1;0;1;0;72;1;2;2;1;1;1;1;1;1;2;0;3;3.2733640101522705;7.445359143780733;0;0;0.0
1;0;0;0;46;1;2;1;2;0;0;0;2;0;0;1;1;4.501474949649326;8.353862167553196;0;0;0.36
0;0;1;0;71;0;1;0;0;2;2;2;2;2;2;0;0;4.081765780015241;8.330116346138421;0;0;0.0
1;0;0;0;32;1;2;1;0;0;0;0;0;2;0;1;0;4.4618770161616155;7.888071900620851;0;0;0.19
0;0;0;0;26;0;1;0;0;0;2;0;2;2;0;1;1;3.9386649363745674;7.153442794731241;0;0;0.21
1;1;1;0;68;1;2;1;0;0;2;0;0;0;0;1;1;4.3987608336650466;8.628788231972079;0;0;0.1
1;0;1;1;2;1;0;2;1;1;1;1;1;1;1;0;3;3.054001181677967;3.5765502691400166;0;0;0.0
1;0;1;1;61;1;0;2;1;1;1;1;1;1;2;0;1;3.070375816549757;7.175451457345406;0;0;0.0
0;0;1;1;4;1;2;1;0;0;0;0;0;2;0;1;2;4.465333240800292;5.946205640702368;1;1;0.94
1;0;0;0;3;1;0;0;0;0;0;0;0;0;0;1;2;3.836221292011864;4.959341999708705;1;1;0.85
1;1;1;0;33;1;2;1;0;0;0;0;2;2;0;1;2;4.5591262474866845;8.041268064658302;1;1;0.95
1;1;1;0;9;1;0;2;1;1;1;1;1;1;0;1;3;3.1023420086122493;5.325689313343887;0;0;0.07
0;0;0;0;22;1;2;2;1;1;1;1;1;1;2;0;3;3.305053521109253;6.408364032841809;0;0;0.02
0;0;1;1;5;1;0;1;0;0;0;0;2;0;0;1;2;4.404888303817144;5.878015854600402;0;0;0.36
0;1;0;0;30;1;2;1;2;2;2;0;0;0;0;0;1;4.529368472571809;7.922677940263891;1;1;0.78
1;0;0;0;65;1;2;0;0;2;2;2;0;2;2;1;1;4.320151230955794;8.47775565475844;0;0;0.01
0;0;0;0;45;1;2;1;0;0;2;2;0;0;0;1;2;4.480173695813406;8.27962104678323;1;1;0.8
1;0;0;0;5;1;0;2;1;1;1;1;1;1;0;0;3;3.0610517396746335;4.54063166485052;0;0;0.07
1;0;1;1;25;1;0;1;0;2;0;0;0;0;0;1;2;4.33729074083249;7.55068753087758;0;0;0.11
0;0;1;1;72;1;2;1;2;0;0;0;0;0;2;0;0;4.382651439442724;8.653767449825429;0;0;0.0
0;0;1;0;27;1;2;1;0;0;2;0;0;2;0;0;0;4.512506501124672;7.79333935007713;0;0;0.11
1;0;1;1;32;0;1;0;0;0;2;0;2;2;0;0;1;3.9435216724875173;7.411223906294559;0;0;0.07
0;0;0;0;30;1;2;1;0;2;2;2;2;2;1;0;1;4.713576059831878;8.110141825866702;0;0;0.06
1;0;1;0;70;1;0;1;2;2;2;2;0;2;2;0;1;4.624972813284271;8.86594684460696;0;0;0.04
1;1;0;0;42;1;2;1;0;2;0;0;0;0;0;1;0;4.386392092183521;8.115251867481689;0;0;0.1
0;1;1;0;72;1;2;0;2;2;2;2;2;2;2;1;0;4.50920979484218;8.809616506393237;0;0;0.0
0;0;0;0;47;1;2;0;2;0;2;2;0;0;2;1;3;4.189654742026425;7.965858024312037;0;0;0.01
0;0;0;0;2;1;0;1;2;0;2;0;0;0;0;1;2;4.399989335048054;4.9279780604152466;0;0;0.27
1;0;0;0;10;1;2;1;2;0;0;0;2;2;0;0;2;4.6006600305102054;6.917259965996383;1;1;0.88
0;0;1;1;61;1;2;2;1;1;1;1;1;1;2;1;3;3.2228678461377385;7.34768622397158;0;0;0.0
0;0;0;0;5;1;0;0;0;0;0;0;0;0;0;1;1;3.807772984054347;5.313944622433736;0;0;0.36
0;1;1;0;72;1;2;1;0;2;2;2;2;2;2;1;1;4.716711560720999;8.972495534371573;0;0;0.01
1;1;1;1;72;1;2;1;2;2;2;2;2;2;2;1;0;4.753159063701541;9.011572309803286;0;0;0.01
0;1;0;0;3;1;0;1;0;0;2;0;0;0;0;0;3;4.331391018705302;5.31762967758041;0;1;0.65
1;0;1;0;48;1;0;2;1;1;1;1;1;1;2;0;3;3.0081547935525483;6.75238719174844;0;0;0.01
0;0;0;0;63;1;0;1;0;0;2;2;2;0;1;1;1;4.511408806173617;8.668711839055147;0;0;0.04
0;0;0;0;27;1;0;0;2;2;0;0;0;0;0;1;3;4.055257173514054;7.410921645380639;0;0;0.02
1;0;1;1;70;1;0;0;2;2;2;0;2;2;2;1;1;4.396299293960601;8.630727212783206;0;0;0.01
1;0;1;1;7;1;0;0;2;0;2;2;0;2;0;1;1;4.281515453077493;6.247559198561878;0;0;0.09
0;0;1;0;2;1;0;1;2;2;0;0;2;0;0;0;2;4.514698282824016;5.2548878086207;0;0;0.15
1;1;0;0;20;1;2;1;0;0;2;0;2;2;0;1;2;4.6006600305102054;7.519583938364494;1;1;0.98
1;0;0;0;66;1;0;2;1;1;1;1;1;1;2;0;0;3.0301337002713233;7.1347314763165235;0;0;0.01
0;0;0;0;3;1;0;2;1;1;1;1;1;1;0;0;3;3.0373539482448106;4.063885354737392;0;0;0.11
0;0;0;1;15;1;0;1;0;2;0;0;0;2;0;1;0;4.464758032271346;7.1472051565706565;1;1;0.82
0;0;1;1;72;1;2;1;2;2;0;2;0;0;2;1;0;4.514698282824016;8.789416388805472;0;0;0.01
1;0;0;0;1;1;0;2;1;1;1;1;1;1;0;0;3;3.0819099697950434;3.0819099697950434;0;0;0.05866666666666667
0;0;0;0;22;1;0;1;0;0;0;0;2;2;0;0;2;4.502583597212991;7.554256245468311;1;0;0.37
1;0;1;0;3;1;0;1;0;0;0;0;0;0;0;1;2;4.26689632742025;5.346392989779599;1;1;0.77
0;0;1;1;72;1;2;0;2;0;2;2;0;0;2;0;0;4.217299386280878;8.467960929536012;0;0;0.04
1;0;1;1;65;1;0;2;1;1;1;1;1;1;2;0;3;3.039749158970765;7.165184308262897;0;0;0.0
0;0;0;0;11;0;1;0;0;0;0;0;2;0;0;1;3;3.6054978451748854;5.897565870663924;0;0;0.1
1;0;0;0;22;1;2;1;0;2;0;0;0;0;0;1;3;4.380149874661021;7.378539853210944;0;0;0.24
1;0;0;0;14;1;0;2;1;1;1;1;1;1;1;0;0;3.0633909220278057;5.62293388679288;0;0;0.0
1;0;0;0;41;1;0;1;0;0;0;2;0;0;0;1;2;4.3208159036289855;8.035958731827685;0;0;0.23
1;0;1;0;17;1;0;0;2;2;0;0;0;2;1;0;3;4.186619838331271;7.070384202430356;0;0;0.01
1;0;0;0;11;1;0;2;1;1;1;1;1;1;0;1;1;3.065724645374026;5.473530384104697;0;0;0.02
1;0;0;0;15;1;2;1;0;0;0;0;2;2;0;1;2;4.547011271814559;7.2763143263943215;1;1;0.77
0;0;0;0;1;1;0;2;1;1;1;1;1;1;0;0;3;3.039749158970765;3.039749158970765;1;0;0.2990555555555555
0;0;1;0;5;1;0;1;2;0;2;0;0;2;0;1;3;4.498697941477575;6.120627034951298;1;1;0.83
1;0;1;0;33;1;0;1;0;0;2;0;2;2;1;1;2;4.572646994282532;8.01887238878872;1;1;0.8
0;0;1;0;72;1;2;1;2;2;2;0;2;2;2;1;1;4.7153689782861665;8.99549355735883;0;0;0.01
0;0;1;1;3;0;1;0;0;2;0;0;0;2;0;0;3;3.720862499966987;4.537961436294641;0;0;0.12
1;0;0;0;2;1;2;1;0;2;0;0;0;0;0;1;2;4.418840607796598;5.2238631806230895;1;1;0.86
0;0;1;0;59;1;2;1;2;2;2;2;0;2;1;1;1;4.68213122712422;8.724743802255968;0;0;0.05
1;0;0;0;2;1;0;0;0;0;0;0;0;0;0;0;2;3.836221292011864;4.505349850705881;1;1;0.89
1;0;1;1;71;1;0;0;0;2;0;2;2;2;2;1;1;4.308783672906164;8.547819384957998;0;0;0.0
0;0;1;1;5;1;0;0;0;0;0;0;0;0;0;0;3;3.824284091120139;5.400196830369207;0;0;0.09
1;0;1;1;27;1;0;0;2;2;0;0;0;0;0;1;1;4.020877410340228;7.320725486576075;0;0;0.09
0;0;0;0;1;1;0;0;0;0;0;2;0;0;0;1;2;3.9740583963475986;3.9740583963475986;1;1;0.76
1;0;0;1;63;0;1;0;2;2;0;2;0;0;1;1;0;3.728100167267218;7.859393849487934;0;0;0.0
0;1;0;0;46;1;2;1;2;2;2;0;2;2;1;1;2;4.709530201312334;8.492039472532698;1;1;0.63
1;0;1;1;72;1;2;0;2;0;0;0;0;0;2;0;0;4.030694535145645;8.290192209774723;0;0;0.0
0;0;1;0;34;1;2;0;2;0;0;2;0;0;0;1;0;4.124712098838497;7.603199818590766;0;0;0.02
0;0;1;1;24;1;2;0;2;2;0;0;2;2;1;0;2;4.37449836825309;7.513927445527675;0;0;0.07
1;0;0;0;72;1;2;0;2;2;2;2;0;0;2;0;0;4.257738109130536;8.49887645963034;0;0;0.0
0;0;1;1;60;0;1;0;2;0;2;2;2;2;2;0;1;4.108411819433536;8.186241687467723;0;0;0.0
1;0;0;0;68;1;2;0;2;2;2;0;0;2;1;1;1;4.355425952876702;8.521981708148035;0;0;0.02
0;0;1;1;8;1;0;2;1;1;1;1;1;1;2;1;3;3.0373539482448106;4.994505912166372;0;0;0.14
0;0;0;1;34;1;0;0;2;0;2;2;2;0;2;0;1;4.229021132213981;7.758034405262377;0;0;0.03
0;0;0;0;6;0;1;0;0;0;0;0;2;2;0;0;1;3.828641396489095;5.702781974322617;0;0;0.15
1;0;1;0;2;1;0;0;0;2;0;2;0;2;0;1;3;4.177459468932607;4.974317031422144;0;0;0.15
1;0;0;0;31;1;2;1;0;0;0;2;0;0;1;0;1;4.415219602029645;7.843711373830195;0;0;0.03
0;0;1;1;20;1;2;2;1;1;1;1;1;1;0;1;0;3.279029747687948;6.231268539315299;0;0;0.06
0;0;1;1;1;1;0;2;1;1;1;1;1;1;0;0;2;3.044522437723423;3.044522437723423;0;0;0.32
1;0;0;0;62;1;2;1;0;0;2;0;2;2;1;1;2;4.582413198865475;8.72036258072303;1;1;0.77
0;1;1;0;70;1;2;1;0;0;0;0;0;0;2;1;1;4.339249605317823;8.596447896389488;0;0;0.04
0;0;0;0;10;1;2;1;0;0;0;2;2;2;0;1;2;4.600157644164547;6.965316389506668;1;1;0.91
1;0;1;1;39;1;2;2;1;1;1;1;1;1;2;1;3;3.2108436531709366;6.80771392480191;0;0;0.01
0;0;1;0;46;1;0;0;0;2;0;2;2;0;2;1;1;4.177459468932607;8.009861456904503;0;0;0.02
1;0;0;0;6;1;0;1;0;2;0;0;2;0;0;1;2;4.458408804592688;6.195323337010325;1;1;0.93
0;0;1;1;72;1;2;0;0;0;2;0;2;2;2;1;0;4.354141431184346;8.606933341914624;0;0;0.03
1;0;0;0;18;1;0;0;0;0;2;2;0;0;0;0;1;4.028916756899646;6.965174769849623;0;0;0.13
1;0;1;0;71;1;2;1;2;0;2;2;2;2;2;1;1;4.696381066041475;8.938137870372788;0;0;0.21
1;0;1;0;40;1;2;1;0;2;0;0;2;2;0;1;2;4.627909672957581;8.322175377161045;1;1;0.85
1;0;0;0;1;1;0;1;0;0;0;0;0;0;0;1;2;4.256321678298823;4.256321678298823;1;1;1.0
1;0;0;0;58;1;2;1;0;2;2;0;2;2;1;1;0;4.646791860678911;8.702618260662822;1;1;0.65
1;0;0;0;70;1;2;1;2;0;0;2;2;2;2;1;1;4.653960350157523;8.888915355959444;1;1;0.56
0;0;1;0;42;1;2;2;1;1;1;1;1;1;2;0;2;3.2676659890376327;7.011394313741623;0;0;0.0
1;0;1;1;34;0;1;0;2;0;0;0;0;0;1;0;0;3.4468078929142076;6.84550746550261;0;0;0.07
1;1;0;0;5;1;0;2;1;1;1;1;1;1;0;0;0;3.0469005601283903;4.555454593742159;0;0;0.08
0;0;0;0;25;1;2;1;0;0;0;0;2;0;0;1;3;4.449685283147696;7.644464696167211;0;0;0.18
0;0;0;0;2;1;0;1;0;0;2;0;0;2;0;1;3;4.468204330914934;5.191288793789513;1;1;0.87
0;0;1;1;55;1;0;1;0;2;2;2;2;2;1;1;0;4.651099117876491;8.640781565660856;0;0;0.06
1;0;1;0;21;1;2;1;0;2;2;2;2;2;0;1;2;4.720282993088596;7.748503163607648;1;1;0.79
1;0;1;0;70;1;2;1;2;2;0;2;0;0;2;1;1;4.48863636973214;8.697420890953614;0;0;0.01
0;0;1;0;61;1;2;1;0;0;2;2;2;2;0;1;2;4.67609452432479;8.817645871425219;0;0;0.08
1;0;1;1;43;1;0;0;2;0;2;2;2;2;2;1;1;4.383899879055562;8.179648379792052;0;0;0.02
1;0;0;0;47;1;2;1;0;2;2;0;2;2;1;1;2;4.645351975620923;8.495008930280354;0;0;0.15
1;0;0;0;5;1;0;0;0;0;2;2;2;0;0;1;1;4.173617743116608;5.765504533284198;0;0;0.26
0;0;0;0;62;1;2;2;1;1;1;1;1;1;2;1;1;3.288401887516811;7.355609153582088;0;0;0.0
0;0;1;1;16;1;0;1;0;2;2;0;2;0;0;1;1;4.504797211841304;7.26630346730255;1;1;0.83
1;1;1;0;7;1;2;1;0;0;0;0;2;2;0;1;0;4.570578741218473;6.469792805281196;1;1;0.91
0;0;1;1;14;1;2;2;1;1;1;1;1;1;0;0;3;3.279029747687948;5.922784126803076;0;0;0.11
1;0;1;1;60;1;0;1;0;2;2;0;2;0;1;0;2;4.52124495105033;8.604177901383638;1;1;0.74
1;0;1;1;34;0;1;0;0;0;2;2;2;0;0;1;2;3.825375198702474;7.274895272768633;0;0;0.05
0;0;1;0;50;1;2;1;2;2;0;2;2;2;1;0;2;4.696381066041475;8.632608982915363;1;1;0.62
1;0;1;1;38;1;2;2;1;1;1;1;1;1;2;0;1;3.260017768199376;6.872076286525119;0;0;0.0
0;0;1;1;70;1;0;0;2;2;2;2;0;2;1;0;1;4.318820558770089;8.560884665040662;0;0;0.04
0;0;1;1;37;1;2;1;0;2;0;0;2;0;0;1;2;4.497584975308154;8.114190050178992;0;0;0.06
0;1;0;0;4;1;0;1;0;0;0;0;2;0;0;1;2;4.380149874661021;5.682899263739777;1;1;0.88
1;1;1;1;60;1;2;1;2;2;0;0;0;2;0;1;2;4.54595082632812;8.661388768950372;0;0;0.22
1;0;1;1;62;1;0;0;2;0;2;2;0;2;1;0;1;4.282206299391671;8.409229289888296;0;0;0.04
1;0;0;0;1;1;0;0;0;0;0;0;0;0;0;0;3;3.8155121050473024;3.8155121050473024;1;1;0.76
1;0;0;0;36;1;0;0;2;0;2;2;2;2;0;1;1;4.384523514872469;7.957159816303425;0;0;0.05
1;0;0;0;44;1;0;2;1;1;1;1;1;1;2;0;1;3.0633909220278057;6.809646185871817;0;0;0.0
0;1;0;0;55;1;2;1;0;0;2;0;2;2;1;1;2;4.61512051684126;8.614374347125786;1;1;0.67
0;0;1;0;72;1;2;1;2;0;2;0;2;2;2;1;1;4.663439094112067;8.934692266679823;0;0;0.04
0;0;1;1;12;1;0;2;1;1;1;1;1;1;1;0;0;3.0349529867072724;5.440684607834958;1;1;0.56
0;0;0;0;13;0;1;0;2;0;0;0;0;0;0;1;0;3.4610373820181723;5.979138897417345;0;0;0.11
1;0;0;0;1;1;0;1;0;0;0;0;2;2;0;1;2;4.509760001183433;4.509760001183433;1;1;0.91
0;0;1;1;15;1;0;2;1;1;1;1;1;1;1;0;3;3.070375816549757;5.693563774461869;0;0;0.0
0;0;0;0;65;1;0;0;2;2;2;2;2;2;2;1;0;4.4526015873434845;8.605240698104717;0;0;0.0
0;0;1;1;12;0;1;0;2;0;0;2;0;0;1;0;1;3.530762586016799;6.09975825674325;0;0;0.02
1;0;1;0;72;1;2;0;2;2;2;2;2;2;2;1;1;4.532599493153256;8.822196874810368;0;0;0.0
0;0;1;1;72;1;2;0;2;2;2;2;2;2;2;0;1;4.508659285607248;8.781317444656016;0;0;0.02
0;0;1;1;72;1;2;1;2;2;2;2;2;2;2;1;0;4.760463070394127;9.045170873999794;0;0;0.0
1;0;0;1;52;1;2;0;2;2;0;2;2;2;2;1;3;4.456089962973938;8.403542854384865;0;0;0.05
1;0;0;0;2;1;2;2;1;1;1;1;1;1;0;0;3;3.2523106009544382;4.143134726391533;0;0;0.0
0;0;0;0;5;1;0;0;2;0;0;2;2;0;0;1;2;4.179757440070231;5.8683077234819985;0;0;0.13
0;0;0;0;68;1;0;2;1;1;1;1;1;1;2;0;1;3.068052935133617;7.262558472288074;0;0;0.0
0;0;0;1;62;1;2;1;0;0;2;0;2;2;1;1;2;4.6166045636137545;8.766339715935429;1;1;0.76
1;0;0;0;72;1;2;0;2;2;0;2;2;2;2;0;1;4.466482666214198;8.749993961323483;0;0;0.02
1;0;0;0;1;1;0;0;0;2;0;0;0;0;0;0;2;3.9473901492654373;3.9473901492654373;1;1;0.89
0;0;1;0;66;1;2;1;2;2;0;2;0;0;1;0;2;4.499809670330265;8.682639830985348;0;0;0.02
1;0;1;1;72;0;1;0;2;2;2;2;2;2;2;1;1;4.186619838331271;8.459722964261687;0;0;0.0
1;0;0;0;26;1;0;2;1;1;1;1;1;1;1;0;1;3.0349529867072724;6.127523991515078;0;0;0.0
1;0;1;1;64;1;2;1;2;0;2;0;0;2;2;0;0;4.547541073151455;8.669622390345156;0;0;0.04
1;1;1;0;20;1;0;1;0;2;0;0;0;0;0;1;2;4.312810523985199;7.289269166267788;1;1;0.81
0;0;0;0;3;1;0;1;0;2;0;0;2;2;0;1;2;4.565389315976247;5.731397641689174;1;1;0.92
1;0;0;0;22;1;2;1;0;0;0;0;2;2;0;1;1;4.560695695886262;7.652331994648445;1;1;0.8
1;0;1;0;4;1;0;1;0;0;2;2;0;0;0;1;3;4.401829261970061;5.768789635964811;1;1;0.86
1;0;1;0;62;0;1;0;0;0;0;2;2;0;2;1;0;3.6888794541139363;7.757243595710077;0;0;0.0
0;0;0;0;5;1;0;2;1;1;1;1;1;1;0;1;3;3.068052935133617;4.6568134191399295;0;0;0.04
1;0;1;0;59;1;2;1;0;0;0;0;0;2;1;0;2;4.4607222816222185;8.53417812725548;1;0;0.2
1;0;0;1;3;1;2;2;1;1;1;1;1;1;2;1;3;3.3105430133940246;4.8060681283549815;0;0;0.05
0;0;1;0;72;1;2;1;2;0;2;2;2;0;2;1;0;4.597138014290827;8.85607680404628;0;0;0.0
1;0;1;1;57;1;0;1;0;2;2;0;2;2;1;1;1;4.590564033598729;8.630343289348893;0;0;0.07
1;0;0;1;66;1;0;2;1;1;1;1;1;1;2;0;1;3.0421386463681466;7.146850916510274;0;0;0.0
0;0;0;0;60;0;1;0;0;2;0;0;2;2;0;1;2;3.9473901492654373;8.015789706229151;1;1;0.75
1;0;0;1;45;1;2;1;0;0;2;0;2;2;2;0;0;4.612145799724517;8.441466987554646;0;0;0.1
0;0;0;0;3;0;1;0;0;0;0;0;2;0;0;1;1;3.5779478934066544;4.74449725120919;0;0;0.2
0;0;0;0;15;1;0;1;2;0;2;2;2;2;0;0;2;4.664382045619937;7.367550731635349;1;1;0.8
0;0;0;1;51;0;1;0;2;0;2;2;2;2;1;0;0;4.113329862133181;8.032035314398824;0;0;0.05
0;0;0;0;60;1;2;0;2;0;2;2;0;0;1;0;2;4.185859671057874;8.304123725673502;0;0;0.04
1;0;0;0;33;1;2;0;0;2;0;0;0;0;0;1;0;4.019082077721554;7.418300863540809;0;0;0.07
1;0;0;0;10;1;0;1;2;2;2;2;2;2;0;1;2;4.7104306966455844;6.951102083485503;1;0;0.48
1;1;0;0;26;1;0;2;1;1;1;1;1;1;1;0;1;3.0106208860477417;6.224954390476336;0;0;0.0
0;0;0;0;6;1;0;1;0;0;2;0;0;2;0;0;2;4.441474093317302;6.211703885274802;1;0;0.5
0;0;1;0;67;1;2;1;2;0;2;2;2;2;1;1;2;4.720728526622364;8.924343545366261;0;0;0.05
0;0;1;1;49;0;1;0;2;0;0;2;0;0;1;1;1;3.6054978451748854;7.48605261786314;0;0;0.0
1;0;0;0;1;1;0;2;1;1;1;1;1;1;0;1;3;3.0469005601283903;3.0469005601283903;0;0;0.34
0;1;0;0;7;1;0;1;0;0;2;0;2;0;0;1;2;4.4467604492404496;6.414523963617097;0;1;0.76
0;1;0;0;27;1;2;1;2;2;2;0;2;2;1;1;0;4.7140245909001735;7.958087273475015;0;0;0.12
1;0;1;1;37;1;0;1;0;0;0;0;2;2;1;0;1;4.523960130562548;8.08596402192139;0;0;0.09
0;0;1;1;63;1;2;1;2;2;2;0;2;0;0;1;2;4.620551288026394;8.734938196768649;1;1;0.8
1;0;1;1;31;1;2;1;2;0;2;2;0;0;0;0;2;4.5031374604229395;7.945909598613133;0;0;0.11
1;0;1;1;50;1;2;1;0;2;2;0;2;2;0;1;0;4.652530757347929;8.520966065168736;1;1;0.77
1;1;0;0;32;1;2;1;0;0;2;0;0;0;0;1;1;4.407938016458383;7.8710250120502865;0;0;0.35
0;0;0;0;1;0;1;0;0;0;0;0;0;0;0;0;2;3.242592351485517;3.242592351485517;1;0;0.33
0;0;1;0;63;1;2;1;0;0;0;2;0;0;1;1;1;4.409155302062135;8.510390102796498;0;0;0.01
1;0;0;0;30;1;2;1;2;2;0;0;0;2;0;1;1;4.557029810660157;7.893833233429531;0;0;0.21
1;0;1;0;71;1;2;1;2;2;2;2;2;2;2;1;0;4.763028270603671;9.025401392718713;0;0;0.03
0;0;0;0;53;1;2;1;0;2;2;0;2;2;2;0;2;4.668614358544626;8.645278531179455;0;0;0.2
0;0;0;0;12;1;0;1;2;0;0;2;2;2;0;1;0;4.604169685654508;7.022823521809812;1;1;0.91
1;0;1;0;50;1;2;1;2;2;0;0;0;2;0;1;1;4.558078578454241;8.500230128737776;0;0;0.14
0;0;0;0;2;1;0;2;1;1;1;1;1;1;0;0;3;3.0204248861443626;3.351656936102019;0;0;0.25
0;0;0;0;9;1;2;1;0;0;2;0;2;2;0;0;1;4.598145571051127;6.829253050827179;1;1;0.95
1;0;0;0;17;1;0;1;2;0;0;0;2;2;0;0;2;4.552296696381023;7.394277964224954;1;1;0.71
0;0;1;0;56;1;0;1;2;2;2;0;2;2;1;1;1;4.669083511731744;8.711056221765077;0;0;0.18
1;0;1;1;67;1;0;0;2;2;2;0;2;2;2;0;1;4.410978456623649;8.594080155734671;0;0;0.03
1;1;0;0;9;1;2;1;0;0;2;0;2;2;0;1;2;4.620058798481842;6.8239387928890265;1;1;0.98
1;0;0;0;4;1;0;0;0;0;0;0;2;0;0;1;2;4.050044303325521;5.463196009730271;0;0;0.05
1;0;0;0;19;1;0;0;0;2;0;2;0;2;1;1;0;4.194943760778217;7.117083841262619;0;0;0.34
0;0;0;1;8;1;0;2;1;1;1;1;1;1;0;0;3;3.0421386463681466;5.146912912388804;0;0;0.04
0;0;0;0;71;1;2;1;0;2;2;2;2;2;2;1;2;4.720728526622364;8.985338845694965;0;0;0.06
1;1;0;0;10;1;0;1;0;2;0;0;0;0;0;1;2;4.302036008977389;6.536184222521529;1;1;0.84
0;1;0;0;15;1;2;1;0;2;0;0;2;0;0;0;1;4.499809670330265;7.1618547144167914;0;0;0.28
1;0;1;1;72;1;2;1;2;0;2;0;2;2;1;1;0;4.673762977453703;8.968205114480373;0;0;0.05
1;0;0;0;12;1;0;2;1;1;1;1;1;1;1;0;1;3.0469005601283903;5.5909869805108565;0;0;0.0
1;0;1;1;72;1;2;2;1;1;1;1;1;1;2;1;0;3.265759410767051;7.4954863867854336;0;0;0.0
1;1;1;0;1;1;2;1;0;0;0;0;0;0;0;1;2;4.311470041210748;4.311470041210748;1;1;0.96
0;1;0;0;23;1;0;1;2;0;0;0;0;0;0;1;0;4.335982696172475;7.405222069545139;0;0;0.07
1;0;0;0;72;0;1;0;2;2;2;2;2;2;2;1;0;4.197953544841121;8.47813006584538;0;0;0.0
0;0;0;0;26;1;2;1;0;0;2;0;0;0;0;1;2;4.403054001865957;7.693481640835175;0;0;0.19
0;0;0;0;21;1;0;1;0;2;2;2;2;2;1;1;3;4.65918477429433;7.714409700335677;0;0;0.14
1;0;1;0;60;1;2;2;1;1;1;1;1;1;1;0;0;3.224857896545748;7.3178098394241085;0;0;0.0
1;0;0;0;12;1;0;2;1;1;1;1;1;1;0;0;3;3.065724645374026;5.546543698229709;0;0;0.0
1;0;1;0;16;1;2;1;0;0;0;0;0;0;0;1;2;4.335982696172475;7.082044664078827;0;0;0.2
0;0;1;0;63;1;2;0;2;2;0;0;2;2;1;1;1;4.390738575275903;8.473690523766843;0;0;0.0
0;1;0;0;22;1;0;1;2;2;0;0;0;0;0;0;2;4.415219602029645;7.507635191571639;0;0;0.23
0;0;1;1;32;1;0;0;2;2;2;2;0;2;0;0;0;4.3476939555933765;7.7853675506573;0;0;0.07
0;1;0;0;3;1;2;1;0;2;0;0;0;0;0;1;2;4.387014176184921;5.328118857784826;1;1;0.93
0;0;0;0;13;1;0;1;0;2;2;0;0;0;0;1;2;4.408546844483277;6.8599296494995325;1;1;0.88
0;0;1;1;68;1;2;1;0;2;0;2;2;2;2;1;1;4.6515765588022475;8.859427367563809;0;0;0.03
0;0;1;1;30;1;0;1;0;0;2;0;0;2;1;0;2;4.471067201464611;7.839545274303216;0;0;0.08
0;0;0;0;16;1;0;1;0;2;0;0;0;0;0;0;0;4.33204826486764;7.101552405501116;0;0;0.05
1;0;0;0;33;1;0;1;0;2;0;2;0;0;2;0;0;4.401829261970061;7.883107057985496;0;0;0.04
1;0;1;0;72;1;0;2;1;1;1;1;1;1;2;0;1;3.0106208860477417;7.174571158752533;0;0;0.0
0;1;0;0;4;1;2;1;0;0;0;0;0;2;0;1;2;4.449685283147696;5.889154928283412;1;1;0.83
0;0;0;0;12;0;1;0;2;0;0;2;0;0;1;1;3;3.543853682063679;6.078673821181359;0;0;0.0
0;1;1;0;4;1;2;1;0;0;0;0;2;0;0;1;2;4.433788569232471;5.733503076105283;0;0;0.18
0;0;0;0;6;1;2;1;2;0;0;0;0;0;0;1;2;4.382651439442724;6.0764947962925575;1;1;0.61
0;0;1;0;65;1;2;1;0;2;2;2;2;2;1;1;1;4.691806492647638;8.870648959363571;0;0;0.02
0;0;0;0;15;1;0;2;1;1;1;1;1;1;0;0;3;3.039749158970765;5.772842010587696;0;0;0.07
0;0;0;1;24;1;0;2;1;1;1;1;1;1;1;0;0;3.093312601892855;6.277676789889175;0;0;0.08
0;0;0;1;13;0;1;0;0;2;0;0;0;0;0;0;2;3.4388142452334622;5.948557046096705;0;0;0.07
1;0;0;0;24;1;0;1;0;0;0;0;0;2;0;1;1;4.392595586023115;7.601901959875166;0;0;0.12
0;0;1;0;72;0;1;0;2;2;2;2;2;2;2;0;0;4.197201947661808;8.501206075788788;0;0;0.0
0;0;1;1;54;1;2;1;2;2;0;0;2;2;0;1;0;4.6549122778829055;8.638844292010045;0;0;0.11
0;0;0;0;3;1;2;1;0;0;0;0;0;0;0;0;0;4.32280727501391;5.378975269565491;1;1;0.67
1;0;1;1;4;1;0;2;1;1;1;1;1;1;0;1;3;3.068052935133617;4.364371699435161;0;0;0.05
0;1;1;1;32;1;2;1;0;0;2;0;2;0;0;1;3;4.5255857066452485;7.971620831320412;0;0;0.13
1;1;0;0;35;1;2;1;0;0;2;0;2;2;0;1;2;4.605670061029742;8.130589090948991;1;1;0.92
1;0;1;1;35;1;0;2;1;1;1;1;1;1;2;0;0;3.068052935133617;6.633778853586468;0;0;0.0
1;1;0;0;2;1;0;0;0;0;0;0;0;0;0;0;3;3.827553848801696;4.456089962973938;1;1;0.62
0;0;0;0;8;1;0;1;0;2;0;0;0;0;0;0;2;4.338597076746545;6.285159754373137;0;0;0.17
1;0;0;0;22;1;0;0;2;0;0;2;0;0;0;0;3;4.027135812528651;7.134213331264177;0;0;0.05
0;0;0;0;15;1;0;0;2;0;2;2;0;0;0;0;2;4.093510881473524;6.862914804508983;0;0;0.25
1;0;0;0;22;1;2;1;0;0;0;0;2;2;0;1;2;4.565389315976247;7.679528779997272;0;0;0.2
1;0;1;0;1;1;0;0;0;0;0;0;0;0;0;0;1;3.822098297900159;3.822098297900159;1;1;0.73
0;0;1;1;71;1;2;2;1;1;1;1;1;1;2;0;0;3.2752561583043085;7.503482555834499;0;0;0.0
1;0;0;0;4;1;0;0;2;0;2;0;0;0;0;0;2;4.056123349401903;5.50594110620421;0;0;0.06
1;0;0;0;25;1;2;0;2;2;2;2;0;2;0;0;0;4.415824014257172;7.615692545014718;0;0;0.16
0;0;1;1;32;1;0;1;0;2;0;0;2;0;0;1;2;4.467056883858457;7.910131959769421;0;0;0.14
1;1;1;0;7;0;1;0;2;0;0;0;0;0;0;0;0;3.427514689979529;5.400196830369207;0;0;0.19
1;0;0;0;17;1;0;2;1;1;1;1;1;1;1;1;3;3.068052935133617;5.9048167403823095;0;0;0.01
1;1;1;0;8;1;0;0;2;0;0;0;2;0;0;0;0;4.12552017969055;6.315267581521369;0;0;0.21
0;1;0;0;56;1;2;0;2;0;2;2;0;2;2;0;0;4.307437777682809;8.30775528715814;0;0;0.01
1;0;0;0;1;1;0;0;0;0;0;0;0;0;0;1;3;3.8437441646748516;3.8437441646748516;1;1;0.92
1;1;0;0;8;1;0;1;2;0;0;2;2;2;0;0;1;4.618086411254637;6.725453721988185;1;1;0.79
1;0;0;0;7;1;0;2;1;1;1;1;1;1;0;0;2;3.0081547935525483;4.730039168033961;1;1;0.66
1;0;0;1;3;1;0;2;1;1;1;1;1;1;0;0;3;3.084200921541599;4.121473229610353;0;0;0.01
0;0;0;0;71;1;0;0;2;2;2;2;2;0;2;0;1;4.36118596880203;8.62175138530001;0;0;0.02
0;0;0;0;2;1;2;1;0;0;0;0;2;2;0;1;2;4.574710978503383;5.169346985251076;1;1;1.0
0;0;0;0;1;1;0;1;0;0;0;0;2;2;0;0;2;4.51688527112052;4.51688527112052;1;1;0.99
1;0;1;0;49;1;2;1;2;2;0;0;2;0;0;1;0;4.552296696381023;8.462546913636208;0;0;0.09
1;0;0;0;58;1;0;0;0;2;2;2;2;0;2;0;0;4.264087336809195;8.306459814345365;0;0;0.01
1;1;1;0;44;0;1;0;0;2;0;0;0;0;0;1;2;3.4452142670789296;7.215754552196813;1;1;0.78
0;0;1;1;59;1;0;0;0;2;0;2;2;2;2;1;1;4.343155860284888;8.421419904394316;0;0;0.0
1;0;0;0;71;1;2;1;2;0;2;2;2;2;2;1;2;4.691806492647638;8.92706856001295;1;1;0.68
1;0;0;0;1;1;0;1;0;0;0;0;0;0;0;1;2;4.2612704335380815;4.2612704335380815;1;1;1.0
0;0;0;0;11;1;2;1;0;0;0;0;0;0;0;0;2;4.334017415487521;6.790828126952845;0;0;0.2
1;1;1;0;62;1;2;1;0;2;2;0;2;2;1;1;2;4.6515765588022475;8.761604962188237;1;0;0.25
0;0;1;1;35;1;0;0;2;0;0;2;0;0;1;1;0;4.024458434757935;7.558516743045645;0;0;0.0
0;0;0;0;20;1;0;2;1;1;1;1;1;1;0;1;0;3.0204248861443626;6.025865973825314;0;0;0.03
1;0;1;1;40;1;0;2;1;1;1;1;1;1;2;0;3;3.0252910757955354;6.696972517366147;0;0;0.0
0;0;0;0;39;1;0;0;2;0;0;0;0;0;1;1;2;3.888754378488792;7.542955499587233;0;0;0.06
1;0;0;0;1;1;2;1;0;0;0;0;0;2;0;1;2;4.472780997942346;4.472780997942346;1;1;0.97
0;0;1;1;72;1;2;2;1;1;1;1;1;1;2;0;0;3.2088254890146994;7.4266978708500755;0;0;0.0
0;1;1;0;33;1;2;1;0;2;0;0;0;0;0;1;0;4.401829261970061;7.885141110216103;1;0;0.3
0;0;0;0;12;1;0;0;0;0;0;0;0;0;0;0;0;3.8022081394209395;6.295173746261759;0;0;0.13
1;0;0;0;1;1;0;2;1;1;1;1;1;1;0;0;0;3.0325462466767075;3.0325462466767075;0;0;0.06
1;0;0;1;27;1;0;2;1;1;1;1;1;1;0;0;3;3.0032042883926917;6.288508906261726;0;0;0.08
1;0;1;1;34;1;0;2;1;1;1;1;1;1;1;0;1;3.0252910757955354;6.521798637262015;0;0;0.0
0;0;1;0;56;1;0;1;2;0;2;0;0;0;2;0;0;4.398146016553765;8.415082943466459;0;0;0.01
0;0;0;0;58;1;2;2;1;1;1;1;1;1;2;0;1;3.232778730037192;7.261821824004301;0;0;0.0
0;0;1;1;22;1;2;2;1;1;1;1;1;1;2;0;1;3.2676659890376327;6.321487460049288;0;0;0.0
0;0;1;1;10;1;2;2;1;1;1;1;1;1;2;0;1;3.299533727885655;5.422965671113147;0;0;0.0
1;0;0;0;13;1;0;2;1;1;1;1;1;1;2;0;1;3.044522437723423;5.596382844379506;0;0;0.0
0;0;0;0;35;1;2;1;0;2;0;2;0;0;0;0;1;4.457829598089382;7.978825064643845;1;1;0.69
0;0;0;0;34;1;0;1;0;0;0;0;0;0;0;1;1;4.2626798770413155;7.7903237534512595;1;1;0.78
0;1;0;0;4;1;2;1;0;0;0;0;2;2;0;1;2;4.557029810660157;6.0531474322955665;1;1;0.99
1;0;1;0;72;1;0;2;1;1;1;1;1;1;2;0;0;3.077312260546414;7.308609774532618;0;0;0.0
1;0;0;0;2;1;0;0;0;0;0;2;2;2;0;0;2;4.26689632742025;4.893352133481524;0;0;0.36
0;0;0;0;7;1;0;1;0;0;2;0;2;2;0;1;2;4.567987394860375;6.495114487124877;1;1;0.93
1;1;1;0;27;1;2;1;0;0;0;0;0;0;0;1;2;4.33729074083249;7.546947731944156;1;1;0.56
1;0;1;1;4;1;0;1;0;0;0;0;0;0;0;1;3;4.256321678298823;5.655642099328266;0;0;0.13
0;0;0;0;37;1;0;2;1;1;1;1;1;1;2;0;3;3.0373539482448106;6.666002138418756;0;0;0.0
1;0;0;0;21;1;0;2;1;1;1;1;1;1;0;0;3;3.044522437723423;6.037154673025098;0;0;0.0
0;1;1;0;53;1;2;1;0;0;0;0;2;2;1;1;1;4.573163389853005;8.520637253818792;0;0;0.12
0;0;0;0;18;1;2;1;0;0;0;2;0;2;0;1;2;4.511957804265912;7.386315942160852;1;1;0.8
0;0;0;0;2;1;0;1;0;0;0;0;0;0;0;0;2;4.24778070111149;4.793722292532682;1;1;0.86
1;0;1;1;32;1;2;1;2;0;0;0;2;2;0;1;1;4.610655116218661;8.07267015690431;1;1;0.75
1;1;1;0;23;1;0;2;1;1;1;1;1;1;1;1;2;3.079613757534693;6.186620061882023;0;0;0.0
1;0;0;0;3;1;0;0;2;0;0;0;0;0;0;1;3;3.9347624923976356;5.086669980372253;0;0;0.15
0;0;1;1;71;0;1;0;2;2;0;2;2;2;2;0;3;4.0884941485439255;8.329959590261263;0;0;0.0
1;0;0;0;9;1;0;1;0;0;0;2;2;2;0;1;0;4.5736795188967205;6.719556485015306;0;0;0.1
0;0;0;0;1;1;0;0;0;2;0;0;0;0;0;0;2;3.9219733362813143;3.9219733362813143;0;0;0.32
1;0;1;1;18;1;0;0;0;0;2;0;0;2;0;0;2;4.068171687918078;6.899571886174118;1;0;0.32
1;0;1;1;12;1;0;0;0;0;0;0;0;2;1;0;1;4.000949214622548;6.547287436804703;1;1;0.7
1;0;1;0;71;1;2;0;2;2;2;2;0;2;2;1;3;4.395682961121367;8.628090351531826;0;0;0.0
0;0;0;0;64;1;2;2;1;1;1;1;1;1;1;1;0;3.2347491740244907;7.379132963781016;0;0;0.0
1;0;0;0;4;0;1;0;0;0;0;2;0;2;0;1;2;3.714790835898437;5.09650713317022;0;0;0.21
0;0;0;0;23;1;0;2;1;1;1;1;1;1;0;1;3;3.0204248861443626;6.155282632337377;0;0;0.01
0;0;1;1;39;1;0;0;2;0;0;0;0;0;0;0;1;3.952204795060978;7.633853559681768;0;0;0.02
1;0;1;0;28;1;0;0;2;0;0;2;0;0;1;0;3;4.013676659154646;7.2636449146470285;0;0;0.0
0;1;0;0;5;1;0;1;0;2;0;0;2;0;0;1;2;4.450852825603734;5.975081067857458;0;0;0.17
0;1;1;0;45;1;0;1;0;0;2;0;0;2;0;1;2;4.467056883858457;8.259056976138394;0;0;0.19
1;0;0;0;37;1;0;1;0;0;0;0;0;0;0;1;3;4.267597343922845;7.8453768815581215;0;0;0.11
0;1;1;0;60;1;0;1;2;2;2;2;2;2;2;1;0;4.709530201312334;8.805277682886622;0;0;0.08
1;1;0;0;8;1;2;1;0;0;2;0;2;2;0;1;2;4.6210435351443815;6.709792026198225;1;1;0.98
0;0;0;0;47;1;2;1;2;0;2;0;2;0;1;0;1;4.563305981889393;8.437337966166773;0;0;0.15
1;0;1;1;26;1;2;1;0;0;0;0;2;0;0;1;2;4.43970574626056;7.636076534549736;1;1;0.8
0;1;1;1;3;1;0;1;2;0;0;2;2;0;0;1;3;4.492001487882454;5.61586159328373;1;1;0.84
0;0;1;1;50;1;0;1;0;0;0;0;0;0;0;1;0;4.259152536523347;8.177150588616483;0;0;0.21
1;0;1;1;27;1;2;0;0;0;0;2;2;2;0;0;0;4.28496492183075;7.579729894309281;0;0;0.02
0;1;0;0;8;1;0;1;0;0;2;0;2;2;0;1;2;4.533674184283021;6.594345057957625;1;1;0.89
0;0;1;0;62;1;2;2;1;1;1;1;1;1;2;0;0;3.204776900488699;7.256826386894137;0;0;0.0
0;0;1;0;71;1;0;0;2;0;2;2;2;2;2;0;0;4.417031743872572;8.687003474273121;0;0;0.0
1;0;0;0;66;1;2;2;1;1;1;1;1;1;2;0;3;3.261935314328648;7.437618531625265;0;0;0.01
1;0;1;1;68;1;2;1;2;2;2;2;2;2;2;1;0;4.751000634199631;8.968377085169347;0;0;0.09
0;0;0;0;13;0;1;0;0;0;2;0;2;2;0;0;2;3.9150185144079446;6.4775875582336;0;0;0.21
1;0;1;0;56;1;0;1;0;0;0;0;0;2;1;1;2;4.405498990859024;8.424748901024957;0;0;0.19
1;0;1;0;38;1;0;1;2;2;0;0;0;0;0;1;2;4.387635873438392;8.011039968299007;1;1;0.79
1;1;0;0;14;1;0;1;0;0;0;0;2;2;0;0;1;4.515792374836875;7.144486103804862;1;1;0.61
0;0;0;1;16;1;0;2;1;1;1;1;1;1;1;1;0;3.0106208860477417;5.88984701772899;0;0;0.14
0;0;1;1;14;1;0;1;0;0;0;0;0;0;0;0;2;4.26549281841793;6.9541616517962925;0;0;0.49
1;0;1;1;32;1;0;1;0;0;0;0;0;0;0;1;0;4.259152536523347;7.76170241244579;1;1;0.79
0;0;0;0;8;1;0;0;2;0;0;2;0;0;1;0;0;4.0118683403978626;6.106465939802488;0;0;0.07
0;0;1;1;43;1;2;1;0;0;2;0;2;2;0;1;0;4.60816569496789;8.345443554427222;0;0;0.16
0;0;0;0;52;1;2;0;2;0;2;2;2;0;1;0;1;4.31748811353631;8.263242433928468;0;0;0.02
1;0;0;0;3;1;0;0;0;0;0;2;0;0;0;1;3;3.9367156180185177;5.0323967858777685;0;0;0.21
1;0;0;0;29;1;0;2;1;1;1;1;1;1;1;1;3;3.0349529867072724;6.351234695954017;0;0;0.0
0;0;0;0;1;1;0;2;1;1;1;1;1;1;0;0;3;3.027715319407042;3.027715319407042;1;0;0.3667142857142857
1;1;0;0;12;0;1;0;0;0;2;2;0;2;0;1;2;3.798854307322508;6.269001582252524;1;1;0.85
0;0;1;1;16;0;1;0;0;0;0;0;0;2;0;1;1;3.597312260588446;6.316623023828922;0;0;0.17
0;0;0;0;40;1;2;0;0;0;2;2;2;2;1;1;3;4.403665809777363;8.07391717591148;0;0;0.05
0;0;0;0;5;0;1;0;0;0;2;0;0;2;0;0;2;3.7013019741124933;5.355406333532164;1;1;0.9
1;0;1;0;40;1;2;1;0;0;0;0;2;2;0;1;0;4.585987366571318;8.218234442236687;1;1;0.81
0;0;0;0;36;1;0;2;1;1;1;1;1;1;1;0;3;3.022860940942244;6.432538082683514;0;0;0.0
0;0;0;0;5;1;0;1;0;0;0;0;0;2;0;1;2;4.394449154672439;6.024657514463746;1;1;0.85
0;0;0;0;10;1;0;1;2;0;0;0;2;0;0;1;3;4.450852825603734;6.725093664375078;1;1;0.79
1;0;1;1;2;1;0;1;0;0;0;0;2;2;0;1;0;4.505902184329423;5.228699299667167;1;1;0.78
1;0;0;0;23;1;2;1;0;0;0;2;2;0;0;1;2;4.517431271680085;7.572605860386969;1;1;0.68
1;0;1;1;26;1;0;2;1;1;1;1;1;1;1;1;0;3.0469005601283903;6.228313745478304;0;0;0.0
0;1;1;0;72;1;2;1;2;2;2;0;2;2;2;1;2;4.730921391293652;8.993160253994853;0;0;0.02
0;0;1;0;34;1;0;0;0;0;0;2;0;0;0;0;0;3.9357395320454622;7.504556743755398;0;0;0.04
1;0;0;0;10;1;0;0;2;0;0;2;2;0;0;0;0;4.1470951276076295;6.419913491606522;0;0;0.04
0;0;0;0;14;1;0;0;2;0;0;2;0;0;1;0;3;4.037774210733707;6.679787610302435;0;0;0.01
0;0;0;0;23;1;2;1;2;0;0;0;2;0;0;1;0;4.511408806173617;7.68285104218925;1;1;0.7
1;0;1;0;47;1;0;2;1;1;1;1;1;1;2;0;3;3.027715319407042;6.88151396777691;0;0;0.0
1;0;1;0;24;1;0;1;2;0;0;2;0;2;0;1;2;4.502583597212991;7.70129063357335;0;0;0.06
1;0;1;0;49;1;2;1;0;2;0;0;2;2;0;1;0;4.605670061029742;8.48771288609373;1;1;0.77
1;1;0;0;20;1;0;0;2;0;0;2;0;0;1;0;3;4.007333185232471;6.963095374015301;0;0;0.03
0;0;0;0;2;1;0;1;0;0;0;0;0;0;0;0;0;4.259152536523347;4.980519670191632;1;1;0.78
0;0;0;0;2;1;0;0;0;2;0;0;0;0;0;1;1;3.9130225057612296;4.522874943261261;1;1;0.77
1;0;0;0;22;0;1;0;0;0;2;2;2;2;2;0;0;4.056123349401903;7.17460944872248;0;0;0.02
1;0;0;0;7;1;2;1;0;0;2;0;2;2;0;1;0;4.59562477314456;6.570882962339584;1;1;0.89
1;0;0;0;1;1;0;2;1;1;1;1;1;1;0;0;3;3.095577608523707;3.095577608523707;0;0;0.10416666666666669
0;0;1;1;59;1;2;1;0;2;0;2;0;2;0;1;0;4.581389657322688;8.627266584002568;0;0;0.11
0;0;1;1;58;1;2;2;1;1;1;1;1;1;1;1;1;3.2386784521643803;7.31248678473655;0;0;0.02
0;0;0;0;41;1;2;1;2;2;2;2;2;2;0;1;0;4.749270529961848;8.418134996570434;1;1;0.84
0;1;0;0;59;1;2;1;0;2;0;0;0;0;2;1;1;4.384523514872469;8.431929377457534;0;0;0.03
0;0;1;1;3;1;0;1;0;0;0;0;0;0;0;1;2;4.256321678298823;5.304299438225584;0;0;0.13
1;0;0;0;32;1;0;2;1;1;1;1;1;1;2;1;0;3.0469005601283903;6.422353707556304;0;0;0.0
1;1;1;0;46;1;2;1;0;0;2;0;2;2;0;1;2;4.603669059861824;8.426370925842464;0;0;0.4
1;0;0;0;2;1;0;1;0;0;0;0;0;2;0;1;2;4.406109305189839;5.148366189784533;1;1;0.81
0;0;1;1;52;1;0;2;1;1;1;1;1;1;1;0;1;3.0252910757955354;6.921066293041809;0;0;0.0
0;1;0;0;13;1;0;1;0;0;2;0;0;0;0;1;2;4.321480134805848;6.847315015170721;1;1;0.85
0;1;0;0;11;1;0;1;0;0;0;0;2;2;0;0;0;4.507557357121091;6.955306580840359;1;1;0.9
1;0;0;0;32;1;2;1;2;0;0;2;0;0;0;0;0;4.484696032520217;7.925663530235284;0;0;0.04
1;1;1;0;17;1;2;1;0;0;2;0;2;2;0;1;1;4.619566066271823;7.392308793409265;1;1;0.61
0;0;0;0;16;1;2;1;0;0;0;0;0;0;0;1;1;4.327438444389479;7.030282598261829;0;1;0.67
0;0;0;0;51;1;2;1;2;2;2;0;2;2;1;0;0;4.6862892372728835;8.645040962822444;0;0;0.06
1;0;0;0;29;1;0;0;0;0;2;2;2;2;1;1;0;4.335328031664641;7.716416255754423;0;0;0.03
1;0;1;0;70;1;0;0;2;2;2;2;0;0;2;0;1;4.188896879163323;8.417207096540311;0;0;0.01
0;0;1;1;71;1;2;1;2;0;2;2;0;2;2;0;2;4.619566066271823;8.876363020539099;0;0;0.03
1;0;1;1;41;1;2;0;0;2;2;0;2;0;1;0;0;4.241326752570746;7.9518937822624975;0;0;0.0
1;0;0;0;1;1;0;1;0;0;0;0;2;0;0;1;2;4.401216329067023;4.401216329067023;0;0;0.43
0;0;1;0;7;1;0;0;2;0;2;2;2;2;0;0;0;4.409763389645481;6.36492285908106;0;0;0.29
1;0;1;1;25;1;0;1;0;0;0;0;2;2;1;1;2;4.515245478460105;7.686896652708943;1;1;0.66
1;0;1;1;67;1;2;1;2;2;0;2;0;0;1;0;2;4.505902184329423;8.706084784842092;0;0;0.02
1;0;1;1;5;1;2;0;0;0;0;2;0;0;0;1;3;4.037774210733707;5.562218910334414;0;0;0.08
1;0;0;1;15;1;2;2;1;1;1;1;1;1;0;1;2;3.250374491927572;5.78428661431516;0;0;0.07
0;0;1;1;20;1;0;2;1;1;1;1;1;1;0;0;2;3.044522437723423;6.037035248650441;0;0;0.04
1;0;1;1;3;1;0;0;0;2;2;0;0;0;0;1;3;4.04567939024082;5.130785895226717;1;1;0.76
1;0;1;1;54;1;2;1;0;2;0;2;2;2;1;1;2;4.665324108807838;8.63743542299231;0;0;0.07
1;0;0;0;42;1;0;2;1;1;1;1;1;1;1;1;3;3.022860940942244;6.7338779689708455;0;0;0.0
0;0;1;0;9;1;0;1;0;0;0;0;0;2;0;1;2;4.391357962102766;6.6465203765452046;0;0;0.31
0;0;0;0;63;1;2;1;0;2;0;0;2;2;2;0;0;4.589548805085134;8.740976538017787;0;0;0.03
0;0;1;0;69;1;2;2;1;1;1;1;1;1;2;0;0;3.228826155721369;7.404157382082404;0;0;0.0
0;0;0;0;69;1;2;2;1;1;1;1;1;1;2;0;1;3.242592351485517;7.425983436264869;0;0;0.0
1;0;1;0;40;1;0;0;0;2;0;0;0;0;0;1;3;3.9347624923976356;7.630218513876136;0;0;0.14
1;0;0;0;60;0;1;0;2;2;2;0;0;0;2;0;0;3.703768066607687;7.793792967685271;0;0;0.02
0;0;0;0;4;1;0;1;2;0;2;2;0;2;0;1;0;4.558078578454241;5.9615206707349095;1;1;0.78
0;1;0;0;71;1;2;0;2;2;2;2;2;2;2;0;3;4.50920979484218;8.747423571732076;0;0;0.01
0;0;1;0;37;1;2;1;0;0;2;0;0;0;0;1;1;4.381401439279963;7.951788178207204;1;1;0.78
1;0;1;0;32;1;2;1;0;2;0;0;2;2;0;1;1;4.603669059861824;8.054173120264645;0;0;0.21
1;0;0;0;39;1;2;0;0;0;0;2;0;0;2;1;1;4.00460218672124;7.696985068219127;0;0;0.0
0;0;0;0;38;1;2;2;1;1;1;1;1;1;1;1;2;3.228826155721369;6.819361128219541;0;0;0.0
1;0;0;0;52;1;2;1;0;0;2;0;0;2;2;1;1;4.504797211841304;8.429181314093023;0;0;0.04
0;0;1;1;48;1;2;1;2;2;0;0;2;2;0;1;1;4.665794807804526;8.516893146407236;0;0;0.11
1;0;1;1;70;0;1;0;2;0;2;2;2;2;2;0;0;4.102643365036796;8.329851052565411;0;0;0.01
1;0;0;0;20;1;0;1;0;0;0;0;0;0;0;0;1;4.27039650600246;7.309580437169706;0;0;0.09
0;0;0;0;50;1;2;0;2;0;2;2;2;2;1;1;1;4.42484663185681;8.338090448677617;0;0;0.09
0;0;0;0;19;0;1;0;0;0;0;0;2;2;1;1;1;3.825375198702474;6.796320798535832;1;1;0.71
1;0;1;1;25;1;0;0;2;2;2;0;0;0;1;1;0;4.136765278106052;7.385230923066573;0;0;0.03
1;0;0;0;12;1;0;0;0;2;0;0;0;0;0;1;0;3.9130225057612296;6.3869634909042965;0;0;0.15
1;1;1;0;39;1;2;1;0;2;2;0;2;2;0;1;2;4.669552444917359;8.363062511388982;1;1;0.88
1;0;0;0;7;1;0;1;0;0;2;0;0;0;0;0;3;4.326117440234365;6.3017944601011076;1;1;0.81
0;0;1;1;23;1;0;0;2;2;2;2;0;0;1;1;3;4.208417018481948;7.336155358372797;0;0;0.02
1;0;0;0;27;1;0;2;1;1;1;1;1;1;0;1;2;3.0155349008501706;6.274385302458052;0;0;0.01
1;1;0;0;47;1;2;1;0;0;0;0;2;0;0;1;1;4.466482666214198;8.260130846898402;0;0;0.48
1;0;1;1;26;1;0;2;1;1;1;1;1;1;2;1;1;3.0032042883926917;6.247559198561878;0;0;0.0
0;0;1;0;14;1;2;0;2;0;0;0;2;0;0;1;0;4.185098925490565;6.848005274576363;1;1;0.69
0;1;1;0;11;1;2;1;0;0;2;2;2;2;0;1;0;4.654436427291009;7.034079512315632;1;1;0.92
1;0;0;1;2;1;0;2;1;1;1;1;1;1;0;0;3;3.0081547935525483;3.8989377658794906;0;0;0.09
0;0;1;1;26;1;0;1;2;2;0;0;0;0;0;0;2;4.418238016636454;7.635811004030272;0;0;0.1
0;1;1;0;72;1;2;1;2;2;2;2;2;2;2;1;0;4.750568388677448;9.028212796366661;0;0;0.0
0;0;1;1;63;1;0;2;1;1;1;1;1;1;2;0;1;3.044522437723423;7.0985822288198035;0;0;0.0
1;0;1;1;71;1;0;2;1;1;1;1;1;1;2;0;3;3.0349529867072724;7.242261298149807;0;0;0.0
1;0;1;1;11;1;2;0;2;0;0;0;2;0;0;1;0;4.191924890560965;6.585274700987661;0;0;0.18
1;1;1;0;14;1;0;2;1;1;1;1;1;1;1;0;3;3.027715319407042;5.436556410771803;0;0;0.04
0;0;0;1;13;1;2;0;2;2;2;2;2;2;2;0;1;4.499253960396542;7.058543168104206;0;0;0.04
1;0;0;1;6;1;0;2;1;1;1;1;1;1;0;1;3;3.054001181677967;4.598648968997826;0;0;0.0
1;1;1;1;11;1;2;1;0;0;0;0;0;0;0;1;1;4.333361462692601;6.654539043411635;0;0;0.15
1;0;1;0;18;1;2;0;0;2;0;0;0;0;0;0;1;4.056988775678332;6.980680408996694;0;0;0.05
1;0;0;0;1;0;1;0;0;0;0;0;0;2;0;1;2;3.5986811861957873;3.5986811861957873;1;1;0.97
0;0;1;0;32;1;0;1;2;0;0;0;0;0;0;1;0;4.33729074083249;7.75177634797621;0;0;0.16
1;0;0;0;29;0;1;0;2;0;0;2;0;0;1;0;3;3.6000482404073204;6.978772766217417;0;0;0.0
0;0;0;0;3;1;2;0;0;0;0;0;2;0;0;1;2;4.114963849424837;5.144583266605995;0;0;0.19
0;0;0;0;2;1;2;1;0;0;0;0;2;2;0;1;2;4.565909472034789;5.28776185260852;1;1;1.0
1;0;1;1;13;1;0;1;0;0;2;0;2;2;0;1;3;4.581389657322688;7.0594887540080675;1;1;0.88
0;0;0;0;41;0;1;0;0;2;0;0;0;2;0;1;2;3.7220724214697003;7.425864314194387;0;0;0.31
0;0;0;0;1;1;0;2;1;1;1;1;1;1;0;0;2;2.9882040071331994;2.9882040071331994;0;0;0.06
1;0;0;0;7;1;0;0;0;0;0;0;2;0;0;0;3;4.02266952551521;5.917279648918606;0;0;0.12
0;0;1;0;52;1;0;0;2;0;2;0;2;0;1;1;3;4.178992036282385;8.134936668444954;0;0;0.01
0;0;1;1;45;1;2;2;1;1;1;1;1;1;2;1;0;3.2445435716167785;7.038608087400899;0;0;0.0
1;0;1;0;70;1;2;0;0;2;2;2;2;0;2;0;1;4.345103280569283;8.568883906821593;0;0;0.02
0;0;0;0;53;1;0;2;1;1;1;1;1;1;2;0;3;2.9806186357439426;6.914432933735378;0;0;0.0
0;1;1;0;62;1;2;1;0;2;2;0;2;0;1;1;1;4.594614672048575;8.689051869360071;0;0;0.05
0;0;1;0;60;1;2;1;2;2;0;0;0;2;0;1;1;4.554928969551344;8.608294526446507;0;0;0.25
0;1;1;0;3;1;0;1;0;0;0;0;2;0;0;1;2;4.399375273008495;5.416322599738942;1;1;0.86
0;1;1;0;23;1;0;1;2;0;0;0;2;2;0;1;2;4.565389315976247;7.752356649964447;0;0;0.13
1;0;0;1;1;0;1;0;0;2;0;0;0;0;0;1;3;3.4766140209469096;3.4766140209469096;1;1;0.82
0;0;0;0;67;1;0;0;2;0;2;2;0;2;1;1;0;4.295242504588991;8.51569206528997;0;0;0.01
0;0;0;0;12;1;2;1;0;2;0;0;2;0;0;1;0;4.5081084731449605;6.959778307049289;1;1;0.89
0;1;1;0;71;1;2;0;2;2;2;2;0;2;2;1;0;4.4272389774954295;8.671149566653297;0;0;0.01
1;0;0;0;25;1;0;2;1;1;1;1;1;1;1;0;1;3.039749158970765;6.237933923725689;0;0;0.0
0;0;0;0;5;1;2;0;2;0;0;0;0;0;0;1;2;4.00369019395397;5.652313726281008;0;0;0.09
1;0;0;0;26;1;2;0;0;0;0;0;0;0;1;1;1;3.96176509732296;7.167346471267392;0;0;0.07
1;0;1;1;1;1;0;2;1;1;1;1;1;1;1;0;3;3.027715319407042;3.027715319407042;0;0;0.01
1;1;0;0;70;0;1;0;0;2;2;0;2;0;1;1;1;3.807772984054347;8.010575369090423;0;0;0.07
1;0;1;1;72;1;2;1;2;2;2;2;2;2;2;1;2;4.74493212836325;8.9988968575102;0;0;0.01
1;0;1;0;60;1;0;1;0;2;0;0;2;2;1;1;2;4.558078578454241;8.632528790096142;1;0;0.22
0;1;1;1;32;1;2;1;0;2;0;0;2;2;0;1;2;4.619073091157083;8.076717295968262;0;0;0.17
1;0;0;0;1;1;0;2;1;1;1;1;1;1;0;1;2;3.0373539482448106;3.0373539482448106;1;1;0.78
0;0;0;0;14;1;2;0;0;2;0;0;0;0;1;1;3;4.0118683403978626;6.651830238143548;0;0;0.04
0;0;0;0;13;1;2;1;2;0;0;0;0;0;0;1;1;4.394449154672439;6.937653829328;0;0;0.05
0;0;0;0;6;1;2;1;0;2;2;2;2;2;0;1;1;4.7086288943563215;6.5079491287256515;1;1;0.79
0;0;0;0;46;1;2;0;2;0;2;0;2;2;2;0;3;4.384523514872469;8.187243635784219;0;0;0.02
1;0;0;0;15;1;0;1;0;0;2;2;2;2;0;1;2;4.628398312107299;7.349198669755537;1;1;0.77
1;1;1;0;43;1;2;1;0;2;0;2;2;0;0;1;2;4.557029810660157;8.282520939278072;0;0;0.14
1;0;0;0;39;1;0;0;0;0;0;2;0;0;2;1;0;3.927896354584436;7.586879597178514;0;0;0.0
1;1;0;0;21;1;0;0;0;0;2;0;2;0;0;1;0;4.111693200556713;7.120565626156555;1;1;0.77
1;0;0;0;57;0;1;0;2;0;2;0;2;2;0;1;2;4.00277736869661;8.069968149059841;0;0;0.23
0;0;1;0;53;1;0;1;0;0;0;2;2;2;1;1;2;4.548070593947519;8.491506084480253;0;0;0.04
1;0;1;1;18;1;0;1;2;0;2;0;2;0;0;1;3;4.487512142519859;7.314219887423385;0;1;0.54
0;0;0;0;1;1;2;0;0;0;0;0;0;2;0;1;2;4.113329862133181;4.113329862133181;1;1;0.92
0;0;1;0;58;1;2;0;2;0;0;2;0;0;1;1;0;4.127940511650616;8.15471573110751;0;0;0.01
0;1;0;0;71;1;2;1;0;0;2;0;2;2;2;0;0;4.654436427291009;8.911199564935444;0;0;0.04
0;0;0;0;35;1;0;1;0;0;2;2;2;2;1;1;2;4.6076670661866785;8.169902647359145;0;0;0.17
1;0;0;0;3;1;0;1;0;0;2;0;0;2;0;0;1;4.462453883786496;5.551990122897069;0;1;0.57
1;0;0;0;38;1;2;1;2;2;0;0;2;2;1;1;2;4.662022997580874;8.26571446392467;0;0;0.07
1;0;1;1;35;1;2;0;2;2;2;2;0;0;2;1;1;4.25063580654847;7.820499730229632;0;0;0.02
1;0;0;0;7;1;2;1;0;0;2;0;2;0;0;1;2;4.515792374836875;6.387636608304554;1;1;0.94
0;0;0;0;47;1;0;0;0;0;2;2;2;2;2;0;3;4.323470185213858;8.163741618260106;0;0;0.01
0;0;0;0;14;1;0;0;0;2;0;0;0;0;0;0;2;3.9406104622800586;6.641769464612117;0;0;0.04
0;1;1;0;20;1;0;0;0;2;0;0;0;2;0;1;2;4.110873864173311;7.139144739150198;0;0;0.06
1;0;1;0;66;1;2;0;2;2;0;2;2;2;2;0;2;4.457250055911469;8.619632444337945;0;0;0.02
1;0;1;0;15;1;0;2;1;1;1;1;1;1;0;1;1;3.017982882488811;5.834372044359803;0;0;0.11
0;0;0;0;42;1;0;2;1;1;1;1;1;1;2;1;0;3.079613757534693;6.739869029984439;0;0;0.0
0;0;1;0;17;1;2;1;2;0;0;0;0;0;0;0;2;4.380775852772229;7.2078228337095505;0;0;0.1
1;0;0;0;37;1;2;1;0;2;0;2;2;2;1;1;1;4.658710952916121;8.237214703349489;0;0;0.05
0;0;0;0;12;1;0;0;0;2;0;0;0;0;0;1;2;3.919991175077323;6.417793810395455;0;0;0.02
1;0;1;0;53;1;0;1;0;2;0;0;2;2;1;1;0;4.55650501400681;8.490633587080888;1;1;0.66
0;0;0;0;60;1;2;2;1;1;1;1;1;1;2;0;3;3.258096538021482;7.317245608339922;0;0;0.0
1;0;1;1;18;0;1;0;0;0;0;0;0;0;0;0;1;3.279029747687948;6.150282887865634;0;0;0.09
1;0;0;0;1;1;2;1;0;0;0;0;0;0;0;1;2;4.3294166844015844;4.3294166844015844;1;1;0.97
0;0;0;0;3;1;0;1;0;0;0;0;0;0;0;1;2;4.264790324535862;5.274024673978992;0;0;0.17
0;0;0;1;9;1;0;0;0;0;0;2;2;2;0;1;1;4.254193263163997;6.349925395369821;0;0;0.12
0;0;0;0;1;1;0;1;0;0;0;0;2;0;0;1;2;4.3975308212098465;4.3975308212098465;1;1;0.92
1;0;1;0;56;1;2;1;2;2;2;0;0;0;1;1;2;4.544889255103161;8.566925768517926;0;0;0.09
1;0;1;1;17;1;0;1;0;0;0;0;0;0;0;1;2;4.248495242049359;7.048082279073415;1;1;0.82
0;0;1;1;11;1;2;0;0;0;0;2;0;2;0;1;2;4.209902902856373;6.60907966505549;1;1;0.69
1;0;0;0;7;1;0;1;0;0;0;0;0;0;0;1;2;4.256321678298823;6.258337861283517;0;0;0.21
0;0;1;1;69;1;0;2;1;1;1;1;1;1;2;0;0;3.054001181677967;7.253930291064735;0;0;0.0
1;0;0;0;19;1;2;1;0;0;0;0;0;2;0;1;0;4.465908118654584;7.335275377871133;1;1;0.79
0;0;1;1;3;1;0;1;0;0;0;0;0;2;0;1;2;4.398146016553765;5.5256521224807145;1;1;0.86
1;0;1;1;54;1;0;2;1;1;1;1;1;1;2;0;1;3.0633909220278057;6.995399788834184;0;0;0.01
1;0;1;0;62;1;2;2;1;1;1;1;1;1;1;1;1;3.2088254890146994;7.277800441859041;0;0;0.01
1;0;0;0;24;1;2;1;0;2;0;0;2;0;0;1;1;4.51688527112052;7.7334865285972905;1;1;0.78
0;0;1;1;62;1;2;0;0;0;0;0;2;2;0;1;1;4.268997904375876;8.3667074541417;0;0;0.08
1;0;0;0;17;1;2;0;2;0;0;0;0;2;0;0;0;4.200954297280359;7.0140953147534635;0;0;0.09
1;0;0;0;9;0;1;0;0;0;0;0;0;0;0;1;3;3.242592351485517;5.252796851246227;0;0;0.35
1;0;1;1;64;1;0;0;2;0;2;2;2;0;2;0;3;4.2520603082138555;8.400378436824402;0;0;0.0
0;0;0;0;2;1;2;1;0;0;0;0;0;0;0;1;2;4.3425058765115985;4.972240906108944;1;1;0.89
1;0;1;1;1;1;0;0;0;0;0;0;0;0;0;1;3;3.846951008684431;3.846951008684431;1;1;0.84
0;0;1;0;16;0;1;0;0;0;0;2;2;2;0;1;2;3.9308447596687337;6.698514632836919;1;1;0.74
0;0;1;0;72;1;2;2;1;1;1;1;1;1;2;0;0;3.2445435716167785;7.512644851783918;0;0;0.0
1;0;0;0;30;1;2;1;2;2;2;0;0;0;1;0;0;4.515245478460105;7.945077099207139;0;0;0.03
0;0;1;0;49;1;2;1;2;0;0;0;2;2;0;1;3;4.623501142672815;8.48639371986271;0;0;0.07
1;0;1;0;61;1;2;0;2;0;2;2;0;2;2;0;1;4.335328031664641;8.461743904421848;0;0;0.0
1;0;1;1;47;1;2;1;0;2;0;0;2;0;0;0;2;4.4796069630127455;8.298651535121714;0;0;0.09
1;0;0;0;20;1;0;0;2;0;2;0;0;2;0;0;1;4.180522258463153;7.2439417604935326;0;0;0.04
1;0;1;1;34;1;0;1;0;0;0;0;2;0;0;0;2;4.373238128640803;7.8498307098300195;1;1;0.89
0;0;1;1;70;1;2;2;1;1;1;1;1;1;2;0;0;3.246490991901174;7.430647803966266;0;0;0.0
1;0;0;1;54;1;0;1;2;2;0;2;2;2;1;1;2;4.671425981765156;8.670369110604383;0;0;0.16
1;1;1;0;61;1;2;1;0;2;2;2;2;0;1;1;3;4.598145571051127;8.710710178193091;0;0;0.06
1;0;0;0;3;1;2;1;0;0;0;0;0;0;0;1;2;4.356067595503785;5.435467204695271;1;1;0.96
1;0;0;0;13;1;0;2;1;1;1;1;1;1;1;0;3;3.017982882488811;5.60285655606624;0;0;0.0
0;1;0;0;16;1;2;1;0;0;0;0;2;2;0;1;2;4.576256175823449;7.333153724797752;1;1;0.85
0;0;1;1;3;1;0;0;0;2;0;0;2;0;0;1;1;4.089332020398556;5.133442723357803;0;0;0.19
1;0;0;0;25;1;0;2;1;1;1;1;1;1;0;1;3;3.0516399054922867;6.286649651287163;0;0;0.0
1;0;0;0;30;1;2;0;2;0;0;0;0;2;0;1;3;4.182050142641207;7.544041060412427;0;0;0.02
0;0;1;0;21;0;1;0;2;0;0;0;0;0;0;0;2;3.3843902633457743;6.446275220677278;0;0;0.39
1;0;0;0;1;1;0;0;0;0;0;0;0;0;0;0;2;3.835141961092188;3.835141961092188;1;1;0.99
0;0;0;0;15;1;0;2;1;1;1;1;1;1;0;0;0;3.0155349008501706;5.670914871030584;1;1;0.73
1;1;1;0;23;1;0;1;0;0;0;0;2;2;0;1;2;4.515792374836875;7.658345555078573;0;0;0.26
0;0;1;1;45;1;2;1;2;2;0;0;2;2;0;1;2;4.664853188149265;8.462082092161538;0;0;0.09
0;0;1;1;24;1;2;1;0;2;2;0;0;0;1;0;0;4.432600920636815;7.617784158410599;0;0;0.04
0;0;0;0;11;1;2;1;0;0;0;2;2;0;0;0;2;4.512506501124672;6.896643774227418;1;1;0.75
1;0;0;0;1;1;0;0;0;0;0;0;0;0;0;0;3;3.829727762701316;3.829727762701316;1;1;0.78
0;0;1;0;56;1;2;1;0;0;2;2;2;2;2;0;0;4.646312129319266;8.656146110968495;0;0;0.06
0;0;0;0;1;1;0;1;0;2;0;0;0;0;0;0;2;4.341204640153626;4.341204640153626;1;1;0.81
1;0;0;0;1;1;0;2;1;1;1;1;1;1;0;0;2;3.017982882488811;3.017982882488811;0;0;0.4618333333333334
0;0;0;0;7;1;0;1;0;0;0;0;0;2;0;1;2;4.385769620952716;6.261777902898582;1;1;0.94
0;1;1;0;55;1;0;1;0;0;2;2;2;0;2;0;1;4.497584975308154;8.477682836320778;0;0;0.01
0;0;0;0;2;0;1;0;0;0;0;2;0;0;0;1;2;3.462606009790799;4.095177548525992;1;1;0.86
0;0;1;1;72;1;2;0;2;0;2;2;2;2;2;1;1;4.464758032271346;8.717968426868438;0;0;0.0
0;1;0;0;45;0;1;0;0;0;0;0;0;2;1;0;2;3.5610460826040513;7.3762577821016055;0;0;0.22
0;0;0;0;47;1;0;2;1;1;1;1;1;1;2;0;3;3.0516399054922867;6.953875214595691;0;0;0.0
0;1;0;0;46;1;0;1;0;2;0;0;2;2;1;0;1;4.566948973167894;8.395070754160756;1;1;0.7
1;0;0;0;2;1;0;0;0;2;0;0;0;0;0;1;3;3.937690752176724;4.54063166485052;0;1;0.75
0;0;1;0;2;1;0;1;2;0;0;2;0;0;0;1;2;4.396299293960601;5.2758161012015234;0;0;0.25
0;0;1;0;12;1;0;0;0;2;0;0;0;0;0;1;2;3.9560398908449206;6.418528054768642;0;0;0.02
0;1;1;0;68;1;2;1;0;2;0;0;0;2;0;1;0;4.506454213048934;8.72072161785459;1;1;0.68
1;0;1;1;69;1;0;1;0;0;0;2;2;2;2;1;1;4.566429357671661;8.805779854602424;0;0;0.01
1;1;0;1;56;1;0;1;2;0;0;0;2;2;1;0;1;4.562262684976814;8.568893403001754;0;0;0.24
0;1;0;0;4;1;2;1;2;0;0;0;0;0;0;1;2;4.3975308212098465;5.719327685991663;0;0;0.06
1;0;1;0;64;1;2;0;0;2;2;2;2;0;2;1;0;4.345103280569283;8.480487712407822;0;0;0.0
1;0;1;0;59;1;2;1;2;2;2;0;2;2;1;1;2;4.710880640410205;8.771688112120344;1;1;0.67
1;0;1;1;62;1;2;1;2;2;2;2;2;2;2;0;0;4.758320365481766;8.876272243170533;0;0;0.08
1;0;1;1;63;1;2;2;1;1;1;1;1;1;2;0;1;3.2445435716167785;7.362327961197329;0;0;0.0
0;0;0;0;53;0;1;0;2;2;2;2;2;0;1;1;2;4.000033882750859;7.965615015163282;0;0;0.02
1;0;1;1;5;1;0;2;1;1;1;1;1;1;0;0;3;3.017982882488811;4.466482666214198;0;0;0.03
1;1;1;0;49;1;2;1;2;2;2;0;0;0;0;1;2;4.490881039585964;8.333378520481947;0;0;0.13
0;0;1;1;62;1;2;1;2;0;0;0;2;2;2;1;0;4.626442321263631;8.800769346112522;0;0;0.01
0;0;1;0;55;1;0;0;2;2;0;2;0;0;2;0;3;4.056988775678332;8.04335823198946;0;0;0.01
0;1;1;0;71;1;0;1;2;2;2;2;2;0;2;1;2;4.609162207257629;8.877556325611982;0;0;0.01
0;0;1;1;72;1;0;2;1;1;1;1;1;1;2;1;1;3.0492730404820207;7.190864411463781;0;0;0.0
1;0;1;1;36;0;1;0;2;0;2;2;2;2;1;0;1;4.122283930911342;7.7122425617849055;0;0;0.01
1;0;1;0;25;1;0;2;1;1;1;1;1;1;1;1;0;3.08876713952118;6.20687830036025;0;0;0.01
0;1;1;0;72;1;2;1;2;2;2;2;2;2;2;1;0;4.752296250878385;9.026291323928044;0;0;0.0
0;0;0;0;36;1;0;2;1;1;1;1;1;1;1;1;0;3.0081547935525483;6.523268577259164;0;0;0.01
1;0;0;0;1;1;0;0;0;0;0;0;2;2;0;1;3;4.155753190350744;4.155753190350744;0;0;0.24
0;0;1;0;72;1;2;1;2;0;2;0;2;2;2;1;2;4.66814498514948;8.928640371201949;0;0;0.01
1;0;1;1;59;1;0;2;1;1;1;1;1;1;2;0;3;3.0373539482448106;7.081078135312391;0;0;0.01
1;1;1;0;7;1;0;1;0;0;0;0;2;2;0;1;2;4.505349850705881;6.518704712142068;1;1;0.92
0;0;0;0;1;1;0;0;0;0;2;2;2;2;1;0;1;4.318820558770089;4.318820558770089;0;0;0.15
0;0;1;1;30;1;2;1;0;2;2;2;2;2;0;1;2;4.686750172980514;8.08440827265311;0;0;0.18
1;0;0;0;64;1;0;2;1;1;1;1;1;1;2;0;3;3.022860940942244;7.1237936481663;0;0;0.02
1;0;0;0;63;1;2;0;2;2;2;2;0;0;1;0;0;4.2456340097683265;8.321749920244295;0;0;0.01
1;1;1;0;72;1;2;0;2;2;2;0;2;2;2;0;1;4.4479314095616;8.682851687313653;0;0;0.01
1;0;1;0;8;1;0;1;2;0;0;0;0;0;0;0;2;4.330733340286331;6.451970086973957;1;1;0.76
0;0;0;0;62;1;2;0;0;2;2;2;2;2;2;0;0;4.448516375942715;8.555297897449783;0;0;0.0
1;0;1;1;67;1;2;1;0;2;2;2;2;2;2;1;0;4.720282993088596;8.926889336052218;0;0;0.13
1;0;0;0;6;1;0;0;0;0;0;0;0;0;0;0;2;3.82319179172153;5.6056182258689695;1;1;0.74
0;0;1;1;70;1;2;0;2;0;0;2;2;2;2;1;0;4.401829261970061;8.605423824810597;0;0;0.01
0;1;0;0;20;1;0;1;0;0;0;0;2;0;0;0;0;4.403054001865957;7.387214066998628;0;0;0.09
0;0;0;0;5;1;2;1;0;0;0;0;0;0;0;0;2;4.338597076746545;6.000176487710004;0;1;0.82
0;0;1;1;24;0;1;0;2;2;2;0;2;2;1;0;2;4.070734696582967;7.221653193564811;0;0;0.09
0;0;1;0;11;1;0;0;0;0;0;0;0;0;0;1;2;3.807772984054347;6.18353014285133;1;1;0.69
1;0;1;0;72;1;2;1;0;2;2;2;2;2;2;1;1;4.71492104994721;8.982586208104289;0;0;0.02
0;0;1;1;66;1;0;0;2;2;0;2;0;0;2;1;1;4.0809215418899605;8.245856797500542;0;0;0.01
0;0;1;1;45;1;0;0;2;0;2;2;2;2;2;1;3;4.406719247264253;8.170355417755697;0;0;0.0
0;0;1;1;69;1;0;2;1;1;1;1;1;1;2;0;0;3.0301337002713233;7.242726389477083;0;0;0.0
1;1;1;0;15;1;2;1;0;0;0;0;0;2;0;1;0;4.461299815568389;7.205301044870807;1;1;0.9
0;0;0;0;28;1;0;0;0;0;2;0;2;0;0;1;0;4.1034694699991014;7.4069839169024645;0;0;0.1
0;0;0;0;70;1;2;1;2;2;2;2;2;2;1;0;1;4.758320365481766;9.00314398599142;1;1;0.68
0;0;0;0;36;1;0;0;2;2;2;2;0;2;1;1;3;4.337944122103693;7.894001085943517;0;0;0.08
1;1;0;0;16;1;2;1;0;0;0;0;2;0;0;1;2;4.472780997942346;7.156176637480615;1;1;0.88
0;0;0;0;18;1;2;1;0;0;0;0;2;0;0;1;2;4.456670177669648;7.3491665138637705;1;1;0.88
0;0;1;0;34;1;2;1;0;0;0;0;2;2;0;1;2;4.591578232468624;8.073574400675193;1;1;0.9
1;0;1;1;42;0;1;0;0;2;2;0;0;2;1;1;1;3.8308129500026027;7.6256194620789195;0;0;0.0
1;0;0;0;48;1;2;0;2;0;0;2;0;2;1;1;0;4.2759714333333765;8.197043022159876;0;0;0.01
1;0;1;0;47;1;2;1;0;2;2;2;2;2;0;1;2;4.705467907303455;8.541993115321715;1;1;0.78
0;0;1;1;39;1;2;1;0;2;2;2;0;0;1;1;2;4.505902184329423;8.153479246017834;1;1;0.6
0;0;1;1;11;1;0;2;1;1;1;1;1;1;2;0;1;3.086486636822455;5.314682720634301;0;0;0.0
1;0;0;0;7;1;0;2;1;1;1;1;1;1;0;1;3;3.0421386463681466;5.000584958242754;0;0;0.05
0;0;0;0;3;1;2;2;1;1;1;1;1;1;0;0;3;3.242592351485517;4.469923036580066;0;0;0.04
1;0;0;0;8;1;0;0;2;0;2;0;0;2;0;1;2;4.215086179918229;6.363028103540465;0;0;0.06
1;0;0;1;1;1;0;2;1;1;1;1;1;1;0;1;3;3.017982882488811;3.017982882488811;1;1;0.61
1;0;1;1;32;1;0;1;2;2;2;0;0;2;1;0;3;4.562262684976814;8.049602648334776;0;0;0.09
1;0;1;1;60;1;0;0;2;2;2;2;0;0;1;1;0;4.202451303547952;8.276216571950236;0;0;0.02
0;0;1;0;10;1;0;2;1;1;1;1;1;1;0;1;0;3.0421386463681466;5.240423388129134;0;0;0.05
0;0;1;0;71;1;2;2;1;1;1;1;1;1;2;1;0;3.2445435716167785;7.444920938079968;0;0;0.01
0;0;1;1;4;1;0;2;1;1;1;1;1;1;0;0;3;3.0610517396746335;4.348340577019075;1;1;0.61
0;1;0;0;1;1;0;1;0;0;0;0;0;0;0;1;2;4.2520603082138555;4.2520603082138555;1;1;0.99
0;0;1;1;43;0;1;0;2;2;0;2;2;0;1;1;0;3.9560398908449206;7.674431692830198;0;0;0.0
1;0;1;0;59;1;2;1;0;0;2;0;2;2;1;1;0;4.61015772749913;8.693178046992355;1;1;0.66
0;0;1;0;23;1;0;0;0;0;2;2;0;0;0;0;2;4.0118683403978626;7.108694120308154;0;0;0.17
0;0;1;0;72;1;0;2;1;1;1;1;1;1;2;0;0;3.0155349008501706;7.311518940450544;0;0;0.0
1;0;1;0;22;1;0;0;2;0;0;2;0;0;1;1;1;4.047427642434349;7.164875045851278;0;0;0.0
0;0;0;0;1;0;1;0;0;0;0;0;0;0;0;1;3;3.263849190510932;3.263849190510932;0;0;0.37
1;0;0;0;69;1;2;2;1;1;1;1;1;1;2;0;0;3.2168738221975275;7.446643440513011;0;0;0.0
1;0;0;0;50;0;1;0;2;0;0;2;0;0;1;1;3;3.594568774642695;7.467313922427702;0;0;0.01
0;1;0;0;1;0;1;0;0;0;0;0;0;0;0;1;2;3.265759410767051;3.265759410767051;1;1;0.91
1;0;0;0;2;1;0;0;0;0;0;0;0;0;0;1;3;3.828641396489095;4.57933942595357;1;1;0.85
0;0;1;0;15;1;0;1;0;2;0;0;0;0;0;0;0;4.335328031664641;7.017102835817419;0;0;0.12
1;0;0;0;31;1;0;2;1;1;1;1;1;1;2;0;0;3.0633909220278057;6.413622878157807;0;0;0.0
1;0;0;0;1;1;0;2;1;1;1;1;1;1;0;0;3;3.0516399054922867;3.0516399054922867;1;1;0.7209404761904762
1;0;1;0;66;1;2;1;0;2;2;0;2;2;0;1;1;4.663439094112067;8.872662408758712;1;1;0.77
1;0;0;1;3;1;0;0;0;0;0;0;2;0;0;1;1;4.019980146933238;5.138441998583912;1;1;0.74
0;0;0;0;8;1;0;2;1;1;1;1;1;1;2;0;3;3.044522437723423;4.960043507980195;0;0;0.0
1;0;1;1;64;1;0;0;2;0;2;0;2;2;1;1;1;4.304740540713808;8.45311323178993;0;0;0.12
0;0;1;0;28;1;0;2;1;1;1;1;1;1;0;0;3;3.068052935133617;6.335142900050929;0;0;0.02
0;0;1;0;57;1;2;1;0;0;2;0;2;2;1;1;1;4.622518824322705;8.697178688412643;0;0;0.1
0;0;1;1;14;1;2;1;0;0;2;0;0;2;0;1;2;4.480173695813406;7.13854948922687;1;1;0.71
1;0;0;0;19;1;0;2;1;1;1;1;1;1;2;1;3;3.0421386463681466;5.925591802957274;0;0;0.0
1;0;1;0;10;1;0;1;0;0;0;0;2;0;0;1;2;4.393831680123644;6.7548371725574246;1;1;0.84
0;0;1;0;51;0;1;0;0;2;0;0;2;2;0;1;2;3.9249392306946924;7.845553067140723;0;0;0.12
0;0;1;0;67;1;2;0;2;2;2;0;0;0;2;0;3;4.199455046624718;8.371901488055626;0;0;0.03
1;0;1;1;11;1;0;2;1;1;1;1;1;1;0;1;2;3.065724645374026;5.528635121610247;0;0;0.02
1;0;1;1;72;0;1;0;2;0;2;2;2;2;2;0;0;4.126327608075152;8.422893500895606;0;0;0.01
1;0;1;1;66;1;0;2;1;1;1;1;1;1;1;1;2;3.0610517396746335;7.215607558223301;0;0;0.0
0;0;0;0;18;1;2;1;0;0;0;2;2;0;0;1;2;4.492561241605437;7.40263443091844;1;1;0.89
0;0;0;0;9;1;0;2;1;1;1;1;1;1;0;1;2;3.0204248861443626;5.192123170141633;0;0;0.02
0;0;0;0;9;1;2;1;0;0;0;0;0;0;0;1;1;4.333361462692601;6.4533887505158;0;0;0.1
1;0;1;0;48;1;2;1;2;2;2;0;2;2;0;1;0;4.722508678405324;8.578495230792402;0;0;0.32
1;0;0;0;10;1;0;1;0;0;0;0;0;0;0;0;3;4.264790324535862;6.601909235902685;0;0;0.04
0;0;0;0;9;1;2;1;0;0;0;0;2;2;0;1;2;4.561740628060756;6.792232187726598;1;1;0.95
0;1;0;0;13;1;2;1;0;0;0;0;2;2;0;1;2;4.564868889214566;7.1631723908466425;1;1;0.89
1;0;0;0;4;1;2;1;0;2;0;0;0;0;0;0;2;4.375127892982725;5.802269421370855;1;1;0.81
1;0;0;0;4;1;0;1;0;0;0;0;0;0;0;1;2;4.26549281841793;5.4762543250241675;1;1;0.85
0;0;1;0;72;1;2;0;2;2;2;2;2;2;2;0;0;4.532599493153256;8.775765660721452;0;0;0.01
0;0;1;1;51;1;0;0;2;2;2;2;2;2;2;0;1;4.460144413937834;8.394562173260002;0;0;0.02
1;0;1;0;59;0;1;0;0;2;0;0;0;2;0;1;0;3.738859386418957;7.8053523684090385;1;1;0.7
1;0;1;0;10;1;2;1;0;0;0;0;2;0;0;1;2;4.461299815568389;6.703004047221998;1;1;0.79
1;1;1;0;61;1;2;1;0;2;0;0;0;0;0;1;2;4.420646205638937;8.498183649544655;0;0;0.1
1;0;0;0;54;1;0;1;2;0;2;2;0;0;1;0;2;4.447346100794524;8.408504922702773;0;0;0.04
0;0;0;0;33;1;2;0;2;2;0;0;0;0;0;1;3;4.12552017969055;7.618177385086264;0;0;0.06
0;0;0;0;27;1;0;2;1;1;1;1;1;1;2;1;0;3.056356895370426;6.290086559598097;0;0;0.01
0;1;0;0;1;1;0;1;0;0;0;0;2;0;0;1;2;4.384523514872469;4.384523514872469;1;1;1.0
1;0;0;0;23;1;0;1;0;2;0;0;2;2;0;0;3;4.56746831880408;7.693436060945015;0;0;0.11
1;0;0;1;1;1;0;2;1;1;1;1;1;1;0;0;3;3.0373539482448106;3.0373539482448106;0;0;0.25
1;0;1;1;45;1;0;0;2;2;2;2;2;2;2;1;3;4.4467604492404496;8.25817631817822;0;0;0.01
0;0;1;1;39;1;0;2;1;1;1;1;1;1;2;1;0;3.0373539482448106;6.752036703982716;0;0;0.0
1;0;0;0;5;1;0;0;0;0;2;0;2;2;1;1;3;4.2626798770413155;5.853351244978348;1;1;0.78
1;0;1;1;72;1;2;0;2;2;2;2;2;0;2;0;0;4.422448549172797;8.668393809802371;0;0;0.0
0;0;1;1;58;1;2;0;0;2;0;0;2;0;0;1;0;4.216562194946349;8.286873956352933;0;0;0.05
0;0;0;0;70;0;1;0;2;2;2;2;0;0;2;1;0;3.8199077165203406;8.025892378581256;0;0;0.01
1;0;1;1;61;1;0;1;0;2;0;2;2;2;1;1;0;4.599655005299981;8.723589283651368;0;0;0.02
1;0;0;0;2;1;0;1;0;0;0;0;0;0;0;0;3;4.272490747605575;4.869071729774468;0;0;0.3
0;0;1;1;46;1;2;2;1;1;1;1;1;1;1;0;3;3.2561716096118976;7.062105938812062;0;0;0.0
0;0;0;0;1;1;2;0;0;0;0;0;0;0;0;1;0;3.9308447596687337;3.9308447596687337;1;0;0.29
0;0;1;0;22;1;0;1;0;0;0;0;0;0;0;1;2;4.2520603082138555;7.349230824613334;1;1;0.72
0;0;0;0;48;1;0;1;2;0;2;2;2;2;2;1;1;4.639571612705423;8.49806133910021;0;0;0.08
1;0;0;0;64;1;2;0;0;2;2;2;2;2;2;0;1;4.472210058731861;8.63649507304189;0;0;0.0
1;0;1;1;72;1;2;2;1;1;1;1;1;1;2;0;0;3.2308043957334744;7.40503963218146;0;0;0.0
0;0;1;1;12;1;0;0;0;0;2;0;2;0;0;1;1;4.083452121055677;6.608742590187972;0;0;0.12
0;1;1;0;34;1;2;1;0;2;2;0;0;2;0;1;2;4.55650501400681;8.0766862265592;1;0;0.37
0;0;1;1;72;1;0;0;2;2;2;0;0;2;2;0;1;4.244917420701475;8.494783969903107;0;0;0.02
1;0;1;0;29;1;2;1;0;2;2;0;0;0;0;1;2;4.463606621666305;7.8002654821908886;0;0;0.15
1;0;1;1;33;1;0;2;1;1;1;1;1;1;1;0;1;3.0492730404820207;6.432216358237724;0;0;0.0
0;0;0;0;1;1;0;2;1;1;1;1;1;1;0;0;3;3.0610517396746335;3.0610517396746335;0;0;0.0759047619047619
0;0;1;1;62;1;2;1;0;2;2;2;2;2;1;1;2;4.716711560720999;8.830828057706112;0;0;0.16
1;0;1;0;41;1;2;0;0;0;2;0;2;2;1;1;2;4.30406509320417;8.007100632226075;1;1;0.68
0;0;0;0;64;1;2;1;0;0;2;0;2;2;1;1;1;4.61561544384963;8.741168396810304;1;1;0.73
0;0;0;0;4;1;0;1;0;0;2;0;0;2;0;1;1;4.429029488269218;5.770194240175453;0;0;0.32
0;0;0;0;24;1;2;1;2;0;0;2;0;0;0;1;2;4.4467604492404496;7.5699534413980665;0;0;0.13
0;0;1;1;14;1;0;2;1;1;1;1;1;1;1;0;3;3.022860940942244;5.688668836846153;0;0;0.0
1;0;0;1;3;1;0;2;1;1;1;1;1;1;0;0;3;3.0421386463681466;4.08260930600368;0;0;0.04
0;1;0;0;4;1;0;1;0;2;2;0;2;2;0;1;1;4.613138355637268;6.095486667514328;1;1;0.72
0;0;0;1;18;0;1;0;0;0;0;0;0;2;0;1;2;3.58351893845611;6.317164686747284;1;1;0.75
1;0;0;0;8;1;0;0;0;0;0;0;2;2;0;1;2;4.208417018481948;6.305271133319434;0;0;0.07
0;0;0;0;35;1;2;2;1;1;1;1;1;1;2;0;0;3.190476350346503;6.682233902881963;0;0;0.07
0;0;0;0;1;1;2;1;0;0;0;0;0;0;0;0;2;4.343805421853684;4.343805421853684;1;1;0.9
1;0;0;1;66;1;2;2;1;1;1;1;1;1;2;1;1;3.269568939183719;7.423449034144988;0;0;0.0
1;0;0;1;8;0;1;0;2;0;0;2;0;2;2;1;3;3.8188106237059674;5.841948942039205;0;0;0.01
0;0;1;0;71;1;2;1;2;0;2;0;2;2;1;1;1;4.6549122778829055;8.911024218626034;0;0;0.02
0;0;1;1;43;1;2;1;0;0;2;0;0;2;0;1;0;4.538496052720099;8.303999970955196;0;0;0.15
0;1;0;0;2;1;2;1;0;0;0;0;2;2;0;1;2;4.552296696381023;5.1466220032958425;1;1;0.96
1;1;0;0;29;1;0;1;0;2;2;0;2;2;0;1;0;4.629374874684909;7.989424846919935;0;0;0.23
0;0;1;0;15;1;0;1;0;0;2;0;2;0;0;1;2;4.446174454497633;7.177324296006991;1;1;0.56
1;0;1;1;65;1;2;1;2;2;2;2;0;0;2;0;1;4.559649670686282;8.712718855693774;0;0;0.05
1;0;0;0;35;1;2;1;0;0;2;2;2;0;0;0;2;4.56954300834494;8.137161884564883;0;0;0.15
1;0;0;0;64;1;0;1;2;2;0;0;2;2;1;1;1;4.618086411254637;8.795551936407135;0;0;0.08
0;0;1;1;58;0;1;0;0;0;2;2;2;2;2;1;1;4.034240638152395;8.060824186779545;0;0;0.0
0;1;0;0;18;1;0;0;0;2;0;0;0;0;0;1;1;3.928880122494569;6.764750584565133;0;0;0.14
1;0;1;1;67;1;2;1;0;2;0;0;0;2;0;1;0;4.505902184329423;8.759998183589703;0;0;0.05
1;0;1;1;63;1;0;2;1;1;1;1;1;1;2;1;3;3.0032042883926917;7.071615808132508;0;0;0.01
0;0;1;0;60;1;2;1;0;2;0;0;2;2;0;1;2;4.613138355637268;8.697303972913028;0;0;0.2
1;1;0;0;9;1;2;1;0;0;0;0;0;2;0;1;1;4.447346100794524;6.597827597583036;1;1;0.8
0;0;1;1;70;1;2;1;2;2;2;2;2;2;2;1;1;4.736636948730397;8.97081969463142;0;0;0.04
1;0;1;0;15;1;2;1;0;0;2;0;2;2;0;1;2;4.625952725170619;7.31658139922248;1;1;0.94
0;0;0;1;48;1;0;2;1;1;1;1;1;1;1;0;3;3.0421386463681466;6.8434300684255795;0;0;0.0
1;0;1;0;12;1;0;0;0;0;2;2;2;2;0;1;2;4.319486116198983;6.609888181471991;0;0;0.12
1;1;1;0;71;1;2;1;2;2;2;2;0;0;1;1;2;4.532599493153256;8.792731829921326;0;0;0.06
1;1;0;0;44;1;0;1;0;0;2;0;0;0;0;0;2;4.3154861108656375;8.046677431053746;0;0;0.37
1;0;0;0;1;1;2;0;0;0;0;0;0;0;0;1;2;3.9406104622800586;3.9406104622800586;1;1;0.69
1;0;1;1;45;1;2;2;1;1;1;1;1;1;2;0;3;3.2367157429965316;6.993244664997552;0;0;0.0
0;0;0;0;23;1;2;2;1;1;1;1;1;1;1;0;1;3.250374491927572;6.423814983997529;0;0;0.05
0;0;1;0;43;1;2;0;0;0;0;2;2;0;1;1;0;4.18737942818929;7.975633408280386;0;0;0.0
1;0;0;0;35;1;0;2;1;1;1;1;1;1;0;0;0;3.079613757534693;6.607865663422611;0;0;0.04
1;0;1;0;9;1;0;0;2;2;0;2;2;0;0;1;3;4.24778070111149;6.388309272922535;0;0;0.08
1;0;0;0;12;1;2;1;0;0;0;2;2;2;0;1;3;4.614625344758847;7.033286001429347;1;1;0.93
0;1;1;0;65;1;2;1;2;2;2;0;2;2;0;1;1;4.704110133842995;8.885779907660176;0;0;0.1
0;0;0;0;2;1;2;1;0;0;2;0;2;0;0;1;2;4.526126978647638;5.270946169751904;1;1;0.87
1;0;0;0;27;1;2;0;0;0;0;0;0;0;0;0;3;3.912023005428146;7.164217545489172;0;0;0.03
0;0;0;0;40;1;0;0;0;0;2;0;0;0;1;1;3;3.9367156180185177;7.613102732623401;0;0;0.06
0;1;0;0;5;1;0;1;0;0;2;0;0;0;0;1;1;4.337944122103693;5.859788574982919;1;1;0.68
1;0;1;1;8;1;0;2;1;1;1;1;1;1;1;0;1;3.039749158970765;5.043102484233757;0;0;0.01
0;1;1;0;58;1;2;1;0;2;0;0;2;2;1;1;0;4.593097604753822;8.605167438031424;0;0;0.2
0;0;1;1;52;1;0;1;2;0;2;0;2;2;1;0;2;4.618086411254637;8.565116313146317;0;0;0.03
1;0;1;0;3;1;0;0;0;0;2;2;0;0;0;1;3;4.039536325727106;5.046967223343646;0;0;0.16
1;0;0;1;41;1;0;1;2;2;2;2;2;2;2;1;2;4.719837260966218;8.41364214878533;0;0;0.05
1;0;0;0;20;1;2;1;0;0;0;2;2;2;0;1;3;4.6006600305102054;7.617243219130135;0;1;0.68
1;0;0;1;1;1;2;0;0;0;0;0;0;0;0;1;2;3.9328055446106744;3.9328055446106744;0;0;0.23
1;0;0;1;4;1;2;1;0;0;0;2;0;0;0;0;1;4.404277243608702;5.809492929078315;1;1;0.87
1;0;0;0;23;1;0;2;1;1;1;1;1;1;0;0;2;3.084200921541599;6.163104255555076;0;0;0.0
0;1;0;0;6;1;0;2;1;1;1;1;1;1;0;0;0;3.0204248861443626;4.680277658474897;0;0;0.24
1;0;1;1;8;1;0;2;1;1;1;1;1;1;0;1;3;3.013080911888604;5.034351820713572;0;0;0.14
1;0;0;0;18;1;2;0;2;0;2;0;2;0;0;0;3;4.255612709818223;7.090410113566212;0;0;0.04
1;1;0;0;52;0;1;0;2;0;0;0;2;2;0;1;1;3.9080149840306073;7.846218377121432;0;0;0.34
1;0;0;0;31;1;0;1;0;2;0;0;2;2;0;1;2;4.5591262474866845;7.99974569134136;0;0;0.28
1;0;1;1;29;1;0;2;1;1;1;1;1;1;0;1;3;3.075005454448499;6.485932104261154;0;0;0.04
0;0;1;0;36;1;2;1;2;2;2;2;0;2;2;1;1;4.6732960150356915;8.252029010839415;0;0;0.03
0;0;1;0;16;1;2;1;0;2;0;0;2;2;0;1;2;4.61512051684126;7.336774140044037;1;1;0.8
1;0;1;0;42;1;2;1;0;0;2;2;2;2;1;1;2;4.694096395182493;8.43101419517434;0;1;0.68
1;0;0;0;1;1;0;2;1;1;1;1;1;1;0;0;2;3.070375816549757;3.070375816549757;1;0;0.11
0;0;0;0;60;1;0;1;0;2;2;0;2;2;2;1;2;4.611649152085801;8.689809470662343;0;0;0.11
1;0;0;0;5;1;2;1;0;2;2;0;0;0;0;1;2;4.457829598089382;6.052442047831802;1;1;0.78
1;0;1;0;22;1;2;1;2;0;0;2;2;0;0;0;1;4.5736795188967205;7.7124214726654;0;0;0.11
1;0;1;0;36;1;0;2;1;1;1;1;1;1;1;0;3;3.044522437723423;6.50391385199007;0;0;0.0
0;0;0;0;4;1;0;1;0;0;0;0;0;0;0;0;2;4.268297869345539;5.641907070938114;1;1;0.9
1;0;0;0;9;1;0;0;2;0;0;2;0;2;0;0;3;4.188896879163323;6.307734076411675;0;0;0.12
1;0;1;1;1;1;0;1;0;2;0;0;0;0;0;0;1;4.3254562831854875;4.3254562831854875;0;0;0.24
1;0;1;1;12;1;0;0;2;0;0;0;0;0;0;1;2;3.9160150266976834;6.349401194763724;0;0;0.1
0;0;0;0;23;1;2;0;0;0;0;2;2;2;1;1;3;4.314149212270796;7.4717045210704;0;0;0.14
1;0;0;0;62;1;2;1;2;2;0;0;0;2;1;1;0;4.535820107853298;8.653898292496027;0;0;0.14
1;0;0;0;37;1;2;1;0;0;0;2;2;2;0;0;0;4.603168183317418;8.153795701716678;1;1;0.65
0;0;0;0;8;1;0;2;1;1;1;1;1;1;0;0;3;3.005682604407159;5.061645215004001;0;0;0.01
1;0;1;0;31;1;2;1;0;0;2;0;2;0;0;0;1;4.495913200051142;7.895138010963706;0;0;0.15
1;0;1;1;13;1;2;1;0;0;0;0;0;0;0;1;1;4.32280727501391;6.799891633106192;1;1;0.72
0;0;0;0;24;1;2;1;0;0;2;0;2;2;0;1;2;4.602667055769973;7.786676383386288;1;1;0.94
1;0;1;1;45;1;2;1;0;2;2;0;0;2;0;1;0;4.574195381688661;8.402377000320856;0;0;0.12
0;1;1;0;69;1;2;1;0;2;0;2;2;2;2;0;1;4.667205576907544;8.853658285154797;0;0;0.09
1;0;0;0;2;1;0;2;1;1;1;1;1;1;0;0;3;3.056356895370426;3.632309102625542;0;0;0.11
1;0;1;1;61;1;2;1;2;2;0;0;2;2;1;1;2;4.672828834461906;8.787021835648426;1;0;0.12
1;0;0;0;41;1;2;1;0;2;2;0;2;2;0;1;2;4.660604892876192;8.377333244238764;1;1;0.92
0;0;0;0;44;0;1;0;0;0;2;0;2;2;1;1;2;3.9130225057612296;7.725771441587952;0;0;0.07
1;0;0;0;39;0;1;0;0;0;2;2;0;0;1;0;3;3.5986811861957873;7.177896913456929;0;0;0.01
1;0;1;1;72;0;1;0;2;2;2;2;2;2;2;1;1;4.191168746857641;8.467015064471957;0;0;0.0
0;1;0;0;13;1;0;1;0;0;2;0;2;2;0;1;2;4.583435693842085;7.1200805228604676;0;0;0.33
0;0;1;1;51;1;0;0;2;2;0;2;0;2;1;1;1;4.259152536523347;8.178498486941926;0;0;0.01
0;1;1;0;71;1;0;1;0;2;2;0;2;2;2;1;2;4.607168188650764;8.883882820572994;0;0;0.02
1;1;0;0;22;1;2;1;0;0;0;0;2;2;0;1;2;4.581901559048737;7.6420204102629805;1;1;0.93
0;0;0;0;2;1;0;0;0;2;0;2;0;0;0;1;1;4.026244149518169;4.641984159110808;1;1;0.77
0;0;0;0;56;1;2;1;0;2;2;0;2;2;1;1;2;4.680277658474897;8.68531439880905;0;0;0.13
1;0;0;0;1;1;0;0;2;0;0;0;0;0;0;0;3;3.9560398908449206;3.9560398908449206;0;0;0.1
0;0;1;1;23;1;0;0;2;2;0;2;0;0;1;1;3;4.073291153024268;7.157618654995728;0;0;0.0
0;1;1;0;66;1;2;0;0;2;2;0;2;0;1;1;0;4.274580612525034;8.463760768618771;0;0;0.02
0;0;0;0;1;1;0;2;1;1;1;1;1;1;0;0;3;3.022860940942244;3.022860940942244;0;0;0.08866666666666666
1;1;0;0;19;1;2;1;0;2;0;0;2;0;0;1;2;4.490881039585964;7.482569272580218;1;1;0.9
1;0;0;0;11;1;0;1;2;0;2;0;0;0;0;1;0;4.388257184424518;6.680415435536518;0;0;0.07
0;0;1;1;8;1;0;2;1;1;1;1;1;1;1;1;3;3.0325462466767075;4.983606621708336;1;1;0.66
0;0;1;1;52;1;2;1;2;2;2;0;0;2;0;0;0;4.5966338549658055;8.516072563747533;0;0;0.11
1;0;0;0;3;1;0;2;1;1;1;1;1;1;0;1;2;3.056356895370426;4.134366236571586;0;0;0.02
0;0;1;1;51;1;0;1;2;2;0;0;0;0;0;1;0;4.383899879055562;8.298925235048776;0;0;0.1
1;1;0;0;15;1;2;1;0;0;0;0;0;0;0;0;2;4.339249605317823;7.045471652345971;1;1;0.82
1;1;1;0;64;1;2;1;0;2;2;0;0;2;0;1;2;4.55650501400681;8.713154633914227;0;0;0.03
0;0;0;0;37;0;1;0;0;0;2;0;0;2;0;1;1;3.7184382563554808;7.299696010270414;0;0;0.08
1;0;0;0;13;1;0;2;1;1;1;1;1;1;2;0;3;3.0421386463681466;5.499828617735132;0;0;0.0
1;0;1;0;49;1;2;0;2;0;0;0;0;0;1;1;2;4.031582240485785;7.87661948546336;0;0;0.0
0;1;0;0;45;1;2;1;0;0;2;0;2;2;1;1;0;4.636184239517261;8.463022075860248;0;0;0.09
0;0;0;0;18;1;0;1;0;0;0;0;0;0;0;1;2;4.278054044290903;7.129898329962764;0;0;0.09
1;1;0;0;1;1;2;1;0;0;0;0;0;0;0;1;2;4.3267781604434035;4.3267781604434035;1;1;0.98
1;0;1;0;68;0;1;0;2;0;2;0;2;2;2;1;0;4.009149716158869;8.241571433456823;0;0;0.01
1;0;0;0;54;1;0;2;1;1;1;1;1;1;2;0;1;3.027715319407042;6.917408536010275;0;0;0.02
0;1;1;1;23;1;0;1;0;2;2;0;0;2;0;1;0;4.493679809954728;7.664604693589064;0;0;0.08
1;0;0;0;17;1;0;1;0;0;2;0;0;0;0;1;2;4.3522115495946965;7.181249680723068;1;0;0.3
1;0;1;0;71;1;2;0;2;2;2;2;0;2;2;0;1;4.399375273008495;8.653147895448441;0;0;0.0
0;0;1;1;67;1;0;2;1;1;1;1;1;1;2;1;0;3.0081547935525483;7.225408689929902;0;0;0.0
0;0;1;1;14;1;2;1;0;0;0;0;2;0;0;1;2;4.4520190064939165;7.094151854929231;0;0;0.23
0;1;0;0;1;0;1;0;0;0;0;0;0;0;0;1;3;3.288401887516811;3.288401887516811;1;1;0.97
0;0;0;1;63;1;0;2;1;1;1;1;1;1;2;0;1;3.0204248861443626;7.103404295986953;0;0;0.02
0;0;0;0;41;1;2;0;0;0;2;2;0;2;1;1;2;4.242764567340374;7.964868260472218;0;0;0.04
0;0;1;0;17;1;2;1;0;0;0;0;2;2;0;0;2;4.539030383483547;7.36562306588335;0;0;0.19
1;0;1;0;56;1;2;1;2;0;0;0;2;2;1;1;2;4.620551288026394;8.615399174332588;0;0;0.06
0;0;0;0;5;1;0;2;1;1;1;1;1;1;0;0;1;3.070375816549757;4.575741375297279;0;0;0.03
0;0;0;0;2;0;1;0;2;2;0;0;0;2;0;1;2;3.775057150354989;4.29592393562047;1;1;0.66
0;0;1;0;3;1;0;2;1;1;1;1;1;1;0;1;3;3.0252910757955354;4.029806041084529;0;0;0.08
1;0;0;0;37;1;2;0;2;2;2;2;0;0;1;0;2;4.226103551734458;7.801514062349206;0;0;0.02
0;0;0;0;29;1;0;0;2;2;2;0;0;2;0;1;0;4.246350085702971;7.5865499533176814;1;1;0.7
1;0;0;0;8;1;0;0;0;0;0;0;0;0;0;0;3;3.796612153916818;5.818300928098793;0;0;0.2
0;0;0;0;63;1;2;1;0;2;2;2;2;2;0;1;1;4.70817793606232;8.85422955460242;0;0;0.32
0;0;1;1;7;1;0;2;1;1;1;1;1;1;0;0;3;3.075005454448499;5.074861266395527;0;0;0.02
0;0;0;0;3;1;0;1;0;2;0;0;2;2;0;0;2;4.5685062016165;5.684089841310465;0;1;0.78
1;0;1;1;72;1;0;2;1;1;1;1;1;1;2;0;0;3.091042453358316;7.309714247761014;0;0;0.0
0;0;0;0;19;1;0;0;0;0;0;0;0;2;0;1;2;4.046553898385752;6.997961546868286;0;0;0.25
0;0;1;0;59;1;0;2;1;1;1;1;1;1;2;0;0;2.9652730660692823;6.964938692509591;0;0;0.01
1;0;1;1;2;1;0;1;0;0;2;2;0;2;0;0;1;4.51085950651685;5.252535173892909;1;1;0.9
0;0;1;1;35;1;2;2;1;1;1;1;1;1;0;1;2;3.2865344733420154;6.783947883254065;0;0;0.04
1;0;0;0;14;1;0;2;1;1;1;1;1;1;0;0;1;3.0252910757955354;5.708438286192395;0;0;0.07
0;0;0;0;14;1;0;1;0;0;2;0;0;0;0;0;2;4.335328031664641;6.934348523251658;1;1;0.81
0;0;1;1;69;1;0;2;1;1;1;1;1;1;2;0;1;3.0349529867072724;7.27097376716188;0;0;0.0
1;1;1;0;7;1;2;0;2;2;0;2;0;0;0;0;2;4.177459468932607;6.16541785423142;0;0;0.07
1;0;1;1;69;1;0;0;2;2;2;2;2;0;2;1;0;4.340553386467307;8.592142952023764;0;0;0.01
0;0;1;1;72;1;2;0;0;2;0;2;2;2;2;1;2;4.381401439279963;8.653671487651899;0;0;0.01
1;0;0;0;8;1;2;1;0;2;0;0;2;2;0;0;2;4.623501142672815;6.709974847125637;1;1;0.88
0;0;1;1;4;1;0;0;2;0;0;0;0;0;0;0;2;3.937690752176724;5.384953673207583;0;0;0.12
1;0;1;1;63;1;0;1;0;2;2;0;0;0;0;1;1;4.398146016553765;8.49644952147829;0;0;0.05
1;0;0;0;72;1;0;2;1;1;1;1;1;1;2;0;0;3.0373539482448106;7.268989812176886;0;0;0.0
0;0;0;0;46;1;0;2;1;1;1;1;1;1;2;1;2;3.095577608523707;6.843856553131905;0;0;0.0
0;0;1;0;5;1;0;1;0;0;0;0;0;0;0;0;2;4.261975403606051;5.802571444930988;1;1;0.56
1;0;1;0;30;1;0;0;0;0;2;0;0;0;0;1;3;3.9318256327243257;7.2970232521877305;0;0;0.02
1;0;0;0;63;1;2;1;0;2;2;0;2;2;2;1;0;4.661077817926388;8.785310108373178;0;0;0.08
0;0;0;0;60;1;0;2;1;1;1;1;1;1;2;0;0;3.0373539482448106;7.029176134186477;0;0;0.0
0;0;1;0;63;1;2;1;0;2;2;0;2;2;1;1;2;4.686750172980514;8.835610558237235;1;1;0.69
1;0;1;1;25;1;0;1;0;0;0;2;2;0;0;0;2;4.464758032271346;7.696235366360874;0;0;0.13
1;0;0;0;1;1;0;0;0;0;0;0;0;0;0;1;3;3.846951008684431;3.846951008684431;1;0;0.27
1;1;1;0;6;1;2;1;0;0;2;0;0;0;0;1;2;4.404277243608702;6.127087500892697;0;0;0.29
1;0;0;0;22;1;2;2;1;1;1;1;1;1;2;0;3;3.2676659890376327;6.341240749355558;0;0;0.03
0;0;1;1;31;1;2;0;0;2;0;2;2;2;2;0;0;4.401216329067023;7.813025507572827;0;0;0.01
0;0;1;1;39;1;0;1;0;0;2;2;0;0;0;1;0;4.412798293340635;8.041831231925816;0;0;0.26
1;0;0;0;26;1;0;2;1;1;1;1;1;1;0;0;3;3.086486636822455;6.252481750850273;0;0;0.03
0;0;1;0;53;1;0;1;2;2;2;0;2;2;1;1;0;4.673762977453703;8.660557333724107;1;1;0.67
0;0;0;0;1;1;0;1;0;2;0;2;2;0;0;0;2;4.529368472571809;4.529368472571809;1;1;0.89
1;0;0;0;12;1;2;0;2;2;0;2;0;0;0;1;2;4.223177434065069;6.725393721388161;0;0;0.11
0;0;0;0;16;1;2;1;0;2;2;0;0;2;0;1;1;4.570578741218473;7.350291355299401;1;1;0.84
0;0;0;0;2;1;0;2;1;1;1;1;1;1;0;0;3;3.0610517396746335;3.835141961092188;0;0;0.04
1;0;0;1;39;0;1;0;2;0;0;2;2;0;1;0;0;3.829727762701316;7.490864354333145;0;0;0.02
1;0;0;0;1;1;2;1;0;0;0;0;0;0;0;1;2;4.330075229041782;4.330075229041782;1;1;0.97
0;0;1;1;7;0;1;0;2;0;0;2;0;0;0;0;3;3.573749146860305;5.511814540810441;0;0;0.21
1;1;0;0;4;1;0;1;0;0;0;0;0;0;0;0;2;4.253482783560398;5.570822347399971;0;1;0.53
1;1;0;0;10;1;2;1;0;0;0;0;2;2;0;1;2;4.567987394860375;6.80167228017398;1;1;0.98
0;0;0;0;55;1;0;1;0;2;2;0;0;0;0;1;2;4.413404170366137;8.414163291096694;0;0;0.46
1;0;1;1;72;1;0;0;0;2;2;0;2;2;2;1;0;4.335982696172475;8.609088456120492;0;0;0.01
0;0;1;0;10;1;0;0;0;0;2;0;2;2;0;1;1;4.231203744939298;6.483336682956885;0;0;0.19
1;1;0;0;11;1;2;1;0;2;2;2;2;2;0;1;2;4.722063937459591;7.076696044282031;0;0;0.22
0;0;1;1;15;1;0;0;0;0;0;0;0;0;0;0;2;3.856510295497887;6.462171054277145;0;0;0.06
0;0;1;1;23;1;0;2;1;1;1;1;1;1;2;0;0;3.0633909220278057;6.173265134887809;0;0;0.0
1;0;0;1;1;1;0;2;1;1;1;1;1;1;0;0;3;3.0469005601283903;3.0469005601283903;0;0;0.2
0;1;0;0;3;1;0;0;0;0;0;0;0;0;0;0;2;3.828641396489095;4.852811208902689;1;1;0.78
1;0;1;1;47;1;0;1;2;2;2;0;0;2;1;1;2;4.575741375297279;8.387642436957194;0;0;0.09
0;0;0;1;15;1;0;2;1;1;1;1;1;1;1;0;3;3.027715319407042;5.604330395684541;0;0;0.07
1;0;0;0;66;1;0;1;0;2;2;0;2;2;0;0;2;4.61015772749913;8.811577751927691;1;1;0.78
0;1;1;0;68;1;0;0;0;2;2;2;0;0;1;1;0;4.121473229610353;8.288257900310217;0;0;0.0
0;0;1;1;17;1;0;1;0;0;2;2;2;2;1;0;0;4.601162164590552;7.441877419298563;1;0;0.23
0;0;0;0;7;1;0;0;0;0;0;2;2;0;0;1;3;4.102643365036796;6.032966310532994;1;0;0.22
1;1;1;0;12;1;0;1;0;0;0;0;0;2;0;1;2;4.399989335048054;6.857724345376572;1;1;0.76
0;1;1;0;21;1;2;0;0;2;2;0;0;2;1;0;0;4.286341384539473;7.311919541357253;0;0;0.05
1;0;0;0;21;0;1;0;0;2;0;2;0;0;0;1;3;3.6109179126442243;6.660767192857912;0;0;0.07
0;0;1;1;56;1;2;0;2;0;0;0;2;0;1;0;0;4.192680462942962;8.16426834990252;0;0;0.01
0;0;1;1;6;1;2;0;0;0;0;0;0;0;0;1;1;3.9110225050945626;5.614040099155339;0;0;0.17
0;1;0;0;65;0;1;0;0;2;2;0;2;2;2;1;0;3.9982007016691985;8.165903719753842;0;0;0.04
1;0;1;0;42;1;2;0;2;0;0;2;2;2;1;0;1;4.399989335048054;8.124713407865393;0;0;0.09
0;0;1;1;68;1;2;1;2;0;2;2;2;2;2;1;0;4.70093480797247;8.923930822856375;0;0;0.05
1;0;1;1;48;1;2;2;1;1;1;1;1;1;2;0;0;3.3068867021909143;7.1277338269531905;0;0;0.0
0;1;0;0;50;1;2;1;0;2;0;2;2;2;1;1;2;4.680277658474897;8.584655558945965;0;0;0.34
0;1;0;0;7;1;0;0;0;2;2;0;2;0;0;1;2;4.188896879163323;6.203850441769232;0;0;0.23
0;0;1;1;63;1;0;2;1;1;1;1;1;1;2;0;2;3.013080911888604;7.142708817055705;0;0;0.01
1;0;0;0;17;1;0;2;1;1;1;1;1;1;0;0;1;3.095577608523707;5.957261225766484;0;0;0.15
0;0;1;1;42;1;0;1;0;0;0;0;2;0;0;1;1;4.3688147407016515;8.127109185346375;1;1;0.72
1;0;1;1;4;1;0;2;1;1;1;1;1;1;0;0;3;2.9882040071331994;4.44500143383527;0;0;0.05
0;0;0;1;62;1;2;2;1;1;1;1;1;1;2;0;0;3.295836866004329;7.402268577255823;0;0;0.0
1;1;0;0;2;1;0;1;0;2;0;0;0;0;0;1;2;4.3267781604434035;5.114394528387108;1;0;0.44
0;0;1;0;2;1;0;1;0;0;0;0;0;0;0;1;2;4.267597343922845;4.7978545298175925;0;0;0.24
1;0;1;0;48;1;2;1;2;2;2;0;2;0;2;1;0;4.583946549536464;8.40613871812758;0;0;0.01
1;0;1;0;27;1;0;2;1;1;1;1;1;1;2;0;0;3.022860940942244;6.25680514712198;0;0;0.0
0;0;1;1;70;1;0;0;0;2;2;2;2;2;2;1;0;4.399375273008495;8.651523015209746;0;0;0.0
1;1;0;0;1;1;2;1;0;0;2;0;2;0;0;1;2;4.497584975308154;4.497584975308154;1;1;0.99
1;0;1;0;46;1;2;1;0;2;2;0;2;0;1;1;2;4.560695695886262;8.369504918516633;0;0;0.07
1;0;0;0;30;1;0;1;0;0;0;0;2;2;0;1;2;4.513602992462601;7.921662619716148;1;1;0.69
0;0;0;0;15;1;2;0;2;0;0;0;0;2;0;1;0;4.184337600748806;6.903295348260044;1;1;0.73
1;0;1;1;69;1;2;1;0;2;2;0;2;0;1;0;1;4.572130331909891;8.781440297608864;0;0;0.03
1;0;0;0;65;1;0;2;1;1;1;1;1;1;2;1;1;3.022860940942244;7.106319211321956;0;0;0.0
1;1;1;1;72;1;0;1;2;0;2;2;2;2;2;1;1;4.6549122778829055;8.915794799502999;0;0;0.0
1;1;1;0;13;1;0;1;0;2;0;2;0;2;0;1;0;4.500365071621965;7.065058128355913;1;0;0.47
1;0;0;0;17;1;0;2;1;1;1;1;1;1;1;1;3;3.0492730404820207;5.636573724962751;0;0;0.0
1;0;1;0;51;1;2;1;2;0;2;2;2;2;1;1;2;4.723397567352741;8.651960070512938;0;0;0.15
1;0;1;1;51;1;0;0;2;2;0;2;0;0;2;0;1;4.119037174812473;8.046373229061277;0;0;0.0
0;0;1;0;72;1;2;0;2;2;2;2;2;2;2;1;0;4.52124495105033;8.774869561781612;0;0;0.0
1;0;1;1;67;1;2;1;0;2;2;0;0;0;1;0;2;4.481871969643598;8.686057943523583;1;1;0.67
1;0;0;0;34;1;0;2;1;1;1;1;1;1;0;0;3;3.0301337002713233;6.517080256346608;0;0;0.05
1;0;1;0;67;0;1;0;2;2;0;2;0;2;2;1;0;3.9502817175452365;8.16698302001767;0;0;0.0
0;0;1;0;49;1;0;2;1;1;1;1;1;1;1;1;0;3.0469005601283903;6.828820290893995;0;0;0.0
1;0;1;1;53;1;0;2;1;1;1;1;1;1;2;1;3;3.0155349008501706;7.013330771530775;0;0;0.03
1;0;0;0;27;1;2;0;0;0;2;2;0;0;0;0;2;4.101816577060802;7.385634067599347;0;0;0.05
0;1;0;0;23;1;0;1;0;2;0;0;2;2;0;1;2;4.561740628060756;7.738313815365043;1;1;0.77
1;0;0;0;69;1;2;0;2;2;2;2;0;2;2;1;1;4.412798293340635;8.622318679457237;0;0;0.02
0;0;1;1;2;0;1;0;0;0;0;2;0;0;0;0;0;3.4028626609812167;3.82319179172153;0;0;0.2
0;0;0;0;35;1;2;1;0;0;0;0;2;0;0;1;2;4.471067201464611;8.016350901259148;1;1;0.77
0;0;1;0;46;1;0;0;2;2;0;2;0;2;1;0;3;4.2710950739666;8.080871889818352;0;0;0.05
0;0;0;0;54;1;2;1;0;2;0;0;2;2;2;1;0;4.58700621536042;8.542948653615948;0;0;0.09
0;0;1;0;56;1;2;1;0;2;0;0;2;2;1;1;2;4.5976419195673;8.614201927856143;1;1;0.62
0;0;1;0;9;1;0;1;0;0;2;0;0;0;0;1;0;4.340553386467307;6.487531799898427;1;1;0.8
1;0;0;0;20;1;2;0;2;0;0;2;0;0;0;0;0;4.097672352314776;7.083555618785827;0;0;0.06
1;0;0;0;11;1;0;1;0;2;0;0;0;0;0;1;3;4.3425058765115985;6.7655002314012656;0;0;0.18
0;1;1;0;30;1;2;1;0;2;0;0;2;0;0;1;2;4.511408806173617;7.874054480209538;0;0;0.23
1;0;1;0;68;1;0;0;2;2;2;0;0;2;2;0;0;4.2759714333333765;8.46430915879102;0;0;0.01
1;1;1;0;38;1;2;1;0;2;2;0;2;2;0;1;2;4.640537329825382;8.296596394368603;0;0;0.32
0;1;1;0;17;1;2;1;2;0;2;0;0;0;0;1;0;4.458408804592688;7.28923502433979;1;0;0.35
1;0;0;0;48;1;2;1;0;2;2;0;2;2;1;1;1;4.673762977453703;8.533814292432474;1;1;0.69
0;0;0;0;1;1;0;0;0;0;0;0;0;0;0;0;2;3.8022081394209395;3.8022081394209395;0;0;0.17
1;0;1;1;63;0;1;0;2;2;2;0;2;2;2;0;2;4.0943445622221;8.218409725893283;0;0;0.06
0;0;0;0;3;1;0;0;0;0;2;0;2;2;1;1;2;4.261975403606051;5.400196830369207;0;0;0.16
0;0;0;0;48;1;2;2;1;1;1;1;1;1;1;0;0;3.232778730037192;7.034123577796944;0;0;0.0
1;0;0;0;66;0;1;0;0;0;0;2;0;0;1;0;1;3.416085994155906;7.592945889825626;0;0;0.13
0;0;1;1;68;1;2;1;0;2;2;0;0;0;2;1;1;4.447346100794524;8.656563752864045;0;0;0.01
1;1;0;0;17;1;0;0;0;0;0;0;0;0;0;1;2;3.829727762701316;6.648466281031574;1;0;0.28
0;0;1;1;7;1;0;2;1;1;1;1;1;1;1;0;3;3.075005454448499;4.9056450802386244;0;0;0.03
1;0;1;0;72;1;2;0;2;2;2;2;2;2;2;1;0;4.478472532942134;8.737308161203758;0;0;0.0
0;0;1;0;29;1;0;2;1;1;1;1;1;1;0;0;3;3.0373539482448106;6.352716500539821;0;0;0.02
1;0;1;0;37;1;0;1;0;0;2;2;0;2;0;1;2;4.514698282824016;8.137483545507784;0;0;0.12
0;0;0;0;34;1;2;1;2;2;2;0;2;2;0;1;3;4.707726774313183;8.18541989745149;1;0;0.28
0;1;0;0;42;1;2;1;0;0;0;0;2;0;0;1;2;4.450269224770129;8.172545627690223;1;1;0.75
0;0;1;1;59;1;2;0;2;2;0;2;0;0;1;0;3;4.197201947661808;8.243361425774504;0;0;0.0
1;0;1;1;11;1;0;1;0;0;0;0;2;0;0;1;0;4.388257184424518;6.767918333794338;1;1;0.84
1;1;1;1;60;1;2;1;2;0;0;0;0;0;0;1;2;4.406109305189839;8.48881429281454;0;0;0.09
0;0;0;0;27;1;0;0;0;2;0;2;0;0;0;1;3;4.04567939024082;7.272641418592386;0;0;0.09
0;0;0;0;1;1;2;1;0;0;0;0;0;2;0;0;3;4.463606621666305;4.463606621666305;1;1;0.93
1;1;0;0;1;1;0;1;0;0;0;0;2;0;0;1;2;4.383275854074314;4.383275854074314;1;1;0.99
1;0;1;0;17;0;1;0;2;0;2;0;0;0;0;0;3;3.5667118201397288;6.386458355348851;0;0;0.05
1;0;1;0;58;1;0;2;1;1;1;1;1;1;2;0;3;3.079613757534693;7.079142270723312;0;0;0.0
1;0;1;1;1;1;0;2;1;1;1;1;1;1;1;0;3;2.9856819377004897;2.9856819377004897;0;0;0.01
0;0;1;1;3;1;0;0;0;0;0;0;0;0;0;0;3;3.8133070324889884;4.908971640319756;1;1;0.67
0;0;0;0;53;1;2;1;2;2;2;0;0;0;0;0;2;4.519612297626445;8.501510864014131;0;0;0.19
1;0;0;0;35;1;2;2;1;1;1;1;1;1;0;1;2;3.2809112157876537;6.804891643522898;0;0;0.01
1;0;1;1;50;1;2;1;2;0;2;0;2;2;0;0;1;4.672361435528415;8.58350513910295;1;1;0.76
1;0;1;1;68;1;2;0;0;2;0;2;0;2;2;0;1;4.273884476054178;8.488989171043162;0;0;0.0
1;0;1;0;47;1;2;2;1;1;1;1;1;1;0;0;2;3.2733640101522705;7.038958964597482;0;0;0.06
0;1;1;0;65;1;2;1;0;2;2;0;2;2;0;1;0;4.69866052907543;8.86551635613705;0;0;0.33
1;0;0;0;5;1;0;1;0;0;0;0;0;0;0;1;2;4.259152536523347;5.785669634128385;1;1;0.83
1;0;1;0;51;1;2;1;0;0;0;0;2;2;0;1;2;4.560695695886262;8.479231685129118;1;1;0.81
0;0;0;0;46;1;2;1;0;0;0;0;2;2;0;0;0;4.57522630961502;8.389473449813867;1;0;0.32
0;0;0;0;9;1;2;1;0;0;0;0;0;0;0;1;2;4.354783898280007;6.499110119867342;0;0;0.2
0;0;0;0;8;1;0;2;1;1;1;1;1;1;2;0;3;3.056356895370426;5.168493378711836;0;0;0.0
1;0;0;0;14;1;2;2;1;1;1;1;1;1;1;1;1;3.250374491927572;5.776723099057916;0;0;0.02
0;0;0;0;45;1;2;1;2;2;2;2;2;2;0;1;2;4.759177998467439;8.542178444110146;0;0;0.2
0;0;0;0;8;1;2;1;0;0;0;0;0;0;0;1;1;4.3254562831854875;6.309736443513769;0;0;0.18
1;1;0;1;1;1;0;0;0;0;2;0;0;0;0;1;3;3.9347624923976356;3.9347624923976356;1;1;0.76
1;0;1;1;66;1;0;1;2;2;2;0;2;2;1;1;0;4.645832167706981;8.858269100571052;0;0;0.05
1;0;1;1;72;1;2;0;2;2;2;2;0;0;2;0;1;4.291828366755733;8.520716975589854;0;0;0.0
0;0;1;0;41;1;2;1;2;2;2;2;2;2;0;1;0;4.741447804280639;8.43293075988423;1;1;0.88
0;0;1;1;23;1;2;2;1;1;1;1;1;1;2;0;3;3.261935314328648;6.417467306433695;0;0;0.0
0;0;0;0;29;1;0;1;0;0;0;0;2;0;0;1;2;4.380775852772229;7.777017294426516;1;1;0.83
0;0;0;0;4;1;2;1;2;0;0;0;0;0;0;1;2;4.396299293960601;5.770973724196525;0;0;0.09
1;0;1;1;6;1;2;2;1;1;1;1;1;1;2;0;3;3.2733640101522705;5.038898759369115;0;0;0.0
0;1;1;0;67;1;2;1;2;2;2;2;0;2;1;1;1;4.667205576907544;8.858880377946525;0;0;0.1
1;1;0;1;7;1;0;0;0;0;0;0;0;0;0;1;3;3.844814255734696;5.844123959209273;0;0;0.14
1;0;1;1;56;1;2;2;1;1;1;1;1;1;1;1;3;3.2367157429965316;7.267281155148856;0;0;0.0
0;0;1;0;72;1;2;2;1;1;1;1;1;1;2;0;1;3.258096538021482;7.5230490203372185;0;0;0.0
1;0;1;0;72;1;2;0;2;2;2;0;2;2;2;1;2;4.457250055911469;8.713434089799003;0;0;0.02
1;0;1;1;23;1;0;2;1;1;1;1;1;1;2;0;1;3.0252910757955354;6.058305104026791;0;0;0.0
0;0;0;1;35;1;2;0;0;0;0;0;0;0;0;0;3;3.9347624923976356;7.412371665270384;0;0;0.04
1;1;1;0;27;1;0;1;0;0;0;0;0;0;0;1;2;4.27039650600246;7.57296584084906;0;0;0.23
0;0;1;1;26;1;2;0;0;2;0;2;0;0;0;1;2;4.111693200556713;7.388420619653236;1;1;0.65
1;0;1;1;12;1;2;2;1;1;1;1;1;1;1;0;3;3.3105430133940246;5.755583973219464;0;0;0.02
0;0;0;0;40;1;0;2;1;1;1;1;1;1;2;0;3;3.0516399054922867;6.691897620968727;0;0;0.0
1;0;1;1;7;0;1;0;2;2;2;0;2;2;0;0;3;4.091841432003982;6.14568665295577;0;0;0.13
1;0;1;1;70;1;2;1;2;2;0;0;2;0;0;1;1;4.590564033598729;8.805382635133446;0;0;0.13
1;0;1;1;60;1;0;2;1;1;1;1;1;1;2;0;1;3.027715319407042;7.058543168104206;0;0;0.0
1;0;1;1;39;0;1;0;0;0;0;0;0;0;1;1;1;3.2676659890376327;6.85514532870984;0;0;0.04
1;0;1;0;72;1;2;1;2;2;2;2;2;2;2;0;1;4.748837535800504;9.03313172196904;0;0;0.0
0;0;0;0;1;0;1;0;0;0;0;0;2;0;0;1;2;3.5751506887855933;3.5751506887855933;1;1;0.95
1;0;1;1;54;1;2;0;0;2;0;2;2;0;1;1;2;4.272490747605575;8.235095497258357;0;0;0.0
1;0;0;0;3;1;2;1;0;0;0;0;0;2;0;1;2;4.457829598089382;5.582744146279145;1;1;0.85
0;0;1;1;63;1;0;0;2;2;2;2;2;0;2;0;1;4.337944122103693;8.457198995839414;0;0;0.01
1;0;1;1;71;1;2;1;0;2;0;2;0;0;2;1;2;4.4520190064939165;8.72476005356623;0;0;0.01
0;0;0;0;42;1;0;2;1;1;1;1;1;1;1;1;3;3.075005454448499;6.865995344733905;0;0;0.0
1;0;0;0;47;1;0;2;1;1;1;1;1;1;2;0;0;3.065724645374026;6.8501261661455;0;0;0.01
0;0;1;1;66;1;2;1;0;2;2;0;2;2;1;1;1;4.639088404191552;8.797268908756067;1;1;0.68
0;0;1;0;21;1;2;1;2;0;2;0;2;2;0;1;0;4.657762636107262;7.696780659810416;1;1;0.85
1;0;0;0;11;0;1;0;0;2;0;2;0;0;0;1;2;3.6014134283326604;6.054674060505866;0;0;0.06
1;0;0;1;1;1;2;1;0;0;2;0;2;2;0;1;2;4.612642200826793;4.612642200826793;1;1;0.96
0;1;1;0;55;1;2;1;0;2;2;2;0;0;0;0;2;4.515792374836875;8.526311493060765;0;0;0.26
1;0;0;0;69;1;2;1;0;2;2;2;2;0;2;1;1;4.591578232468624;8.81649005033025;0;0;0.02
0;1;0;0;3;1;0;1;0;0;2;0;0;0;0;0;2;4.3154861108656375;5.285232126999381;0;1;0.63
1;0;0;0;4;1;0;0;0;0;2;2;2;2;0;1;2;4.32280727501391;5.706113089994483;1;1;0.72
1;1;0;0;30;1;2;0;0;0;2;2;2;0;2;1;1;4.249922794040544;7.647261098520099;0;0;0.04
0;0;0;0;5;1;2;1;0;0;2;2;0;0;0;1;2;4.427836170705175;6.037274083139276;0;1;0.77
0;0;1;0;71;1;2;2;1;1;1;1;1;1;2;1;1;3.2347491740244907;7.45379359450387;0;0;0.01
0;0;0;0;29;1;2;0;0;2;0;0;0;0;1;1;2;4.029806041084529;7.390921894754154;0;0;0.08
1;0;1;0;52;1;2;0;0;2;0;2;0;0;0;0;0;4.132763672126045;8.061660353398956;0;0;0.04
1;0;0;0;68;1;2;0;2;2;2;0;0;2;1;0;1;4.353498551059343;8.56297884656537;0;0;0.04
0;0;1;1;46;1;0;2;1;1;1;1;1;1;2;0;3;3.0155349008501706;6.876109801146591;0;0;0.0
1;0;0;0;8;1;0;0;0;0;0;0;0;2;0;1;1;4.020877410340228;6.084613301806004;0;0;0.08
1;0;1;0;72;1;0;2;1;1;1;1;1;1;2;0;1;3.0301337002713233;7.260452321551646;0;0;0.0
0;0;0;0;17;1;0;2;1;1;1;1;1;1;1;0;0;3.039749158970765;5.781206371621004;0;0;0.04
1;0;0;0;3;1;0;1;0;2;2;2;2;2;0;1;2;4.690889061390629;5.7670702138921195;0;0;0.28
0;1;0;0;2;1;0;1;0;2;0;0;2;0;0;1;0;4.440295542797857;5.104125637183595;0;0;0.26
0;0;0;0;9;1;0;1;2;0;0;0;0;0;0;1;1;4.3208159036289855;6.462483285955585;1;1;0.67
0;0;0;0;51;0;1;0;0;2;2;0;2;2;1;1;1;4.050044303325521;7.9825870389848435;0;0;0.08
0;0;1;1;6;1;0;2;1;1;1;1;1;1;2;0;3;3.0492730404820207;4.618579872898009;0;0;0.01
0;0;1;0;3;1;2;1;0;0;0;0;2;2;0;0;2;4.563305981889393;5.613857767128214;0;1;0.89
0;1;0;0;17;1;2;1;0;0;0;0;2;2;0;1;2;4.55597994179732;7.383461368253113;0;0;0.26
1;0;1;0;30;1;2;0;0;0;0;0;0;0;0;0;2;3.929862923556477;7.274444908138895;0;0;0.07
1;0;0;0;31;1;2;0;0;2;0;2;2;0;0;1;2;4.277360322445531;7.682090664728911;0;0;0.05
0;0;0;0;45;1;0;0;2;0;2;2;2;2;2;0;0;4.4146148242670336;8.19414642845749;0;0;0.01
1;0;1;0;64;1;2;1;2;2;2;0;0;0;1;0;0;4.504797211841304;8.647106797736582;0;0;0.09
1;0;0;0;1;1;2;0;0;0;0;0;2;0;0;1;2;4.108411819433536;4.108411819433536;1;1;0.6
0;1;0;0;1;1;0;1;0;0;0;0;0;0;0;1;2;4.257030144499196;4.257030144499196;1;1;1.0
1;1;1;1;61;1;2;1;0;2;0;0;2;2;1;0;2;4.605170185988092;8.694552456380377;0;0;0.06
1;0;0;0;1;1;0;2;1;1;1;1;1;1;0;0;3;2.998229153752578;2.998229153752578;0;0;0.01
1;0;0;0;9;0;1;0;0;0;0;0;2;2;0;1;2;3.8372994592322094;6.039778407386533;1;1;0.85
1;0;1;1;72;1;2;1;2;2;2;2;2;2;2;0;0;4.748837535800504;8.99981068037861;0;0;0.0
0;0;0;0;1;1;0;2;1;1;1;1;1;1;0;0;3;3.0204248861443626;3.0204248861443626;1;0;0.42083333333333334
0;0;1;0;7;1;0;0;0;0;0;0;0;0;0;1;3;3.8122026701459353;5.750825080989513;0;0;0.43
0;0;1;0;66;1;2;1;0;2;2;2;0;0;1;1;0;4.51688527112052;8.721268086011952;0;0;0.04
1;0;0;0;1;1;0;1;0;0;0;0;0;0;0;1;2;4.2612704335380815;4.2612704335380815;1;1;1.0
1;0;1;1;40;1;0;2;1;1;1;1;1;1;0;1;0;3.0633909220278057;6.615127664137342;0;0;0.02
1;0;0;0;16;1;2;0;0;2;2;0;0;2;0;1;0;4.282206299391671;7.100934345776873;0;0;0.35
0;0;0;0;2;1;0;1;0;2;0;0;2;0;0;1;0;4.4790399088438795;5.2190035598283115;1;1;0.88
1;0;1;0;67;1;2;2;1;1;1;1;1;1;2;0;1;3.2523106009544382;7.368024179130975;0;0;0.0
0;0;1;0;41;1;0;1;2;2;2;0;2;2;1;1;0;4.658236906924784;8.33400325769215;0;0;0.07
0;0;1;1;56;1;0;2;1;1;1;1;1;1;2;1;1;3.0349529867072724;7.02188721302705;0;0;0.0
0;0;0;0;72;1;2;1;2;2;2;2;2;2;2;1;0;4.7660127111049215;8.989013918738845;0;0;0.0
0;0;1;1;3;1;2;1;0;0;0;0;0;2;0;1;0;4.45143608604605;5.582932239950347;1;1;0.96
0;0;1;0;54;1;0;2;1;1;1;1;1;1;2;0;1;3.0469005601283903;7.00615160083833;0;0;0.0
1;1;0;0;52;1;2;1;0;2;2;2;2;2;0;1;2;4.716264233493678;8.671286726753637;0;0;0.23
0;0;0;0;50;1;0;1;0;0;2;2;0;2;2;1;0;4.507557357121091;8.36764855413622;0;0;0.01
1;0;0;0;14;1;2;1;0;0;0;2;2;0;0;1;2;4.5103099049641315;7.072761113566404;1;1;0.91
1;0;1;0;27;1;0;0;2;0;0;0;0;0;1;0;1;3.906004933102583;7.260346897483234;0;0;0.02
0;1;1;0;72;1;2;1;2;2;2;2;0;0;2;1;0;4.580877493419047;8.828860309118479;0;0;0.0
1;0;0;0;62;1;0;0;2;2;0;0;2;2;1;1;1;4.321480134805848;8.455115639608026;0;0;0.03
0;0;0;0;12;1;0;0;0;2;0;2;0;0;0;1;2;4.012772908528289;6.4853983032037545;0;0;0.11
0;1;0;0;44;1;0;0;0;0;2;2;2;2;1;0;0;4.328757705794541;8.09225470180455;0;0;0.11
1;0;1;1;54;1;0;1;0;2;0;2;0;0;2;1;0;4.393831680123644;8.38092663306253;0;0;0.02
0;0;0;0;68;1;0;2;1;1;1;1;1;1;2;0;0;3.0469005601283903;7.235547092361794;0;0;0.0
1;0;0;0;20;1;0;2;1;1;1;1;1;1;0;0;3;3.0155349008501706;6.031646336740814;0;0;0.0
1;0;1;1;50;1;2;0;0;0;2;0;0;0;1;0;0;4.023564380161053;7.86905761668564;0;0;0.01
1;0;0;0;58;1;2;2;1;1;1;1;1;1;2;1;1;3.2367157429965316;7.322906656679722;0;0;0.01
1;0;1;1;35;1;2;1;0;2;0;0;2;0;0;1;0;4.50700593720086;8.059149753089216;0;0;0.1
0;0;0;0;2;1;0;0;0;0;0;0;0;0;0;1;2;3.8372994592322094;4.406109305189839;0;0;0.23
1;0;1;1;63;1;2;0;2;0;2;2;0;2;2;0;3;4.33990170837321;8.450561815117638;0;0;0.01
0;0;1;0;58;1;2;1;2;2;2;0;2;2;1;1;1;4.7153689782861665;8.78380228001052;0;0;0.29
0;0;1;1;27;1;0;2;1;1;1;1;1;1;1;1;3;3.070375816549757;6.370414549560391;0;0;0.0
0;0;1;0;71;1;2;1;2;2;2;2;2;2;2;1;1;4.754882459216418;8.99703575917263;0;0;0.01
0;0;0;0;63;1;0;0;0;0;2;0;0;2;1;0;1;4.0868162958013095;8.16180313594038;0;0;0.01
1;0;1;0;71;1;2;1;0;2;2;0;0;2;0;1;0;4.54595082632812;8.80544260290079;0;0;0.04
0;1;0;0;41;1;2;1;2;2;2;0;2;2;0;1;2;4.73795129722191;8.453294465566005;1;0;0.39
1;1;0;0;13;1;0;1;0;0;0;0;2;2;0;1;2;4.516338972281476;7.091866899322588;1;1;0.83
1;0;0;0;2;1;0;1;0;0;0;0;2;0;0;0;2;4.382026634673881;4.974317031422144;1;1;0.85
0;0;1;1;68;1;0;2;1;1;1;1;1;1;2;1;0;3.013080911888604;7.1652229593403005;0;0;0.0
1;0;1;1;1;1;0;0;2;0;0;0;0;0;0;1;3;3.907010463604602;3.907010463604602;0;1;0.67
1;1;0;0;65;1;2;1;2;0;2;2;2;2;2;1;2;4.70093480797247;8.869144998885837;0;0;0.03
1;1;1;0;72;1;2;2;1;1;1;1;1;1;2;1;0;3.258096538021482;7.497512223829546;0;0;0.01
0;0;0;0;28;1;2;0;0;0;0;2;0;0;0;1;1;4.023564380161053;7.317312004993555;0;0;0.01
1;0;1;1;72;1;2;2;1;1;1;1;1;1;2;0;1;3.248434627109745;7.528385528702905;0;0;0.0
0;0;0;0;2;1;0;1;2;2;0;0;2;0;0;1;2;4.523417684115833;5.1328529268205045;0;1;0.72
0;0;0;1;18;1;0;2;1;1;1;1;1;1;1;0;0;3.0516399054922867;5.9708791134988735;1;1;0.64
1;1;1;0;60;1;2;1;0;2;2;0;2;2;1;1;2;4.6572881402501976;8.75470502283044;0;0;0.23
0;1;0;0;26;1;2;0;0;0;0;2;0;2;0;1;2;4.205438609727688;7.410589052818575;0;0;0.08
1;0;0;1;1;1;0;1;0;0;0;0;0;0;0;1;2;4.285653390016292;4.285653390016292;1;1;0.94
0;0;0;0;4;1;0;2;1;1;1;1;1;1;0;0;3;3.0610517396746335;4.363098624788363;1;1;0.71
1;0;1;1;68;1;2;0;2;2;2;2;2;2;2;1;1;4.534747721691546;8.763091869851333;0;0;0.0
0;0;0;0;38;1;0;1;0;2;2;2;0;0;0;1;1;4.445588116163626;8.091168169342712;1;1;0.72
0;1;1;0;42;1;2;1;2;0;2;0;2;2;1;1;0;4.665324108807838;8.433844190641187;0;0;0.1
0;0;1;0;57;1;0;2;1;1;1;1;1;1;2;1;0;3.0252910757955354;7.0346081699780605;0;0;0.02
1;0;1;0;54;0;1;0;0;2;0;0;0;0;0;0;2;3.4468078929142076;7.391630994381529;0;0;0.14
0;0;0;0;12;1;0;1;0;0;0;0;0;2;0;0;0;4.370712874773608;6.854670907889681;1;1;0.79
0;0;1;0;44;1;0;0;2;2;2;0;0;0;1;1;3;4.135166556742356;7.909562938379055;0;0;0.04
1;0;1;1;42;1;2;0;2;2;0;0;2;0;0;1;0;4.254193263163997;8.02594141060735;0;0;0.05
1;0;1;1;72;1;2;2;1;1;1;1;1;1;2;0;0;3.248434627109745;7.479073751176949;0;0;0.0
0;0;1;1;71;1;2;0;2;2;2;2;2;2;2;0;3;4.522331907679087;8.747471231631046;0;0;0.0
0;0;1;0;19;1;2;1;0;0;2;0;0;2;0;0;3;4.50700593720086;7.474233182938004;1;1;0.72
0;0;1;0;23;1;2;0;0;0;0;2;2;2;0;1;1;4.312810523985199;7.404735495926075;0;0;0.04
0;0;0;0;30;1;0;2;1;1;1;1;1;1;2;0;1;3.0155349008501706;6.362165662779806;0;0;0.0
1;0;0;0;35;1;2;2;1;1;1;1;1;1;1;0;0;3.3032169733019514;6.862653305069717;0;0;0.19
0;0;0;0;10;1;2;1;2;0;0;0;2;2;0;1;2;4.602165676967792;6.881667944218819;1;1;0.97
1;0;0;0;1;1;0;0;0;0;0;0;0;0;0;1;0;3.803323588504805;3.803323588504805;0;0;0.03
1;0;0;0;22;1;0;1;0;0;0;0;0;0;0;1;3;4.258445572902527;7.307470555109695;0;0;0.11
1;0;1;1;7;0;1;0;2;2;2;0;0;0;2;0;3;3.677565694213663;5.638354669333745;0;0;0.03
0;0;0;0;36;0;1;0;2;2;2;2;0;2;2;1;3;3.9908341858524357;7.550792675056632;0;0;0.0
0;0;1;1;34;1;0;2;1;1;1;1;1;1;0;0;3;3.075005454448499;6.575633565098182;0;0;0.05
1;0;1;1;72;1;2;0;2;2;2;0;0;0;2;0;1;4.181286492355909;8.459775920546287;0;0;0.04
1;0;1;1;36;1;2;2;1;1;1;1;1;1;2;0;1;3.261935314328648;6.837279165177812;0;0;0.0
0;0;0;0;1;1;0;1;0;0;2;0;0;0;0;0;2;4.348340577019075;4.348340577019075;1;1;0.51
0;0;0;0;23;1;2;1;0;2;0;0;0;0;0;1;2;4.383899879055562;7.42532808920537;1;1;0.8
1;1;1;0;32;1;2;1;0;0;0;0;0;2;0;1;2;4.454347296253507;7.879688832321678;1;1;0.82
0;0;1;1;71;1;2;1;2;2;2;2;0;0;1;1;1;4.565909472034789;8.820529592978177;0;0;0.11
0;1;0;0;23;1;2;1;0;0;2;0;0;0;0;1;3;4.386392092183521;7.515507956525134;0;0;0.15
1;0;1;0;17;1;0;1;0;0;2;0;2;2;1;1;0;4.581389657322688;7.371017485816518;0;0;0.12
1;0;0;0;1;1;0;0;0;0;2;2;2;2;0;1;2;4.33729074083249;4.33729074083249;0;0;0.19
1;0;1;1;12;1;0;2;1;1;1;1;1;1;2;0;3;3.0301337002713233;5.55817850079741;0;0;0.01
0;0;1;0;72;1;0;2;1;1;1;1;1;1;2;0;1;3.068052935133617;7.3153847099196785;0;0;0.0
1;0;0;0;1;1;0;2;1;1;1;1;1;1;0;0;3;3.005682604407159;3.005682604407159;0;0;0.01
1;1;1;0;72;1;2;1;0;2;0;0;2;2;2;0;0;4.598648968997826;8.84367281057593;0;0;0.14
1;0;1;1;60;1;2;1;0;0;0;0;0;0;0;0;0;4.3221439250725044;8.401625200735404;0;0;0.08
0;0;1;1;61;0;1;0;0;2;2;2;2;0;2;0;1;3.9579519373165457;8.084993888105437;0;0;0.01
0;0;1;0;6;1;0;0;0;0;0;0;0;0;0;0;3;3.8426729272933526;5.782131441067177;0;0;0.3
1;1;1;0;32;1;2;1;0;0;0;0;0;2;0;0;2;4.457829598089382;7.886870563989527;1;1;0.76
0;0;0;1;31;1;2;1;0;0;0;0;2;0;0;1;1;4.472210058731861;7.90041428374744;1;1;0.86
1;0;0;0;19;1;0;1;0;2;0;0;0;0;0;1;1;4.3154861108656375;7.2622779083527265;1;1;0.78
1;0;1;1;72;1;0;2;1;1;1;1;1;1;2;0;0;3.0587070727153796;7.2457620518857775;0;0;0.0
0;0;0;0;32;1;2;0;0;2;0;0;0;0;0;1;2;4.01096295328305;7.461985160355414;0;0;0.08
1;0;1;0;65;1;2;1;0;2;0;0;0;2;0;1;2;4.517976974285714;8.688116703257823;0;0;0.09
0;0;1;1;45;0;1;0;2;0;0;0;2;2;0;1;0;3.949318790171843;7.755702928210837;0;0;0.03
1;0;0;0;42;1;2;2;1;1;1;1;1;1;1;0;2;3.260017768199376;6.857356321398285;0;0;0.03
1;0;0;0;8;1;2;1;0;0;0;0;0;0;0;1;2;4.328757705794541;6.351670748810531;0;0;0.41
1;0;0;1;32;1;0;2;1;1;1;1;1;1;2;0;3;3.068052935133617;6.547932528752674;0;0;0.01
0;1;1;0;22;1;2;0;2;2;0;2;0;0;0;1;3;4.167440117292651;7.2318657080474695;0;0;0.05
1;1;1;0;57;0;1;0;0;0;0;0;2;2;0;1;2;3.825375198702474;7.853196962947979;1;1;0.72
1;0;0;0;1;1;0;0;2;0;0;0;0;0;0;0;2;3.8907993689765195;3.8907993689765195;0;0;0.19
1;1;0;0;1;1;0;0;0;0;0;0;0;0;0;0;2;3.8308129500026027;3.8308129500026027;1;1;0.86
0;0;1;0;1;1;0;0;0;0;0;0;0;0;0;1;2;3.828641396489095;3.828641396489095;0;0;0.23
1;0;0;0;24;1;0;1;0;0;0;2;2;2;0;1;2;4.574710978503383;7.66079740344362;1;1;0.77
1;0;0;0;1;1;0;2;1;1;1;1;1;1;0;0;0;3.0469005601283903;3.0469005601283903;1;1;0.66
1;1;0;0;54;1;2;1;0;2;0;0;0;2;0;1;2;4.511408806173617;8.503662057131885;0;0;0.49
0;0;0;0;4;1;2;2;1;1;1;1;1;1;2;1;1;3.269568939183719;4.770260805853684;0;0;0.02
1;0;1;1;65;1;2;1;2;0;2;2;2;2;2;0;0;4.697293474863897;8.84490574522436;1;1;0.71
0;0;1;0;56;1;2;2;1;1;1;1;1;1;1;0;2;3.2308043957334744;7.141007564444634;0;0;0.01
1;0;0;0;45;1;0;0;2;0;2;0;2;2;0;1;2;4.343155860284888;8.094012077502294;0;0;0.1
0;0;1;1;71;1;0;2;1;1;1;1;1;1;2;0;1;3.0301337002713233;7.256191376642079;0;0;0.0
1;0;1;0;59;1;0;0;2;2;2;0;2;0;1;0;1;4.210645017918261;8.283797263637677;0;0;0.18
1;0;0;0;69;0;1;0;0;2;2;0;0;0;1;1;0;3.6041382256588457;7.821342359281977;0;0;0.04
1;0;0;0;19;1;0;2;1;1;1;1;1;1;1;0;3;2.9856819377004897;5.635503633902907;0;0;0.0
0;0;1;1;55;1;0;2;1;1;1;1;1;1;2;0;1;3.0155349008501706;6.988413181999592;0;0;0.0
0;0;0;0;38;1;0;2;1;1;1;1;1;1;1;0;3;3.0106208860477417;6.62870253322841;0;0;0.0
1;0;0;0;10;1;0;0;0;0;0;0;0;0;0;1;2;3.840527003723076;6.000424288479454;1;1;0.83
0;1;1;0;47;1;2;0;2;2;2;0;0;0;0;1;1;4.226103551734458;8.087332926473351;0;0;0.36
0;0;1;0;2;0;1;0;0;0;0;0;0;2;0;1;2;3.586292865338835;4.244917420701475;1;1;0.83
1;0;0;0;1;1;0;0;0;0;0;0;0;0;0;0;1;3.8543938925915096;3.8543938925915096;1;1;0.83
0;0;0;0;1;1;0;0;0;0;0;0;0;0;0;0;2;3.8318969609488613;3.8318969609488613;1;1;0.94
1;1;0;0;1;0;1;0;0;2;2;0;0;2;0;1;2;3.7909846770510898;3.7909846770510898;1;1;0.94
1;0;1;1;46;1;0;2;1;1;1;1;1;1;2;1;3;3.0492730404820207;6.84359002150635;0;0;0.0
0;1;0;0;38;1;0;0;2;2;0;0;0;0;0;1;1;4.063025878964673;7.719418559774295;1;1;0.78
0;0;1;0;65;1;0;0;2;0;2;2;0;0;2;0;1;4.092676505121403;8.257930113295641;0;0;0.15
0;0;1;0;19;1;0;1;2;0;0;0;0;0;0;1;2;4.3067641501733345;7.273855663568025;1;1;0.73
1;0;0;0;52;1;0;1;0;2;0;0;0;2;0;1;2;4.458408804592688;8.375537456948296;1;1;0.73
1;0;1;1;71;1;0;2;1;1;1;1;1;1;2;0;3;3.017982882488811;7.229440147984164;0;0;0.0
0;0;0;0;1;1;0;0;0;0;0;0;0;0;0;0;3;3.849083205654272;3.849083205654272;1;1;0.88
0;1;0;0;52;0;1;0;0;2;2;2;2;0;0;1;2;3.9415818076696905;7.850610041981843;0;0;0.08
1;0;1;0;6;1;2;2;1;1;1;1;1;1;1;0;3;3.261935314328648;5.147494476813453;0;0;0.01
0;1;1;0;26;1;0;0;0;0;2;0;0;2;1;0;3;4.122283930911342;7.376758407894289;0;0;0.12
1;1;0;0;48;1;2;1;0;2;0;0;2;2;1;1;2;4.605170185988092;8.46492047017834;0;0;0.12
0;0;1;1;64;1;2;1;2;0;0;2;2;2;1;1;0;4.657762636107262;8.813230263450754;0;0;0.04
0;0;0;0;3;1;0;1;0;2;0;0;2;0;0;0;2;4.43970574626056;5.514436302925282;1;1;0.58
1;0;0;0;1;1;0;0;0;0;0;0;0;0;0;1;0;3.807772984054347;3.807772984054347;0;0;0.04
1;0;1;1;72;1;2;2;1;1;1;1;1;1;2;0;1;3.2228678461377385;7.459137261990456;0;0;0.0
1;0;0;0;1;1;0;0;0;0;0;0;0;0;0;1;3;3.840527003723076;3.840527003723076;0;0;0.25
0;0;1;1;51;1;2;1;2;2;0;0;0;2;0;1;2;4.551769409260976;8.420759380574932;0;0;0.09
0;0;1;1;41;1;0;2;1;1;1;1;1;1;2;0;0;3.0301337002713233;6.691152788211308;0;0;0.0
0;0;1;1;72;1;0;0;2;2;2;0;2;0;2;1;1;4.271793154274181;8.519620243740507;0;0;0.0
0;0;1;0;43;1;2;0;2;2;0;2;2;2;2;0;1;4.471067201464611;8.181860305488451;0;0;0.03
1;0;1;0;72;1;2;1;2;2;2;2;2;2;2;1;1;4.745801315727837;8.998062573972279;0;0;0.0
1;0;1;0;47;1;2;1;0;0;0;0;2;2;1;1;1;4.566429357671661;8.425954710981966;0;0;0.12
1;0;0;0;72;1;2;0;2;2;2;2;2;2;2;0;1;4.494797128506721;8.758310247220596;0;0;0.01
1;0;0;0;3;1;0;2;1;1;1;1;1;1;0;1;1;3.079613757534693;4.220977213155467;0;0;0.05
1;0;0;0;1;1;0;1;0;0;0;0;0;0;0;1;2;4.263383854543109;4.263383854543109;1;1;0.94
1;0;0;0;2;1;2;1;0;0;0;0;0;2;0;1;2;4.465908118654584;5.114694964021034;1;1;0.96
1;0;0;0;26;0;1;0;2;2;0;0;0;2;0;1;0;3.8210036070409776;7.0540609815717215;0;0;0.1
1;0;1;1;29;1;0;0;2;0;0;0;0;2;0;1;3;4.11414718951828;7.514881501017032;0;0;0.02
0;1;1;0;35;1;2;1;2;2;0;2;2;0;0;1;0;4.620058798481842;8.203673517791433;1;0;0.28
1;0;0;0;27;1;0;0;2;2;0;0;0;0;1;0;0;4.033355290595671;7.298884788322935;0;0;0.0
1;0;1;1;24;1;0;0;2;2;0;2;0;2;0;1;1;4.26689632742025;7.4427563084393356;0;0;0.05
1;0;1;1;67;1;0;0;2;0;2;2;0;0;2;1;0;4.117409835153096;8.282660023974554;0;0;0.03
0;0;0;0;16;1;2;1;0;0;0;0;0;0;0;0;2;4.299324142908639;7.086152478883935;1;0;0.35
0;0;0;0;23;1;0;0;0;2;2;0;0;0;1;0;0;4.039536325727106;7.192069185526151;0;0;0.05
1;0;0;0;14;0;1;0;0;2;0;0;0;0;0;1;3;3.4688560301359703;6.041919990596475;0;0;0.11
0;0;1;1;1;1;0;2;1;1;1;1;1;1;0;1;2;3.091042453358316;3.091042453358316;1;1;0.61875
0;1;0;0;1;1;0;0;0;0;0;0;0;0;0;0;3;3.8308129500026027;3.8308129500026027;1;1;0.93
1;1;0;0;4;0;1;0;0;2;0;0;2;2;0;1;1;3.9502817175452365;5.339219357868463;0;0;0.21
1;0;0;1;16;1;2;0;2;2;0;0;0;2;0;1;2;4.249922794040544;6.989058730046172;0;0;0.07
0;0;1;0;46;0;1;0;0;0;0;0;2;2;0;1;2;3.8055507609176296;7.605317698015492;0;0;0.17
1;0;0;1;68;1;2;0;2;2;0;2;2;2;2;1;0;4.471638793363569;8.679949592715351;0;0;0.0
1;0;0;0;38;1;2;0;2;2;2;2;0;0;0;0;2;4.261975403606051;7.885536140365803;0;0;0.03
1;1;1;0;30;1;0;0;0;2;0;0;0;0;0;1;0;3.9396381724611196;7.33204214133089;1;1;0.64
0;1;0;0;5;1;0;1;0;0;0;0;0;2;0;0;2;4.381401439279963;5.938591057500914;1;1;0.91
1;0;0;0;17;1;0;1;0;2;2;0;0;2;0;1;1;4.52124495105033;7.385975062999213;0;0;0.2
1;0;1;1;4;1;0;2;1;1;1;1;1;1;2;0;3;3.039749158970765;4.3522115495946965;0;0;0.01
0;0;0;0;12;1;0;2;1;1;1;1;1;1;1;0;2;3.0516399054922867;5.5671988095361;0;0;0.0
1;0;1;1;72;1;2;0;2;2;2;2;2;2;2;1;1;4.517431271680085;8.770726267787392;0;0;0.0
1;0;0;0;3;1;0;1;0;0;0;0;2;2;0;1;2;4.532599493153256;5.5902404332570725;0;0;0.31
1;0;0;0;56;1;2;1;0;2;0;2;0;2;0;1;2;4.558602550171757;8.542002870324811;1;1;0.73
0;0;0;0;41;1;2;2;1;1;1;1;1;1;1;1;3;3.2523106009544382;6.870312983506267;0;0;0.01
1;0;0;0;40;0;1;0;0;2;0;2;0;0;1;0;1;3.6109179126442243;7.232660879231885;0;0;0.03
0;0;0;0;7;1;0;0;2;2;0;2;2;2;0;1;2;4.375757021660286;6.349226400146953;0;0;0.1
1;0;0;0;69;1;0;2;1;1;1;1;1;1;2;0;1;3.0421386463681466;7.2444774843585575;0;0;0.0
1;0;1;1;7;1;0;2;1;1;1;1;1;1;1;0;3;3.075005454448499;5.017279836814924;0;0;0.0
0;0;1;1;5;0;1;0;0;2;0;0;0;0;0;1;2;3.449987545831587;5.125153747538848;0;0;0.11
0;0;1;1;72;1;2;1;2;2;2;2;2;0;2;0;1;4.673762977453703;8.943558363632143;0;0;0.01
1;0;1;1;44;1;0;2;1;1;1;1;1;1;1;1;0;3.068052935133617;6.763942643616289;0;0;0.0
0;0;0;0;65;1;2;1;0;2;2;0;2;0;1;1;2;4.56954300834494;8.724995667891045;0;0;0.06
0;0;0;0;3;1;2;0;0;0;0;2;2;0;0;0;2;4.183575695950044;5.165928178502291;0;1;0.69
1;0;0;0;24;1;0;0;0;0;0;2;0;0;0;1;1;3.9531649487593215;7.147244508832433;0;0;0.01
0;0;0;0;44;1;2;1;0;2;2;0;0;0;0;1;0;4.4520190064939165;8.25934172892313;1;1;0.82
0;1;1;0;72;1;2;0;2;2;2;2;2;2;2;0;1;4.500920164614292;8.756745381664464;0;0;0.05
1;0;0;0;24;1;0;0;2;0;0;2;0;0;0;0;2;4.024458434757935;7.207489432458059;0;0;0.05
1;0;0;0;1;1;0;0;0;0;2;0;0;0;0;0;3;3.949318790171843;3.949318790171843;1;1;0.86
1;0;1;0;22;1;0;2;1;1;1;1;1;1;0;1;0;3.065724645374026;6.158143561441065;0;0;0.06
1;0;1;1;70;1;2;0;0;2;2;2;2;2;2;1;1;4.465333240800292;8.688243128172127;0;0;0.01
1;0;1;1;25;1;2;0;0;0;0;0;2;0;0;0;2;4.116595171156921;7.2482551082379425;0;0;0.07
1;0;1;1;37;1;0;2;1;1;1;1;1;1;2;0;0;3.0349529867072724;6.5890640196560115;0;0;0.02
0;1;1;1;22;1;2;1;0;0;0;0;2;0;0;0;0;4.458408804592688;7.582025403772393;0;0;0.13
0;0;1;1;59;1;2;0;0;0;2;2;2;0;2;1;0;4.291828366755733;8.341851220545456;0;0;0.0
1;0;1;1;49;1;2;1;0;0;2;0;2;2;0;1;2;4.613138355637268;8.49155738415759;1;1;0.56
1;0;1;1;47;1;2;1;0;0;2;2;2;2;0;1;0;4.685366727982368;8.540899952360869;1;1;0.82
0;0;1;1;31;1;0;2;1;1;1;1;1;1;0;1;3;3.022860940942244;6.492164074574964;1;1;0.64
1;0;1;1;1;1;0;1;0;0;0;0;0;2;0;1;2;4.4073288175361;4.4073288175361;0;0;0.35
1;0;0;0;3;1;0;2;1;1;1;1;1;1;0;1;2;3.068052935133617;4.356067595503785;0;0;0.03
0;0;1;0;53;1;2;1;0;2;2;2;2;2;1;1;0;4.725616339063959;8.667464929294537;0;0;0.06
1;0;0;0;1;1;0;2;1;1;1;1;1;1;0;0;3;3.054001181677967;3.054001181677967;0;0;0.2801865079365078
1;0;0;0;20;1;0;2;1;1;1;1;1;1;1;1;3;3.0301337002713233;6.032846384886751;0;0;0.0
0;0;0;0;3;1;0;1;2;2;0;0;0;0;0;1;2;4.383275854074314;5.511410582008745;1;1;0.8
0;0;0;0;51;1;0;2;1;1;1;1;1;1;1;1;0;3.0373539482448106;6.905703174856006;0;0;0.0
0;0;1;0;51;1;0;0;2;2;0;2;0;0;1;1;0;4.119037174812473;8.053934762074721;0;0;0.01
0;0;1;1;13;1;0;2;1;1;1;1;1;1;2;0;3;3.022860940942244;5.584623492819887;0;0;0.0
0;0;0;0;1;1;0;2;1;1;1;1;1;1;0;0;3;3.086486636822455;3.086486636822455;0;1;0.6547103174603176
1;0;0;1;1;1;0;2;1;1;1;1;1;1;0;1;3;3.093312601892855;3.093312601892855;0;0;0.04
1;0;0;0;63;1;2;0;2;2;2;2;0;0;1;0;2;4.283586561860629;8.428864583622543;0;0;0.01
1;0;0;0;3;1;0;0;0;0;0;0;0;2;0;0;3;4.019082077721554;5.247550249494384;0;0;0.28
1;0;0;0;46;1;0;2;1;1;1;1;1;1;2;0;1;3.005682604407159;6.812510097065403;0;0;0.0
1;0;0;0;1;1;2;0;0;0;0;0;0;0;0;1;1;3.927896354584436;3.927896354584436;0;0;0.14
1;0;0;1;8;0;1;0;0;0;0;0;0;0;0;0;3;3.2771447329921766;5.376203905205108;1;1;0.74
0;0;1;1;71;1;0;2;1;1;1;1;1;1;2;0;0;3.068052935133617;7.314519542821921;0;0;0.0
1;0;1;1;55;1;2;1;0;0;2;0;2;0;0;1;1;4.515245478460105;8.537025230044605;0;0;0.11
0;0;0;0;70;1;2;1;0;2;2;2;0;0;1;1;0;4.513602992462601;8.762012125129507;0;0;0.04
0;0;0;0;2;1;0;1;0;0;0;0;0;2;0;0;2;4.403665809777363;5.077982367555866;1;1;0.91
1;0;1;1;67;1;2;1;2;0;0;2;2;2;2;0;0;4.659658371272161;8.837354554609945;0;0;0.11
1;0;1;0;65;1;2;1;0;2;0;0;2;0;0;1;0;4.530985287798715;8.689775811678336;1;1;0.68
1;0;1;0;14;1;0;0;0;0;2;0;0;0;0;0;1;3.9357395320454622;6.507053806722995;0;0;0.07
0;0;1;1;20;1;2;1;0;0;2;2;0;2;0;1;0;4.56954300834494;7.558621067285476;0;0;0.08
1;0;0;1;1;1;0;1;0;2;0;0;0;0;0;1;2;4.335328031664641;4.335328031664641;1;1;0.94
1;0;0;0;1;1;2;1;0;0;0;0;0;0;0;1;2;4.336636932375072;4.336636932375072;1;1;0.91
0;0;1;1;49;1;2;1;0;0;0;0;2;2;0;1;0;4.5685062016165;8.437056312642076;0;0;0.15
0;0;0;0;72;1;2;1;2;2;2;0;2;0;2;1;0;4.627909672957581;8.890444977159751;0;0;0.01
0;0;1;0;46;1;2;0;2;0;0;0;0;0;0;0;2;3.9908341858524357;7.808241779311325;0;0;0.07
1;0;0;0;24;1;2;1;0;2;2;0;0;0;0;1;0;4.4526015873434845;7.625497506397463;0;0;0.11
0;0;1;1;5;0;1;0;0;2;0;2;0;0;0;0;2;3.5624655292582776;5.103214475389349;0;0;0.1
0;0;1;1;33;1;2;1;0;2;2;2;0;0;0;0;1;4.4953553199808844;7.968907969489865;0;0;0.11
0;0;0;0;42;1;2;0;2;2;0;0;0;0;1;1;0;4.113329862133181;7.7925966225827015;0;0;0.02
1;0;0;0;23;1;0;1;2;0;2;0;2;2;1;1;1;4.614625344758847;7.73794331180288;0;0;0.11
1;0;0;0;8;1;0;1;0;0;0;0;0;0;0;0;0;4.272490747605575;6.3178864478756935;0;0;0.1
1;0;0;0;66;1;0;0;2;2;0;0;0;0;1;1;3;4.021773869387265;8.150958411799742;0;0;0.02
1;0;0;0;24;1;0;0;2;0;0;0;0;0;0;1;0;3.9229629454664803;7.0995319945468465;1;1;0.66
1;1;0;0;24;1;2;0;0;2;0;0;0;0;0;0;1;4.021773869387265;7.164178855531146;0;0;0.1
1;0;0;0;69;1;2;0;2;2;2;2;0;2;1;1;1;4.377014092850337;8.58624339459303;1;1;0.7
0;0;0;0;53;1;0;1;0;2;2;0;2;2;1;1;3;4.618086411254637;8.556759998518253;0;0;0.06
0;0;0;0;60;0;1;0;2;0;2;0;2;2;2;0;2;4.000033882750859;8.082726575748996;0;0;0.02
0;0;1;0;7;1;0;1;0;0;0;0;2;0;0;1;2;4.407938016458383;6.358968148929027;1;1;0.93
0;0;0;0;20;1;0;2;1;1;1;1;1;1;1;1;1;3.013080911888604;6.074771153234392;0;0;0.01
0;0;1;1;23;1;2;1;0;0;0;0;0;2;0;0;2;4.461299815568389;7.533372802748483;0;0;0.21
1;0;1;1;72;1;0;0;2;0;2;2;2;2;2;1;2;4.404277243608702;8.653392272593413;0;0;0.04
1;0;1;0;11;1;2;1;0;0;0;0;0;0;0;1;2;4.330075229041782;6.71744187225863;1;1;0.81
1;0;0;0;21;1;0;2;1;1;1;1;1;1;2;0;3;3.0252910757955354;5.969730054961976;0;0;0.0
1;1;0;0;1;1;2;1;0;0;0;0;2;2;0;1;2;4.549128795104466;4.549128795104466;1;1;1.0
1;1;0;0;31;1;2;1;0;2;0;0;2;0;0;1;2;4.51852237926242;7.953722482812561;0;0;0.17
0;0;0;0;57;1;0;0;0;2;2;2;2;0;2;0;3;4.259152536523347;8.2675516487958;0;0;0.0
0;0;1;1;45;1;0;2;1;1;1;1;1;1;2;1;0;3.044522437723423;6.788295838944809;0;0;0.0
1;0;0;0;10;1;2;1;0;2;2;0;0;2;0;1;2;4.566948973167894;6.930054786476904;0;0;0.28
0;0;1;0;58;1;2;1;0;0;2;2;2;2;0;1;1;4.635699391022914;8.68039988435051;1;1;0.73
1;0;0;1;14;1;0;2;1;1;1;1;1;1;0;0;3;3.0421386463681466;5.596197263976263;0;0;0.06
1;0;1;0;27;1;2;0;2;0;0;2;2;2;1;0;3;4.404888303817144;7.698641505443378;0;0;0.04
0;0;1;1;14;1;2;1;0;2;0;0;0;2;0;1;0;4.520701029361642;7.138866999945524;1;1;0.79
0;0;1;1;12;0;1;0;0;2;0;0;0;0;0;0;3;3.407841924380824;5.736894826106403;1;1;0.61
0;0;1;1;69;1;2;1;0;2;0;2;0;2;2;1;0;4.546481189639412;8.763904820829827;0;0;0.04
0;0;1;1;25;1;0;1;0;2;2;0;2;0;0;1;0;4.501474949649326;7.722566841906438;1;0;0.39
1;1;1;0;58;1;2;1;2;2;2;0;2;2;1;1;2;4.699115798830619;8.746438091588423;1;1;0.67
0;0;1;1;35;0;1;0;2;0;0;2;2;0;2;1;1;3.8575668196320874;7.416408544886471;0;0;0.0
0;1;0;0;16;1;2;1;0;0;0;0;2;0;0;1;2;4.45143608604605;7.208711360664456;1;1;0.85
1;0;1;1;45;1;2;0;0;2;2;0;2;2;1;0;1;4.378896741664954;8.189147352774896;0;0;0.02
0;0;0;0;17;1;0;1;0;2;0;0;2;0;0;1;2;4.4373430753445895;7.1930469968112805;0;0;0.13
0;0;1;1;1;1;0;0;0;0;0;0;0;0;0;1;2;3.8437441646748516;3.8437441646748516;1;1;0.82
1;0;0;0;22;1;0;2;1;1;1;1;1;1;1;0;3;3.0252910757955354;6.048553514092109;0;0;0.0
0;1;0;0;1;1;0;1;0;0;0;0;0;0;0;1;2;4.261975403606051;4.261975403606051;1;1;0.94
1;0;1;1;67;1;0;0;2;0;2;2;0;2;2;0;3;4.231930225174664;8.44002052788967;0;0;0.01
0;0;1;1;67;1;2;1;0;0;2;2;2;2;2;1;0;4.669552444917359;8.812679729642257;0;0;0.03
0;0;1;0;2;0;1;0;0;0;0;0;2;2;0;0;2;3.8199077165203406;4.585987366571318;1;1;0.8
1;0;0;0;23;1;2;1;0;0;0;0;0;0;0;1;2;4.330075229041782;7.445096243403855;1;1;0.54
0;1;0;0;9;1;0;1;0;0;2;0;0;0;0;0;1;4.33729074083249;6.458965046135599;0;0;0.16
0;0;0;0;5;1;0;2;1;1;1;1;1;1;0;0;3;3.0516399054922867;4.778703236748966;0;0;0.19
1;0;0;0;54;0;1;0;2;0;0;2;2;0;2;0;1;3.832979798087693;7.8085465118093405;0;0;0.01
0;0;0;0;57;1;0;1;0;0;2;0;2;2;2;1;2;4.566948973167894;8.606238332238815;1;1;0.78
1;0;0;0;24;1;2;1;0;0;2;0;2;0;0;1;3;4.50920979484218;7.680660511320358;1;1;0.76
0;0;1;1;49;1;2;1;0;2;0;0;2;2;1;0;3;4.619566066271823;8.505687251230036;1;0;0.21
1;0;0;0;5;1;2;0;0;0;0;0;0;0;0;0;2;3.8743211382441345;5.412315470601449;1;1;0.89
1;0;0;0;2;1;0;1;0;0;0;0;0;2;0;1;2;4.396915247167632;5.2045559867335625;1;1;0.86
0;0;0;1;4;1;2;1;0;0;2;2;0;0;0;1;3;4.478472532942134;5.836125661643914;1;1;0.87
1;0;1;1;70;1;2;0;2;2;2;2;2;0;2;1;0;4.385146762010125;8.653968068254212;0;0;0.01
1;0;0;0;5;1;2;1;0;0;0;0;0;0;0;1;0;4.3425058765115985;5.882625767073831;1;1;0.89
1;0;1;1;53;1;2;0;2;0;2;2;2;2;0;0;2;4.462453883786496;8.437522081358422;0;0;0.06
0;0;1;0;47;1;2;1;2;2;2;0;2;0;0;1;2;4.602667055769973;8.419514208211142;1;0;0.47
0;0;0;1;31;1;0;2;1;1;1;1;1;1;1;0;1;3.0492730404820207;6.380546175965622;0;0;0.0
1;0;1;1;13;1;0;0;0;2;2;2;0;0;0;0;0;4.139955073474153;6.621538798691966;0;0;0.07
0;0;1;1;28;1;2;0;0;0;0;0;0;0;0;0;3;3.929862923556477;7.2522311154638714;0;0;0.05
0;0;0;0;10;1;2;1;0;0;0;0;0;2;0;0;2;4.471067201464611;6.723652136105752;1;1;0.87
1;0;1;0;38;1;0;2;1;1;1;1;1;1;2;0;0;3.0633909220278057;6.612712852124064;0;0;0.0
0;0;0;0;1;1;0;0;0;0;0;0;0;0;0;1;3;3.835141961092188;3.835141961092188;1;1;0.79
1;0;1;0;67;1;2;1;0;2;2;0;2;2;1;0;2;4.6549122778829055;8.859626198721307;1;1;0.74
1;0;1;0;52;1;0;0;2;2;0;0;2;2;1;1;3;4.335982696172475;8.260092052373597;0;0;0.04
1;0;1;1;62;1;0;1;2;2;2;2;2;2;2;0;3;4.692723082995953;8.828589349076104;0;0;0.02
0;0;0;0;16;1;0;1;0;2;0;0;0;2;0;1;2;4.468777561082536;7.201245451716894;0;0;0.24
0;1;1;0;5;1;2;1;0;2;0;0;0;0;0;1;2;4.406719247264253;5.9206396413277025;1;1;0.94
1;0;0;0;12;1;0;1;0;0;2;0;2;2;1;0;2;4.571613402459248;7.077498053569231;0;1;0.59
0;0;1;1;72;1;2;1;2;2;2;2;2;2;2;1;0;4.76941262938214;9.04531241514722;0;0;0.0
1;1;0;0;71;1;2;1;0;2;0;2;2;2;1;0;0;4.670489652108734;8.907050461783502;0;0;0.1
0;0;1;0;24;1;0;2;1;1;1;1;1;1;1;0;3;3.0516399054922867;6.126541619553741;0;0;0.0
0;0;0;0;15;1;0;2;1;1;1;1;1;1;2;0;3;3.0252910757955354;5.806940566758827;0;0;0.0
1;0;1;0;67;1;0;1;2;2;0;0;0;2;1;1;1;4.517431271680085;8.708994671409323;1;1;0.64
1;0;0;1;2;1;2;0;2;2;0;0;0;0;0;0;0;4.126327608075152;4.909709375506295;0;0;0.11
0;0;1;1;5;0;1;0;0;0;0;0;0;0;0;0;3;3.260017768199376;4.840242308167575;0;0;0.1
0;0;1;0;15;1;0;1;0;0;0;0;2;2;0;0;2;4.49032034430915;7.238209443277787;1;1;0.84
1;0;0;0;1;1;0;2;1;1;1;1;1;1;0;1;3;3.054001181677967;3.054001181677967;1;1;0.98
1;0;1;1;41;1;0;0;2;2;2;0;0;0;1;1;0;4.115779842942166;7.828953947208875;0;0;0.04
0;0;0;1;43;1;0;0;2;2;0;0;0;2;0;1;2;4.173617743116608;7.915001267186403;0;0;0.05
1;1;1;0;1;1;2;1;0;0;0;0;0;0;0;0;2;4.321480134805848;4.321480134805848;0;0;0.31
0;1;0;0;1;1;0;1;0;0;0;0;0;0;0;1;3;4.2710950739666;4.2710950739666;0;0;0.23
0;0;1;1;26;1;0;1;0;0;0;0;2;2;0;1;2;4.519612297626445;7.7676026354330805;1;1;0.73
1;0;0;0;22;1;2;1;0;2;0;0;0;0;0;1;2;4.386392092183521;7.456656730000356;1;1;0.76
1;0;1;0;71;1;2;0;2;2;2;2;2;2;2;0;0;4.51688527112052;8.764834214330834;0;0;0.0
1;0;0;0;7;1;0;2;1;1;1;1;1;1;2;0;3;3.017982882488811;5.114094002464486;0;0;0.01
0;1;0;0;28;1;2;0;0;2;2;2;0;0;0;0;0;4.181286492355909;7.532944766358855;0;0;0.02
1;1;0;0;16;1;0;1;0;0;0;0;0;0;0;0;2;4.257738109130536;6.951102083485503;0;0;0.47
1;0;0;0;7;1;0;2;1;1;1;1;1;1;1;0;3;3.0204248861443626;4.864452783918174;0;0;0.0
0;0;0;0;69;1;2;1;0;2;2;2;2;2;2;1;0;4.7140245909001735;8.916834708621446;0;0;0.1
0;0;0;1;1;0;1;0;0;0;0;0;0;0;0;0;3;3.246490991901174;3.246490991901174;0;0;0.16
1;0;0;0;3;1;0;0;2;0;2;0;2;2;0;1;2;4.361823927356363;5.333443168523411;0;0;0.15
1;1;0;0;21;1;0;1;0;0;2;0;2;2;0;1;0;4.582924577040772;7.616431261159709;1;1;0.88
0;0;1;0;69;1;2;1;0;2;2;0;0;0;0;1;0;4.45898767581001;8.677678053601017;0;0;0.29
0;0;1;0;71;0;1;0;2;2;2;2;0;0;2;1;0;3.883623530906448;8.125275895853342;0;0;0.01
0;0;1;1;69;1;0;2;1;1;1;1;1;1;2;0;3;3.0155349008501706;7.205783643488062;0;0;0.03
0;0;0;0;48;1;2;1;0;0;2;2;2;2;0;1;2;4.652530757347929;8.50654671831227;0;0;0.1
1;0;1;0;47;1;2;1;0;2;2;0;0;0;0;1;0;4.434974808991977;8.310414994188292;1;1;0.81
0;0;0;0;2;1;2;0;0;0;0;0;0;0;0;1;2;3.919991175077323;4.677955855713739;1;1;0.77
1;0;0;0;45;1;2;1;2;0;2;2;2;2;0;1;1;4.695467823968872;8.510309553449911;0;0;0.16
1;0;0;0;51;1;2;1;0;2;0;0;0;0;0;0;0;4.406719247264253;8.315505312131318;0;0;0.08
0;0;1;0;22;1;2;0;2;0;0;2;2;2;0;1;2;4.384523514872469;7.463793245569676;1;1;0.73
1;0;0;0;72;1;2;0;2;2;2;2;2;2;2;0;0;4.473351611367243;8.73645722713191;0;0;0.0
1;0;1;1;37;1;2;1;0;2;2;0;2;0;0;1;2;4.5427627258594745;8.136298737242278;0;0;0.18
1;0;1;1;71;1;2;0;2;2;2;2;2;2;2;0;2;4.514698282824016;8.752462922528288;0;0;0.0
1;0;1;1;7;1;0;0;0;0;2;0;0;0;0;0;2;3.906004933102583;5.8326153464991695;1;1;0.81
0;0;0;0;66;1;2;2;1;1;1;1;1;1;2;1;1;3.263849190510932;7.4292834258812634;0;0;0.0
1;0;1;1;51;1;0;0;2;0;0;2;2;2;1;1;0;4.3489867805956814;8.285841041552139;0;0;0.0
0;0;1;1;30;1;0;2;1;1;1;1;1;1;1;0;0;3.022860940942244;6.412638948921326;0;0;0.03
0;0;0;0;34;1;2;1;0;0;0;0;2;0;0;0;2;4.458408804592688;7.971638087129149;0;0;0.29
1;0;1;1;64;1;2;2;1;1;1;1;1;1;2;1;3;3.250374491927572;7.323731616715949;0;0;0.01
1;1;1;0;65;1;2;1;0;2;2;0;2;2;1;1;0;4.645832167706981;8.823714191660846;0;0;0.15
1;0;0;0;47;1;2;1;2;2;0;2;2;0;0;0;3;4.622518824322705;8.448957176298375;0;0;0.06
0;0;0;0;1;1;0;1;2;0;0;0;2;2;0;1;2;4.570578741218473;4.570578741218473;1;1;0.9
0;0;0;0;49;1;2;0;2;2;0;0;0;0;0;1;1;4.1067670822206574;7.984564941689402;1;1;0.79
0;0;1;1;67;1;2;1;0;2;0;2;2;0;2;0;1;4.554928969551344;8.748907905146114;0;0;0.04
1;0;0;1;39;1;0;2;1;1;1;1;1;1;1;0;0;3.013080911888604;6.659550297072556;0;0;0.03
1;0;0;0;14;1;0;2;1;1;1;1;1;1;0;0;3;3.039749158970765;5.651611602327291;0;0;0.02
0;1;0;0;43;1;0;1;2;2;0;2;2;2;0;1;1;4.692723082995953;8.434181079422173;1;1;0.75
1;1;0;0;56;1;2;1;0;0;2;0;2;2;0;1;2;4.625462889255854;8.629628620746026;0;0;0.24
0;0;0;0;14;1;0;0;0;0;0;2;0;2;1;0;1;4.096009841541162;6.6513780563587686;0;0;0.06
0;0;0;0;1;1;0;1;0;0;0;0;0;0;0;0;2;4.281515453077493;4.281515453077493;1;1;0.85
1;0;1;1;16;1;0;0;2;2;0;0;0;0;1;1;3;4.040416220196545;6.755536066004626;0;0;0.04
1;0;1;1;70;1;2;1;2;2;0;0;2;2;0;1;2;4.6732960150356915;8.929971492818627;0;0;0.21
1;1;1;0;72;1;2;0;2;2;2;0;2;2;2;1;1;4.443827035579329;8.696618892598165;0;0;0.0
0;0;1;1;23;1;0;1;0;0;2;0;0;0;0;1;1;4.334672938290411;7.440675020221193;0;0;0.07
1;0;0;1;21;1;2;2;1;1;1;1;1;1;0;0;3;3.246490991901174;6.1487887573848985;0;0;0.03
0;0;0;0;1;1;0;2;1;1;1;1;1;1;0;1;3;3.0516399054922867;3.0516399054922867;1;1;0.98
1;0;0;1;1;1;0;1;0;0;0;0;0;0;0;0;0;4.259152536523347;4.259152536523347;1;1;0.95
0;1;1;0;32;1;2;1;0;0;0;0;2;2;0;1;2;4.545420181582317;7.983440063006542;1;1;0.89
1;0;1;1;17;1;0;1;0;0;0;0;2;0;0;0;2;4.404888303817144;7.2455480718564305;1;1;0.55
0;0;0;0;4;0;1;0;2;2;0;0;0;0;0;1;2;3.5452977256359124;4.933394213752808;1;1;0.75
0;0;0;0;36;1;2;0;0;0;2;0;0;0;1;0;2;4.039536325727106;7.5717310822418025;0;0;0.01
0;0;0;0;50;0;1;0;0;2;2;2;0;0;2;0;1;3.7062280924485496;7.567216401887276;0;0;0.07
0;0;1;1;48;0;1;0;0;0;0;2;0;0;0;1;1;3.417726683613366;7.2612602037150475;0;0;0.2
0;0;0;1;50;1;0;2;1;1;1;1;1;1;2;0;1;3.0516399054922867;6.879201471564076;0;0;0.01
1;0;1;0;72;1;2;0;2;2;2;2;0;2;2;0;1;4.388878109622984;8.66766281876101;0;0;0.02
1;0;0;1;10;1;2;2;1;1;1;1;1;1;0;0;1;3.250374491927572;5.41565585896527;0;0;0.26
0;0;0;0;18;1;0;2;1;1;1;1;1;1;0;0;3;3.027715319407042;5.9730459615839635;0;0;0.0
1;0;0;0;1;1;0;1;0;0;0;0;2;0;0;1;2;4.393831680123644;4.393831680123644;1;1;0.99
0;0;0;0;1;1;0;2;1;1;1;1;1;1;0;0;2;3.0106208860477417;3.0106208860477417;1;1;0.6383333333333333
1;0;0;0;9;1;0;1;0;0;2;0;2;2;0;1;2;4.554403068934438;6.700300512549185;0;0;0.28
1;0;0;0;2;1;2;1;2;0;0;0;0;2;0;0;3;4.51906748693468;5.169062530690774;0;0;0.18
0;0;1;0;40;1;2;1;0;0;0;2;0;0;0;1;1;4.380149874661021;8.04810114655118;0;0;0.2
1;0;1;0;69;1;2;1;0;0;2;0;2;2;1;0;0;4.61015772749913;8.830901133617402;0;0;0.06
0;0;1;0;37;1;2;1;2;0;2;2;0;2;1;1;2;4.607168188650764;8.231003338384392;1;1;0.66
1;0;0;1;18;1;2;1;0;0;2;0;0;0;0;1;1;4.401216329067023;7.249676926271517;0;0;0.17
1;1;1;0;11;1;0;1;0;0;0;0;0;0;0;1;2;4.26549281841793;6.7282696970073905;0;0;0.22
0;0;1;0;8;1;2;1;0;0;0;0;0;2;0;1;1;4.456670177669648;6.443176906381466;1;1;0.87
0;0;0;0;3;1;2;1;0;0;0;0;0;0;0;0;2;4.334017415487521;5.493061443340548;1;1;0.82
1;0;1;1;55;1;0;0;2;0;0;0;0;2;1;0;1;4.101816577060802;8.057694194815587;0;0;0.01
1;0;1;0;33;1;2;1;0;2;2;0;0;2;0;1;2;4.547011271814559;8.03689677268507;0;0;0.23
0;0;0;0;46;1;0;0;0;0;0;0;0;0;0;0;0;3.827553848801696;7.682436362523345;0;0;0.04
1;0;0;0;34;1;2;2;1;1;1;1;1;1;2;0;0;3.299533727885655;6.888929174732088;0;0;0.07
0;0;0;0;3;1;0;2;1;1;1;1;1;1;0;0;2;3.054001181677967;4.203946072137182;0;0;0.12
1;0;1;1;30;1;0;2;1;1;1;1;1;1;2;0;3;3.1023420086122493;6.569341158123582;0;0;0.0
0;0;0;0;33;1;2;0;2;0;0;2;0;0;1;0;2;4.100989104940769;7.577531473218842;0;0;0.02
1;0;1;1;45;1;2;1;0;2;2;0;0;2;1;1;1;4.564348191467836;8.38248396255773;0;0;0.02
1;0;0;0;40;1;0;0;2;2;0;2;0;0;0;1;3;4.141546163706395;7.881597680694297;0;0;0.04
0;0;0;0;71;1;2;1;2;2;2;2;2;2;2;1;2;4.784570814354383;9.045300620816755;0;0;0.03
1;0;0;0;1;1;2;0;0;0;2;0;0;0;0;0;2;4.013676659154646;4.013676659154646;1;1;0.83
0;0;1;1;72;0;1;0;2;2;2;2;2;2;2;0;0;4.181286492355909;8.418256443556213;0;0;0.0
0;0;1;1;22;1;0;1;0;0;0;0;0;2;0;1;2;4.396299293960601;7.490892261958906;0;0;0.1
1;0;1;1;46;1;0;2;1;1;1;1;1;1;1;1;0;3.054001181677967;6.741228328086823;0;0;0.0
0;0;1;1;55;1;0;2;1;1;1;1;1;1;2;0;3;3.091042453358316;7.099449442022756;0;0;0.0
1;0;0;0;1;1;0;2;1;1;1;1;1;1;0;0;3;3.065724645374026;3.065724645374026;0;0;0.06
0;0;0;0;12;1;2;0;0;0;0;2;2;2;1;1;3;4.341855469984605;6.7516276462706575;0;0;0.19
1;0;0;0;31;1;2;1;0;2;0;0;0;0;0;1;2;4.399989335048054;7.795687687751237;0;1;0.51
1;0;1;0;5;0;1;0;0;0;0;0;0;0;0;1;2;3.2561716096118976;4.619073091157083;1;1;0.8
0;0;1;1;67;1;2;0;2;0;0;0;2;2;2;1;2;4.33729074083249;8.562252595422573;0;0;0.06
1;0;0;0;1;1;0;0;0;0;0;0;0;0;0;0;3;3.816612820623488;3.816612820623488;0;0;0.28
1;0;1;0;40;0;1;0;2;2;2;0;0;0;1;1;2;3.769306703226551;7.448595911591226;1;1;0.62
1;0;1;1;41;1;2;0;2;2;2;0;2;0;0;1;1;4.3247946887187485;8.014517599068448;0;0;0.06
1;0;0;0;1;1;2;1;0;0;0;0;0;0;0;1;2;4.334672938290411;4.334672938290411;1;1;0.91
1;0;0;0;51;1;2;1;2;2;0;0;2;0;1;1;2;4.562262684976814;8.484380701669687;1;1;0.59
1;0;1;1;42;0;1;0;2;0;2;2;2;0;2;0;1;3.8948768465931756;7.617415367916296;0;0;0.01
1;0;1;1;23;1;0;2;1;1;1;1;1;1;1;0;3;3.027715319407042;6.081990573807353;0;0;0.0
0;1;0;0;1;1;0;1;0;0;0;0;0;0;0;1;2;4.27039650600246;4.27039650600246;1;1;0.74
0;0;0;0;1;1;0;2;1;1;1;1;1;1;0;0;3;3.0516399054922867;3.0516399054922867;0;0;0.12716666666666668
0;0;0;0;56;1;2;1;2;2;0;0;2;2;0;1;1;4.678420647727684;8.681851331171295;0;0;0.05
1;0;0;1;15;1;2;1;0;2;0;0;2;0;0;1;2;4.5217885770490405;7.266163719547021;0;0;0.19
1;0;1;1;12;1;2;2;1;1;1;1;1;1;2;1;0;3.2733640101522705;5.749392985908253;0;0;0.01
0;0;1;1;54;1;0;0;2;0;2;2;0;2;2;0;0;4.261975403606051;8.261745949097815;0;0;0.0
0;0;0;0;7;1;0;0;0;0;0;0;2;2;0;1;2;4.217299386280878;6.129268051255177;0;0;0.12
0;0;1;1;33;1;2;1;0;0;0;0;0;2;0;0;1;4.46763077196603;7.918155470084098;1;1;0.74
1;0;1;1;16;1;0;2;1;1;1;1;1;1;0;0;2;3.0516399054922867;5.835833605567072;0;0;0.07
0;0;0;1;21;1;0;0;2;0;2;0;0;2;1;0;3;4.18737942818929;7.198781752684307;0;0;0.07
1;1;1;0;30;1;2;0;0;0;2;0;2;2;2;0;2;4.328757705794541;7.688340828690917;0;0;0.09
1;0;0;0;3;1;0;0;0;0;0;2;0;0;0;1;3;3.9415818076696905;5.002267044425739;0;0;0.23
1;0;0;0;11;1;0;1;0;0;2;0;0;0;0;0;2;4.302712827954156;6.708633383509836;0;0;0.39
0;0;0;0;62;1;2;1;2;2;2;2;2;2;1;1;1;4.754021132720446;8.872690442146478;0;0;0.01
1;0;0;0;18;1;0;2;1;1;1;1;1;1;0;0;2;2.995732273553991;5.857361562584502;0;0;0.15
1;0;0;1;6;1;0;2;1;1;1;1;1;1;0;0;3;3.022860940942244;4.864452783918174;0;0;0.02
0;0;0;0;46;1;2;1;0;0;2;0;2;2;1;1;2;4.625952725170619;8.450069999559938;0;0;0.09
1;0;0;0;21;1;2;1;0;0;0;0;0;2;0;1;2;4.443827035579329;7.460749190608673;0;0;0.33
1;0;0;0;68;1;2;2;1;1;1;1;1;1;2;1;0;3.224857896545748;7.313120382089968;0;0;0.0
0;0;0;0;1;1;2;0;0;0;0;0;0;0;0;1;2;3.933784497209659;3.933784497209659;0;0;0.28
0;0;1;0;25;1;0;1;0;0;2;0;0;0;0;1;2;4.3254562831854875;7.4948472582015775;0;0;0.1
0;0;0;1;24;1;0;2;1;1;1;1;1;1;2;0;3;3.0325462466767075;6.2128064764755635;0;0;0.01
0;0;1;0;30;1;2;1;0;0;0;0;0;2;0;1;2;4.454347296253507;7.872931408586103;1;1;0.53
0;0;0;0;2;1;0;1;0;0;0;0;0;2;0;0;2;4.401216329067023;5.220896219579452;1;1;0.88
1;0;1;0;51;1;2;1;0;2;2;0;2;2;1;1;0;4.680277658474897;8.612467006923026;0;0;0.29
0;0;1;1;57;1;2;0;2;0;2;2;2;2;2;1;2;4.448516375942715;8.485991440272972;0;0;0.0
0;0;0;0;15;1;2;2;1;1;1;1;1;1;2;0;0;3.260017768199376;5.9137732393921105;0;0;0.02
0;0;1;1;72;1;0;0;2;2;2;2;2;2;2;1;0;4.439115601658009;8.715699728594453;0;0;0.0
0;0;0;0;2;1;0;1;0;0;2;0;0;0;0;1;2;4.341204640153626;5.08605193338101;1;1;0.68
1;0;1;0;28;1;2;1;0;2;2;0;2;0;0;0;1;4.580877493419047;7.895566352265149;0;0;0.36
1;1;1;0;29;1;2;1;0;0;2;0;2;2;0;1;2;4.600157644164547;8.00808276252883;1;1;0.9
1;0;1;1;70;1;0;1;2;2;2;2;2;0;2;1;1;4.625952725170619;8.853065247965418;0;0;0.0
0;0;0;0;13;1;0;2;1;1;1;1;1;1;1;0;3;3.054001181677967;5.614040099155339;0;0;0.0
0;1;1;0;59;1;2;1;2;2;2;2;0;0;1;1;2;4.554403068934438;8.609754141002568;0;0;0.05
1;1;1;0;13;1;2;1;0;0;0;0;2;2;0;1;2;4.566948973167894;7.1185428080867625;1;1;0.86
1;1;1;0;7;1;2;1;0;0;0;0;0;0;0;1;3;4.32280727501391;6.270799378071934;1;1;0.7
0;0;1;0;62;1;0;0;2;0;2;2;2;2;2;0;3;4.406719247264253;8.514569753209523;0;0;0.0
0;0;0;0;21;1;0;0;2;0;2;2;0;0;1;1;2;4.114963849424837;7.138350993821386;0;0;0.03
0;0;0;0;2;1;0;0;0;0;2;0;0;2;0;0;2;4.124712098838497;4.722063937459591;0;0;0.22
0;0;0;0;1;1;0;0;0;0;0;0;0;0;0;0;1;3.8055507609176296;3.8055507609176296;0;0;0.1
1;0;0;0;4;1;0;1;0;0;2;0;0;2;0;0;2;4.466482666214198;5.733664849138071;0;0;0.29
0;0;0;0;19;1;0;2;1;1;1;1;1;1;1;0;1;3.056356895370426;5.952333829904943;0;0;0.01
0;0;0;0;30;1;0;1;0;0;0;2;2;0;0;0;2;4.456089962973938;7.846550866196361;1;1;0.66
1;0;1;1;67;1;0;2;1;1;1;1;1;1;2;1;1;3.0155349008501706;7.158669627241704;0;0;0.0
1;1;1;0;72;1;2;1;2;2;2;0;0;2;2;1;1;4.641019838881789;8.929475012851324;0;0;0.03
1;0;1;0;53;1;0;2;1;1;1;1;1;1;2;0;1;3.039749158970765;7.013060793127408;0;0;0.03
0;0;0;0;5;1;0;2;1;1;1;1;1;1;1;0;2;3.022860940942244;4.611152257665639;0;0;0.02
1;1;1;0;71;1;0;1;0;2;2;2;0;2;2;1;1;4.56954300834494;8.81107848405266;0;0;0.0
0;0;1;1;50;1;2;0;0;2;2;2;2;2;1;1;1;4.444414407108697;8.334567588404916;0;0;0.02
1;0;1;1;56;1;2;1;0;0;2;2;2;2;2;1;2;4.646312129319266;8.678418784915458;0;0;0.09
1;0;0;0;2;1;0;0;0;0;0;2;0;0;0;1;1;3.9357395320454622;4.702750514326955;0;0;0.19
0;1;0;0;2;1;2;1;0;0;2;0;0;2;0;1;2;4.494797128506721;5.1943447761650585;1;1;0.94
1;0;1;1;24;1;2;0;2;0;0;0;0;0;0;0;2;4.020877410340228;7.199790363315396;1;1;0.66
1;0;1;1;46;1;0;2;1;1;1;1;1;1;2;0;1;3.0421386463681466;6.760878083121377;0;0;0.0
1;0;1;0;71;1;2;1;2;2;2;2;2;2;2;1;2;4.764308407326388;9.055526972598827;0;0;0.02
0;0;0;0;29;0;1;0;0;0;0;2;0;0;0;1;2;3.4719664525503626;6.832169292025542;0;0;0.33
1;0;1;1;69;1;2;2;1;1;1;1;1;1;2;0;0;3.2367157429965316;7.449614345328301;0;0;0.0
1;0;1;0;71;1;2;0;0;2;2;2;2;2;2;0;1;4.44500143383527;8.692464956722665;0;0;0.0
0;1;0;0;1;1;0;1;0;0;0;0;2;2;0;1;2;4.525044141508807;4.525044141508807;1;1;0.97
1;1;1;0;56;1;0;0;2;2;2;2;2;2;2;1;0;4.4618770161616155;8.481659273672951;0;0;0.02
1;0;0;1;56;1;0;2;1;1;1;1;1;1;1;1;3;3.100092288878234;7.122584360692262;0;0;0.0
1;0;0;0;1;1;0;1;0;0;0;0;2;0;0;1;2;4.388257184424518;4.388257184424518;1;1;1.0
0;0;1;0;28;1;2;2;1;1;1;1;1;1;1;0;3;3.279029747687948;6.512042462316651;0;0;0.01
0;0;1;1;19;1;0;2;1;1;1;1;1;1;0;0;3;3.054001181677967;5.948557046096705;0;0;0.03
1;0;1;0;66;1;2;0;0;0;0;2;0;2;0;0;2;4.172076910762453;8.35833812998439;0;0;0.03
0;0;1;1;17;1;2;0;0;0;2;2;0;0;1;1;3;4.142340760490356;6.977001451718952;0;0;0.14
1;0;1;1;52;1;2;2;1;1;1;1;1;1;2;0;3;3.2865344733420154;7.205523811634928;0;0;0.0
0;0;0;0;19;1;0;0;0;2;0;0;2;0;1;0;2;4.0809215418899605;6.952967621803685;0;0;0.06
0;0;0;0;36;1;0;0;2;2;2;2;2;2;1;0;0;4.464182492687114;8.007883085339621;0;0;0.2
1;1;1;0;7;1;0;1;0;0;0;0;0;0;0;1;3;4.264087336809195;6.1496428195698325;1;1;0.77
1;0;1;1;72;1;2;1;2;2;2;2;0;2;1;1;1;4.662495252607361;8.927778502218974;0;0;0.04
1;0;1;1;67;1;2;1;2;2;2;0;2;2;1;1;2;4.721173861744398;8.92040242361528;1;0;0.12
1;1;0;0;34;1;0;1;0;2;2;0;2;2;1;1;2;4.613634264400221;8.114967829657902;0;0;0.2
1;1;1;0;57;1;2;1;0;2;2;0;0;2;0;1;0;4.566948973167894;8.599335232408281;1;0;0.15
0;0;1;0;7;1;0;1;0;0;2;0;2;0;0;1;2;4.468777561082536;6.3768970014659105;1;1;0.95
0;1;1;0;1;1;2;1;0;0;2;0;2;2;0;1;2;4.623010104116422;4.623010104116422;1;1;0.98
1;0;1;0;8;1;0;2;1;1;1;1;1;1;0;1;0;3.022860940942244;5.088521832753327;0;0;0.09
0;0;0;0;69;1;2;1;0;0;2;2;2;2;2;0;2;4.653960350157523;8.857870858519963;0;0;0.1
0;0;1;0;50;1;2;1;2;0;2;0;2;2;1;1;3;4.657762636107262;8.562911977061184;0;0;0.1
1;0;0;0;10;1;0;2;1;1;1;1;1;1;1;0;3;3.0204248861443626;5.424289006109973;0;0;0.0
0;0;1;1;12;1;2;2;1;1;1;1;1;1;2;0;1;3.2676659890376327;5.619313318029751;0;0;0.0
0;0;0;0;14;1;0;1;0;2;0;0;0;2;0;1;2;4.469350462845557;7.07492089588689;1;1;0.74
0;0;1;0;70;0;1;0;2;0;2;2;0;2;2;1;0;3.928880122494569;8.123024043049924;0;0;0.02
0;1;0;0;64;1;2;1;2;0;2;2;2;2;0;1;0;4.70002571700077;8.869580958531317;0;0;0.2
0;0;1;1;66;1;2;0;2;2;2;2;2;2;2;0;1;4.509760001183433;8.692800591957447;0;0;0.01
0;0;1;1;71;1;0;0;2;0;2;2;2;2;2;1;1;4.418840607796598;8.699656404843084;0;0;0.0
1;1;0;0;20;1;0;1;0;0;0;0;2;2;0;0;2;4.5103099049641315;7.408197177993388;0;0;0.14
1;0;1;0;72;1;0;0;2;2;0;2;2;2;2;1;0;4.386392092183521;8.657693991203804;0;0;0.01
0;0;1;1;71;1;0;0;2;2;2;2;0;0;2;0;1;4.1751562049585145;8.410476200606286;0;0;0.02
1;0;1;1;38;1;2;1;0;0;2;0;2;2;0;1;1;4.626442321263631;8.283418327433367;0;1;0.51
0;0;0;0;28;1;2;1;0;2;0;0;0;2;0;1;2;4.5103099049641315;7.87342647695373;1;1;0.83
1;1;1;0;17;1;0;1;0;2;0;0;0;0;0;1;2;4.349632566862877;7.118340301048951;1;1;0.8
1;0;0;0;33;0;1;0;0;2;0;0;2;0;1;1;2;3.6913763343125234;7.177782416195197;0;0;0.15
0;0;1;1;23;0;1;0;2;0;0;2;0;0;2;0;3;3.572345637857985;6.702513038803614;0;0;0.02
1;0;1;1;58;1;0;2;1;1;1;1;1;1;1;1;2;3.022860940942244;7.011935097891801;0;0;0.0
0;1;1;0;70;1;2;1;0;2;0;2;2;2;2;1;0;4.658236906924784;8.90250321012075;0;0;0.2
1;0;1;0;4;1;0;1;0;0;0;0;0;0;0;0;2;4.269697449699962;5.687653092726317;0;1;0.66
1;0;1;1;45;1;0;2;1;1;1;1;1;1;2;0;3;3.0610517396746335;6.835399616789997;0;0;0.0
1;0;0;0;10;1;0;1;0;0;0;0;0;0;0;1;2;4.2626798770413155;6.608000625296087;1;0;0.5
1;0;1;1;36;1;0;2;1;1;1;1;1;1;2;0;1;3.017982882488811;6.627379781712794;0;0;0.0
1;0;0;0;54;1;0;0;2;2;0;2;2;0;0;1;3;4.2612704335380815;8.264698066387169;0;0;0.09
1;0;1;1;23;1;2;0;0;2;0;2;0;0;2;0;3;4.1059436980654525;7.255026142845575;0;0;0.02
0;0;1;1;41;1;2;0;2;2;2;0;2;0;1;1;1;4.373868446972418;8.074711339628797;0;0;0.01
1;1;0;0;5;1;0;1;0;0;0;0;0;0;0;1;3;4.282896668766692;5.920505458167488;0;0;0.23
1;0;1;1;27;0;1;0;0;2;2;0;0;2;1;1;1;3.846951008684431;7.128816664092023;0;0;0.01
0;0;0;0;1;1;0;1;0;0;0;2;2;2;0;1;2;4.573163389853005;4.573163389853005;0;0;0.29
0;0;1;1;67;0;1;0;2;0;0;2;0;0;2;0;1;3.6027767550605247;7.842553682412031;0;0;0.05
0;1;1;1;72;1;2;0;2;2;2;2;2;2;2;1;1;4.505902184329423;8.771812153705444;0;0;0.04
0;0;1;1;56;1;2;2;1;1;1;1;1;1;2;1;1;3.2561716096118976;7.292949650247942;0;0;0.01
1;0;1;1;44;1;2;2;1;1;1;1;1;1;1;0;2;3.2523106009544382;6.922249725132589;0;0;0.0
0;1;1;0;66;1;2;1;0;2;0;0;2;2;0;1;2;4.623010104116422;8.808630703369436;0;0;0.22
0;0;0;0;34;1;2;0;2;2;0;2;0;0;1;1;3;4.180522258463153;7.6447997205792655;1;0;0.03
0;0;1;0;69;1;2;1;0;0;2;2;2;2;2;0;0;4.666735541646246;8.887604359966863;0;0;0.06
0;0;1;1;1;1;2;1;2;0;2;0;2;2;0;1;2;4.639088404191552;4.639088404191552;1;1;0.75
0;0;0;0;40;1;0;2;1;1;1;1;1;1;2;0;1;3.027715319407042;6.722930591970064;0;0;0.0
1;0;1;1;30;1;2;0;2;0;0;0;0;0;0;1;0;4.015481713796376;7.371300598166826;0;0;0.09
0;0;0;0;11;1;0;0;0;0;0;2;2;2;0;0;3;4.269697449699962;6.721787081267985;0;0;0.18
0;0;0;0;15;1;0;2;1;1;1;1;1;1;1;0;1;3.0492730404820207;5.7152168522818645;0;0;0.01
1;0;0;0;11;1;0;0;0;0;2;0;2;2;0;1;2;4.253482783560398;6.5698319900936095;0;0;0.09
0;0;1;1;64;1;0;2;1;1;1;1;1;1;1;0;0;3.0349529867072724;7.198669622014584;0;0;0.03
1;1;1;0;72;1;0;0;2;2;2;2;2;0;2;0;0;4.32280727501391;8.587045693315071;0;0;0.0
1;1;1;0;72;1;2;1;2;2;2;2;0;0;2;1;0;4.54382655574704;8.815228978697464;0;0;0.0
0;0;0;1;1;1;0;0;2;0;0;0;0;0;0;0;3;3.955082494888593;3.955082494888593;0;0;0.11
0;0;0;1;15;1;0;0;2;2;2;2;0;0;1;0;1;4.198704577546343;6.918695219020472;0;0;0.02
0;0;0;0;60;1;2;0;0;0;2;2;2;2;1;0;1;4.401216329067023;8.486331841227319;0;0;0.02
1;0;0;0;56;1;0;0;2;0;2;0;0;0;1;0;3;3.983413001514819;8.01324387158968;0;0;0.03
0;0;0;0;8;1;0;2;1;1;1;1;1;1;2;0;3;3.084200921541599;5.091600652919361;0;0;0.0
0;0;0;0;3;1;0;1;0;0;2;2;0;0;0;0;1;4.395682961121367;5.387014821309323;1;1;0.86
0;0;1;0;49;1;2;0;0;0;0;0;0;0;0;1;1;3.973118104787957;7.857384070466803;0;0;0.19
0;0;0;0;2;1;0;1;0;0;0;0;2;0;0;1;2;4.396915247167632;4.990772665000004;1;1;0.95
0;0;0;0;6;1;0;1;2;2;2;2;0;2;0;1;0;4.5966338549658055;6.342913358575116;1;1;0.83
1;0;0;0;70;1;2;1;2;2;2;2;2;2;2;1;0;4.753159063701541;8.950565252777409;0;0;0.12
1;0;0;0;12;1;2;1;0;2;2;2;2;2;0;1;3;4.735759755691693;7.233996788299914;1;1;0.73
1;1;1;0;52;1;0;1;2;0;2;2;2;2;1;1;0;4.658236906924784;8.609270879617146;0;0;0.11
0;0;1;0;72;1;2;1;2;2;2;2;2;2;2;1;1;4.741884009303914;9.0027256222796;0;0;0.0
0;0;0;0;40;1;0;2;1;1;1;1;1;1;2;1;0;3.0726933146901194;6.719375407604218;0;0;0.0
0;0;0;0;1;1;0;1;0;0;0;0;0;0;0;0;3;4.275276264727001;4.275276264727001;1;1;1.0
0;1;0;0;3;1;0;1;0;0;2;0;2;0;0;1;2;4.4756308146331065;5.402452131280044;1;1;0.92
0;1;0;0;40;1;0;1;0;0;0;0;2;2;0;1;2;4.527749039019507;8.209199562185635;0;0;0.12
1;0;0;1;1;1;0;0;0;0;2;0;0;0;0;1;2;3.928880122494569;3.928880122494569;0;0;0.3
1;0;1;0;30;1;0;2;1;1;1;1;1;1;1;0;1;3.0349529867072724;6.358968148929027;0;0;0.0
1;0;1;1;23;1;0;1;2;0;0;2;2;2;0;1;2;4.613634264400221;7.754610184136298;1;1;0.77
1;0;1;1;1;1;2;1;0;0;0;0;0;0;0;1;2;4.324132656254979;4.324132656254979;1;1;0.91
0;1;1;0;44;1;2;1;0;0;2;2;2;2;0;0;2;4.655387902148709;8.411087954077601;0;0;0.17
1;0;0;0;65;1;2;1;0;2;2;2;2;2;0;1;2;4.7018430732483525;8.845374006147898;1;1;0.69
0;1;0;0;7;1;0;0;2;0;0;0;0;0;0;1;2;3.8958936234982624;5.83290834386429;0;0;0.47
1;1;0;0;72;1;2;2;1;1;1;1;1;1;2;1;1;3.261935314328648;7.490473565772694;0;0;0.0
0;1;0;0;8;1;2;1;0;0;0;2;2;2;0;1;1;4.6166045636137545;6.812949971708225;0;0;0.26
0;0;0;0;16;1;2;0;0;0;2;0;0;2;0;1;1;4.192680462942962;6.951149961301326;1;1;0.75
1;1;1;1;66;1;2;1;0;0;2;0;2;2;0;1;1;4.61015772749913;8.828076521038081;1;0;0.33
1;0;0;0;1;1;0;1;0;0;0;0;0;0;0;1;3;4.2842759793301965;4.2842759793301965;1;1;0.9
1;0;0;1;3;1;0;0;2;0;2;0;0;0;0;0;3;4.041295341132285;5.0660700009843564;0;0;0.1
1;0;1;0;53;1;2;1;2;0;2;0;0;2;0;0;2;4.552823705615882;8.523215023734732;1;1;0.7
1;1;1;0;8;1;0;0;0;0;2;2;0;2;0;1;1;4.180522258463153;6.367672474149028;0;0;0.16
1;1;1;0;69;1;2;1;0;2;2;2;2;2;2;1;0;4.695010889987881;8.898256311365326;1;1;0.72
0;0;0;0;5;1;0;1;0;2;0;0;2;0;0;1;3;4.457829598089382;6.0437011464434915;0;0;0.45
0;0;1;1;72;1;2;1;2;0;2;2;2;2;2;0;3;4.6862892372728835;8.932965002513042;0;0;0.06
0;0;1;0;13;0;1;0;0;0;2;0;2;2;0;1;0;3.907010463604602;6.452679670320638;1;0;0.34
0;0;0;0;4;1;2;1;0;0;0;0;2;0;0;1;2;4.4618770161616155;5.776568144381849;1;1;0.86
0;0;1;1;54;1;2;0;2;2;2;2;2;2;2;0;1;4.525044141508807;8.510369966068112;0;0;0.01
1;0;1;0;72;1;2;0;0;2;2;2;2;2;2;0;0;4.465333240800292;8.72467879437374;0;0;0.0
1;0;0;0;12;1;2;1;0;2;2;0;2;2;0;1;2;4.679349584162343;7.134811167116262;1;1;0.79
1;0;0;0;1;0;1;0;0;0;0;0;0;0;0;1;2;3.263849190510932;3.263849190510932;1;1;0.88
1;1;0;0;1;1;0;0;0;0;0;0;0;0;0;0;2;3.832979798087693;3.832979798087693;0;1;0.68
0;0;1;0;54;1;2;1;0;2;2;2;2;2;1;0;2;4.712678393703377;8.681715612583577;1;1;0.84
1;0;1;1;69;1;2;1;0;0;2;0;0;0;2;1;1;4.384523514872469;8.598155476149158;0;0;0.02
0;0;0;0;48;1;0;0;2;2;0;0;0;0;2;0;1;4.034240638152395;7.874111551863014;0;0;0.01
0;0;1;1;48;1;2;1;2;2;0;0;2;2;1;1;1;4.646791860678911;8.524873621259589;1;0;0.11
0;0;1;0;8;1;2;1;0;0;0;2;0;2;0;1;2;4.513602992462601;6.613048591593392;0;1;0.7
1;0;1;1;71;1;2;0;2;2;2;2;2;2;2;1;3;4.524502282920636;8.793399670392994;0;0;0.0
1;0;0;0;2;1;0;0;2;0;0;0;0;0;0;1;2;3.8877303128591016;4.537426533901572;1;1;0.85
1;0;1;0;67;1;0;1;2;2;0;0;2;2;1;1;1;4.623991940228679;8.81494687449521;0;0;0.14
1;0;1;1;34;1;2;1;0;2;0;0;2;2;0;1;0;4.592084946439436;8.134760782418645;0;0;0.13
0;0;0;0;3;1;0;1;0;0;0;0;0;0;0;1;2;4.260564966136689;5.302558360805291;0;0;0.1
0;0;1;1;9;1;0;0;0;2;0;2;2;0;1;1;3;4.198704577546343;6.387384242372615;0;0;0.08
1;0;1;1;71;1;0;1;2;2;2;0;2;2;1;1;0;4.660131744062066;8.894176517088752;0;0;0.08
1;0;0;0;57;1;2;1;0;0;0;2;2;0;2;1;1;4.515792374836875;8.562319509032347;0;0;0.04
1;0;0;0;72;0;1;0;2;2;2;2;2;2;2;1;0;4.169761201506855;8.40420364859392;0;0;0.0
0;1;1;1;48;1;0;1;2;0;2;2;2;2;0;1;2;4.658710952916121;8.53090870230218;0;0;0.11
1;0;0;0;18;1;0;2;1;1;1;1;1;1;1;0;3;3.0492730404820207;5.998564284223205;0;0;0.0
1;0;1;1;43;1;2;1;0;0;2;2;2;2;1;1;1;4.6568134191399295;8.40129961959827;0;0;0.45
0;0;1;1;72;1;2;0;2;2;2;2;2;2;2;1;0;4.54595082632812;8.80836167925279;0;0;0.01
1;0;1;1;35;1;2;0;0;0;0;2;2;2;1;1;0;4.310127759130018;7.886870563989527;0;0;0.06
1;0;0;0;4;1;0;2;1;1;1;1;1;1;0;0;3;3.077312260546414;4.304740540713808;0;0;0.07
0;0;1;1;49;1;2;2;1;1;1;1;1;1;2;0;3;3.2676659890376327;7.100563326500228;0;0;0.0
0;0;1;1;71;1;2;1;2;2;2;0;2;0;2;0;0;4.620058798481842;8.858176665657608;0;0;0.01
1;0;1;1;11;1;0;1;0;0;0;0;2;2;0;0;2;4.517431271680085;6.9287336853673285;0;0;0.24
1;0;1;1;63;1;2;0;2;2;2;2;2;2;2;1;1;4.504244267398131;8.630280776232281;0;0;0.0
0;1;0;0;65;1;2;1;0;2;2;0;2;0;0;1;0;4.569024739351738;8.736216265210759;0;0;0.17
0;0;0;1;49;1;0;2;1;1;1;1;1;1;2;0;1;3.065724645374026;6.933081836928146;0;0;0.0
0;0;0;0;29;1;2;1;0;0;2;0;2;2;0;1;1;4.601162164590552;7.984190122705543;1;1;0.83
0;1;1;0;15;1;2;1;0;0;2;2;0;0;0;1;2;4.431411859854625;7.138311290011801;1;1;0.74
0;0;1;1;4;1;0;2;1;1;1;1;1;1;0;1;2;3.0421386463681466;4.429625613473161;0;0;0.06
0;0;1;0;72;1;2;1;0;2;2;2;2;2;1;0;1;4.7018430732483525;8.960673157721615;0;0;0.28
0;1;1;0;26;1;0;1;0;0;2;0;2;0;0;1;1;4.462453883786496;7.63433723562832;0;0;0.08
0;1;1;0;35;1;2;1;0;0;2;0;2;2;0;0;0;4.635214307336468;8.147157966489951;0;0;0.22
0;0;0;0;57;1;2;1;0;2;0;2;0;2;1;0;2;4.5612182984589085;8.607024754606424;0;0;0.1
1;0;1;1;28;1;2;0;0;2;0;0;0;2;0;0;2;4.180522258463153;7.497290414418373;0;0;0.05
0;0;1;0;25;1;2;2;1;1;1;1;1;1;1;1;3;3.3250360206965914;6.599258066816436;0;0;0.07
0;0;1;0;47;1;0;0;2;0;2;0;2;0;1;1;1;4.205438609727688;8.01382303975493;0;0;0.02
0;0;1;1;57;1;2;0;2;2;0;2;0;0;0;0;0;4.192680462942962;8.213070035344117;0;0;0.03
1;1;1;0;16;1;2;1;0;0;0;0;2;0;0;1;1;4.454928522657548;7.238604593709511;0;1;0.73
1;0;0;0;5;1;0;0;2;0;2;0;0;0;0;1;3;4.039536325727106;5.618043015708491;0;0;0.1
1;0;1;0;17;1;0;1;0;0;0;0;0;0;0;1;0;4.268297869345539;7.102540507191292;1;0;0.3
0;1;0;0;56;1;2;1;0;2;2;0;2;2;1;1;0;4.661077817926388;8.61461931285449;1;1;0.77
1;0;1;1;72;1;0;2;1;1;1;1;1;1;2;0;0;3.0421386463681466;7.188299437027451;0;0;0.0
0;1;0;0;21;1;2;1;0;0;0;0;2;2;0;1;2;4.55650501400681;7.588197087044528;1;1;0.87
0;0;1;1;48;0;1;0;2;0;2;0;0;2;1;0;1;3.828641396489095;7.694984612903221;0;0;0.02
0;0;1;0;68;1;2;1;2;2;2;2;2;2;2;0;0;4.752727750345706;8.967574302145234;0;0;0.14
0;0;0;0;30;1;2;1;2;0;0;2;2;2;0;0;0;4.676560182074764;8.074929235070975;0;0;0.14
0;0;1;0;3;1;0;0;0;0;0;0;0;0;0;1;3;3.8522730010223722;4.876341706312883;0;0;0.16
0;1;0;0;14;0;1;0;2;0;2;2;0;0;2;0;3;3.7062280924485496;6.541534922199873;0;0;0.04
0;0;0;1;4;1;0;2;1;1;1;1;1;1;0;1;0;3.0469005601283903;4.460144413937834;0;0;0.07
0;0;1;1;71;1;2;1;0;2;2;0;0;2;2;1;1;4.572130331909891;8.832062323711982;0;0;0.08
1;0;1;1;8;1;2;2;1;1;1;1;1;1;1;0;3;3.2347491740244907;5.322766046950346;0;0;0.01
1;0;1;1;61;0;1;0;2;0;2;0;0;0;0;0;0;3.543853682063679;7.658321950409569;0;0;0.1
1;0;1;1;72;1;2;1;0;2;2;2;0;0;2;0;0;4.515792374836875;8.789789544449974;0;0;0.04
0;0;0;0;5;1;2;1;0;0;0;0;2;0;0;1;2;4.442651256490317;6.053852319542798;0;0;0.23
0;0;0;0;49;1;0;0;2;2;2;2;0;0;2;0;0;4.225372824628505;8.104053710496379;0;0;0.02
1;0;0;0;8;1;0;2;1;1;1;1;1;1;0;1;0;3.0301337002713233;5.135210028677887;0;0;0.02
1;0;0;0;3;1;0;1;0;0;0;0;0;2;0;1;2;4.3987608336650466;5.540478923698008;0;0;0.27
1;0;1;1;9;1;0;2;1;1;1;1;1;1;2;0;3;3.0252910757955354;5.290285194850773;0;0;0.0
1;0;1;1;67;1;0;0;2;2;0;0;0;0;2;1;0;4.01096295328305;8.253019290544035;0;0;0.01
1;0;0;0;46;1;0;0;0;0;0;0;0;0;0;1;1;3.832979798087693;7.633442251109864;0;0;0.05
0;0;1;0;67;1;2;0;2;2;2;0;0;2;1;0;3;4.33204826486764;8.530198257751106;0;0;0.06
0;0;1;0;55;1;0;2;1;1;1;1;1;1;1;0;2;3.0301337002713233;7.03970417011142;0;0;0.0
1;0;1;0;33;1;2;0;2;2;2;0;2;0;0;1;0;4.300680995219929;7.803210450268153;0;0;0.06
1;0;1;1;62;1;0;2;1;1;1;1;1;1;2;0;1;3.0469005601283903;7.142748346653496;0;0;0.0
0;0;0;1;1;1;0;0;0;0;0;0;0;0;0;0;3;3.849083205654272;3.849083205654272;1;1;0.66
1;0;1;1;49;0;1;0;2;0;0;0;0;2;0;1;2;3.6938669956249757;7.517058787346506;0;0;0.0
1;0;0;0;1;1;0;0;0;0;0;0;0;0;0;1;2;3.82319179172153;3.82319179172153;0;0;0.11
1;0;1;0;14;1;2;1;0;2;2;0;0;0;0;1;2;4.426641427432833;7.078341579557671;0;0;0.23
1;1;0;0;18;1;2;1;0;0;2;2;2;0;0;0;0;4.552823705615882;7.464452526404185;0;0;0.13
0;1;0;0;1;1;0;1;0;0;0;0;0;0;0;1;2;4.264790324535862;4.264790324535862;1;1;0.81
0;0;0;0;1;1;0;1;0;0;2;0;2;0;0;1;1;4.4607222816222185;4.4607222816222185;1;1;0.81
0;0;1;0;72;1;2;1;2;2;2;2;2;2;2;1;1;4.771955003632917;9.051403255414964;0;0;0.0
1;0;0;0;64;1;2;1;2;0;2;2;0;2;2;0;1;4.6076670661866785;8.78728902855948;0;0;0.06
1;0;1;0;69;1;2;1;2;2;2;2;2;2;2;1;0;4.732243268551567;8.962840089157234;0;0;0.04
0;0;0;0;1;1;2;2;1;1;1;1;1;1;0;1;2;3.2846635654062037;3.2846635654062037;0;0;0.13
1;0;1;1;71;1;2;0;2;2;2;2;2;2;2;0;1;4.514150787600923;8.746446042894624;0;0;0.0
0;0;1;1;66;1;0;0;0;0;0;2;0;0;1;1;1;3.919991175077323;8.0872868141283;0;0;0.01
1;0;0;0;2;1;0;2;1;1;1;1;1;1;0;0;3;3.0155349008501706;3.9435216724875173;0;0;0.02
0;1;1;0;71;1;0;1;2;2;2;2;2;2;2;1;0;4.706823839714591;8.975282374696942;0;0;0.01
1;0;0;0;11;1;0;0;0;2;0;0;2;0;1;1;2;4.131158535344817;6.594345057957625;0;0;0.1
1;0;0;1;47;1;0;0;2;2;0;0;0;0;0;1;2;4.030694535145645;7.8842187658904255;0;0;0.08
0;0;1;0;35;1;0;1;0;0;0;0;0;0;0;1;2;4.26689632742025;7.790509909636837;1;1;0.83
1;1;1;0;32;1;2;1;0;2;2;0;2;2;0;0;0;4.67609452432479;8.166713304140416;1;1;0.71
1;0;1;1;60;1;2;1;0;2;0;2;2;2;0;1;0;4.6515765588022475;8.6946613227052;0;0;0.27
1;0;0;0;11;1;0;2;1;1;1;1;1;1;1;0;3;3.0204248861443626;5.428468051013081;0;0;0.0
0;0;0;0;29;0;1;0;2;2;0;2;0;0;1;0;1;3.7013019741124933;6.988182528094752;0;0;0.01
1;0;1;1;21;0;1;0;0;0;0;0;0;0;0;1;2;3.2976870052924907;6.339918289387638;0;0;0.04
1;1;1;0;48;1;2;1;0;0;2;0;0;2;0;1;1;4.522331907679087;8.382918665593769;0;1;0.59
0;0;0;1;3;0;1;0;0;2;0;0;0;0;0;0;3;3.4226326623822203;4.511408806173617;0;0;0.07
0;0;1;1;43;1;0;0;0;2;0;0;0;0;0;0;3;3.9357395320454622;7.682666761344722;0;0;0.1
1;0;0;0;5;1;2;1;0;2;2;0;2;2;0;0;2;4.666265285347902;6.312823145919147;0;0;0.28
0;0;0;0;1;1;0;0;0;0;0;0;0;2;0;1;2;4.033355290595671;4.033355290595671;0;1;0.69
1;0;1;1;71;1;2;0;2;0;2;2;2;2;1;0;2;4.4595662121293;8.74859852006632;0;0;0.05
0;0;1;1;8;1;0;2;1;1;1;1;1;1;1;0;2;3.0349529867072724;5.081714875777208;0;0;0.07
1;0;0;0;8;1;2;0;0;0;0;0;2;0;0;1;2;4.098502572370764;6.081305251107771;0;0;0.11
1;0;0;0;20;1;2;1;0;0;2;0;2;0;0;1;1;4.51852237926242;7.485687997274867;0;0;0.21
0;0;1;1;33;1;2;1;2;0;2;0;2;2;1;1;3;4.651099117876491;8.151333337900432;1;1;0.73
1;0;0;0;71;1;2;1;0;2;0;0;0;0;1;1;1;4.382651439442724;8.622183638607174;0;0;0.04
0;1;1;0;31;1;2;1;0;0;2;0;2;0;1;1;2;4.51852237926242;7.950326176766622;0;0;0.07
0;1;1;0;38;1;2;1;2;2;0;0;0;2;1;0;1;4.564348191467836;8.186534026109316;0;0;0.06
1;0;0;0;1;1;0;1;0;0;0;0;2;2;0;1;2;4.492561241605437;4.492561241605437;1;1;0.81
0;0;1;1;2;0;1;0;0;2;0;0;0;0;0;1;3;3.4420193761824107;4.1705337005796475;0;0;0.21
0;0;1;0;12;0;1;0;0;0;2;0;2;2;0;1;0;3.928880122494569;6.426731146452936;0;0;0.14
0;0;0;1;9;1;0;1;2;0;2;2;0;2;0;0;0;4.543294782270004;6.769928962074734;0;0;0.2
1;1;0;1;11;1;0;0;0;2;0;2;0;0;0;1;2;4.017283516085639;6.400672641494981;0;0;0.02
1;0;0;1;6;1;0;2;1;1;1;1;1;1;0;0;3;3.0301337002713233;4.724285666878253;0;0;0.01
0;0;1;0;71;1;0;0;2;2;2;2;2;2;1;1;0;4.4520190064939165;8.707334097262324;0;0;0.03
0;0;1;1;42;1;2;1;2;2;0;0;2;0;1;1;1;4.558602550171757;8.275070673504224;0;0;0.04
0;0;1;1;8;1;0;1;0;0;2;0;2;2;0;1;2;4.55597994179732;6.657112053965342;1;1;0.86
0;0;0;0;5;1;0;1;0;2;0;0;2;2;0;1;2;4.577284982498556;6.2411526536443045;1;1;0.94
0;0;1;0;2;1;0;1;0;0;0;0;0;0;0;1;2;4.272490747605575;4.958991060943918;1;1;0.77
0;0;1;1;45;1;0;2;1;1;1;1;1;1;2;0;3;3.084200921541599;6.794754539894893;0;0;0.01
1;0;1;1;28;0;1;0;0;2;2;2;2;2;1;1;1;4.110873864173311;7.428362902602745;0;0;0.05
0;0;1;0;43;1;2;1;0;2;0;0;0;0;0;0;2;4.399989335048054;8.131501298407013;0;0;0.04
1;0;0;1;60;1;2;0;2;0;2;2;2;2;2;1;2;4.453765731828859;8.514359179395104;0;0;0.02
0;0;1;0;42;0;1;0;0;2;0;2;0;0;1;0;3;3.542407550213679;7.2767638500796865;1;1;0.65
1;0;1;1;7;0;1;0;2;0;2;2;0;2;2;0;1;3.9249392306946924;5.725380874208697;0;0;0.04
0;0;1;0;25;1;0;2;1;1;1;1;1;1;1;1;0;3.054001181677967;6.232251533594787;0;0;0.0
0;1;1;1;40;1;2;1;0;0;0;0;2;2;0;1;1;4.559649670686282;8.200137232958184;1;1;0.82
1;0;0;0;27;1;2;1;0;0;2;0;2;2;1;1;0;4.620058798481842;7.891499030713357;0;0;0.16
1;0;0;0;10;0;1;0;0;2;0;2;0;0;0;0;2;3.6041382256588457;5.968195920168628;0;0;0.03
0;1;0;0;27;1;2;1;0;2;2;0;0;0;0;1;0;4.471067201464611;7.7840778184099575;0;0;0.21
0;0;0;0;11;1;0;0;0;0;2;2;0;0;1;0;0;4.00369019395397;6.480887764613537;0;0;0.03
1;0;1;1;4;0;1;0;2;0;0;0;2;0;0;0;1;3.677565694213663;5.056882545261575;0;0;0.18
1;0;0;0;68;0;1;0;0;0;2;0;0;2;0;1;0;3.711130063048756;7.936427819445565;0;0;0.11
1;1;0;0;1;1;0;1;0;0;0;0;0;0;0;1;2;4.263383854543109;4.263383854543109;0;0;0.43
0;0;0;0;18;1;0;2;1;1;1;1;1;1;1;0;3;3.0492730404820207;6.011389715915252;0;0;0.0
0;0;0;0;57;1;2;1;2;2;2;0;2;2;2;1;0;4.735759755691693;8.774312958285378;1;0;0.4
1;0;0;0;26;1;0;2;1;1;1;1;1;1;0;1;2;3.0587070727153796;6.238812787119009;0;0;0.01
0;0;1;0;17;0;1;0;0;2;2;0;0;0;0;1;1;3.6014134283326604;6.472423571267679;0;0;0.16
1;0;0;0;1;0;1;0;0;0;0;0;0;2;0;0;2;3.6082115510464816;3.6082115510464816;1;1;0.93
1;0;0;1;38;1;2;1;0;0;2;0;2;2;0;1;0;4.6076670661866785;8.23698975082014;1;1;0.74
1;1;1;0;59;1;0;1;2;2;2;0;0;0;1;1;1;4.43022138352355;8.49783706442396;0;0;0.06
1;0;0;0;30;1;0;0;2;0;2;0;0;0;2;1;3;4.036891987474015;7.411465649262526;0;0;0.02
1;1;0;0;2;0;1;0;0;0;0;0;0;0;0;1;3;3.2367157429965316;3.8815637979434374;1;1;0.91
0;1;1;0;50;1;2;2;1;1;1;1;1;1;1;0;2;3.265759410767051;7.175719220567815;0;0;0.06
1;0;0;0;9;0;1;0;2;0;2;2;0;2;1;0;3;3.9473901492654373;6.141176820336309;0;0;0.04
0;0;1;1;3;1;0;2;1;1;1;1;1;1;0;0;3;3.027715319407042;4.121473229610353;0;0;0.03
0;0;0;1;14;1;0;0;0;0;2;0;2;0;0;1;1;4.107589788972121;6.716413158967099;0;0;0.07
0;1;0;0;31;1;0;1;2;0;0;0;0;0;0;1;1;4.311470041210748;7.647619046764605;0;0;0.14
0;0;0;0;7;1;0;0;2;2;2;0;0;0;0;0;2;4.133565275375382;6.086547428354674;0;0;0.04
0;0;0;0;8;1;2;1;2;0;0;2;2;2;0;1;0;4.647750633523209;6.743234346813689;1;1;0.88
1;0;1;1;17;1;0;2;1;1;1;1;1;1;1;0;0;3.039749158970765;5.801362802995065;0;0;0.0
1;0;1;1;32;1;0;2;1;1;1;1;1;1;0;1;1;3.017982882488811;6.515527173905968;0;0;0.03
0;1;0;0;2;1;0;1;0;0;0;0;2;0;0;0;3;4.412798293340635;5.097118753984393;0;1;0.73
1;1;0;0;7;1;2;1;0;0;0;0;2;0;0;1;2;4.4520190064939165;6.306184041909401;1;1;0.95
0;0;1;1;72;1;2;1;2;2;2;0;2;2;2;0;1;4.705467907303455;8.973129589492205;0;0;0.0
0;1;0;0;31;1;2;1;0;2;0;0;2;2;0;1;2;4.614625344758847;8.06703924718298;1;1;0.83
0;0;1;1;27;1;0;1;2;0;0;0;0;0;0;0;3;4.32280727501391;7.587487885120221;0;0;0.14
0;0;0;0;18;1;2;1;0;2;0;0;2;0;0;1;1;4.51085950651685;7.331944001088404;1;1;0.88
1;0;0;0;7;1;0;1;0;0;2;0;0;0;0;1;2;4.3294166844015844;6.197563663812933;0;0;0.16
0;1;0;0;14;1;2;1;0;2;2;0;2;2;0;1;2;4.662022997580874;7.334590412826494;1;1;0.77
1;0;1;1;11;1;0;0;0;0;2;0;2;0;0;1;0;4.105119635390059;6.5283233479207885;0;0;0.13
0;0;1;1;72;1;2;1;2;0;2;2;2;2;2;1;0;4.713576059831878;8.994650224905662;0;0;0.01
1;0;1;1;28;1;2;1;2;2;0;0;2;2;1;0;2;4.673762977453703;7.954512712107969;1;0;0.23
1;1;0;0;15;1;2;1;0;0;0;0;0;0;0;1;1;4.320151230955794;7.034299820307093;1;1;0.8
0;1;0;0;4;1;2;1;0;0;0;0;0;0;0;1;2;4.323470185213858;5.688499617791684;0;0;0.3
0;0;0;0;71;1;2;2;1;1;1;1;1;1;2;0;2;3.2406373166497136;7.450166775307315;0;0;0.0
0;0;0;0;5;1;0;1;0;2;0;2;0;2;0;1;2;4.503691017038237;6.137078895912954;1;1;0.87
1;0;1;1;47;1;2;2;1;1;1;1;1;1;2;0;3;3.2406373166497136;7.057424503500842;0;0;0.0
1;1;1;0;57;1;0;1;0;2;2;0;2;0;1;1;2;4.517976974285714;8.556567738890259;0;0;0.09
1;1;1;0;50;1;2;1;2;0;2;0;2;2;2;1;1;4.663910681010692;8.5495248447795;0;0;0.07
1;0;0;0;8;1;0;2;1;1;1;1;1;1;0;1;1;3.065724645374026;5.095588999976419;0;0;0.0
0;0;1;1;48;1;0;2;1;1;1;1;1;1;2;0;3;3.022860940942244;6.784852911880803;0;0;0.0
0;0;0;0;70;1;0;2;1;1;1;1;1;1;1;0;0;3.0301337002713233;7.20228882638302;0;0;0.0
1;0;0;1;1;1;0;0;2;2;0;2;0;2;0;1;0;4.268997904375876;4.268997904375876;0;0;0.4
1;0;1;0;8;1;2;1;0;0;0;0;0;2;0;1;0;4.4618770161616155;6.492921420869872;0;0;0.32
0;0;0;0;1;1;2;1;0;0;0;0;0;0;0;1;2;4.358630056867486;4.358630056867486;1;1;0.94
1;0;0;0;1;0;1;0;0;0;0;0;0;2;0;1;0;3.590439381300684;3.590439381300684;1;1;0.85
1;0;1;1;60;1;0;2;1;1;1;1;1;1;2;0;3;3.070375816549757;7.095105835797533;0;0;0.0
1;0;1;1;49;1;2;1;0;0;0;2;2;2;1;1;2;4.594614672048575;8.500840207253466;0;0;0.26
1;0;1;0;4;0;1;0;0;2;0;0;2;2;0;1;2;3.902982260775997;5.308267697401205;1;1;0.85
0;0;0;0;29;1;0;2;1;1;1;1;1;1;1;0;3;3.044522437723423;6.3974295302577975;0;0;0.0
0;0;1;0;67;1;2;2;1;1;1;1;1;1;2;1;1;3.2676659890376327;7.458272658789441;0;0;0.02
0;0;1;0;53;1;2;1;0;2;0;0;2;2;0;1;1;4.599152113662528;8.546849076323747;1;1;0.75
1;0;1;0;67;1;2;0;2;2;2;2;0;0;2;0;1;4.275276264727001;8.450647323572339;0;0;0.01
0;0;1;1;6;1;0;2;1;1;1;1;1;1;0;0;3;3.0373539482448106;4.789988622980633;0;0;0.1
0;0;0;0;47;1;2;1;0;2;2;0;2;2;0;1;2;4.67609452432479;8.48675460227567;0;1;0.63
0;0;0;0;53;1;0;1;2;2;2;2;0;2;2;0;3;4.61015772749913;8.598819260296182;0;0;0.0
1;0;1;0;69;1;0;0;2;2;2;2;2;2;2;1;3;4.450852825603734;8.679295033945333;0;0;0.0
1;0;0;0;3;1;0;1;2;0;0;0;0;2;0;1;3;4.466482666214198;5.504721593857949;0;0;0.44
1;0;0;0;4;1;0;0;0;0;0;0;0;0;0;0;3;3.8188106237059674;5.401550621189688;0;0;0.44
1;0;1;1;56;1;2;0;2;2;0;2;0;2;2;1;1;4.341855469984605;8.357540737883225;0;0;0.0
1;1;1;0;59;1;2;1;0;0;0;0;2;2;0;1;0;4.552296696381023;8.626182116428067;1;1;0.8
1;1;1;0;61;1;2;2;1;1;1;1;1;1;2;0;0;3.258096538021482;7.315052041919271;0;0;0.0
0;0;1;0;2;1;0;0;0;0;0;0;0;0;0;1;2;3.828641396489095;4.5081084731449605;0;0;0.19
1;1;1;1;46;1;2;1;2;2;2;0;2;0;0;1;2;4.622027303054514;8.421166755161494;1;1;0.76
1;0;1;1;12;1;0;2;1;1;1;1;1;1;0;0;3;3.068052935133617;5.547128664610824;0;0;0.02
0;0;0;0;14;1;2;1;0;0;2;0;0;0;0;1;2;4.399989335048054;6.9782137426306985;1;1;0.8
0;0;1;1;28;1;2;1;0;0;0;2;0;2;1;1;2;4.515792374836875;7.828137628759546;0;0;0.02
1;0;0;0;24;1;0;0;2;2;0;2;0;0;0;0;0;4.118223836012044;7.273612932495522;0;0;0.07
1;0;0;0;31;1;0;0;0;0;2;2;0;0;0;1;2;4.029806041084529;7.448129996204678;1;1;0.69
0;0;1;1;68;1;2;0;2;2;2;2;0;2;1;1;2;4.375127892982725;8.581922319387171;0;0;0.03
1;0;0;1;39;1;2;1;0;0;0;2;2;2;2;0;3;4.620551288026394;8.26779549645639;0;0;0.05
0;0;1;0;42;1;0;2;1;1;1;1;1;1;0;0;1;3.0610517396746335;6.7695271596986935;0;0;0.0
1;0;1;0;13;0;1;0;2;0;0;2;2;2;0;1;2;4.015481713796376;6.562232206840506;1;1;0.69
0;0;1;0;6;1;2;1;0;2;0;0;0;2;0;1;2;4.51906748693468;6.240763055899043;0;1;0.91
1;0;0;0;35;1;2;1;0;0;0;0;0;0;0;0;1;4.335328031664641;7.877416147113993;1;1;0.75
0;0;1;0;38;1;0;2;1;1;1;1;1;1;1;1;1;3.056356895370426;6.70410793547343;0;0;0.0
1;0;0;0;18;1;0;2;1;1;1;1;1;1;2;0;1;3.0469005601283903;5.96512057176838;0;0;0.0
0;0;1;0;4;1;0;2;1;1;1;1;1;1;0;0;3;3.0252910757955354;4.548070593947519;0;0;0.2
1;0;1;0;27;1;0;0;0;2;0;2;0;0;0;1;2;4.00369019395397;7.237670350019569;0;0;0.01
1;0;0;1;41;1;0;0;2;2;2;0;2;0;1;0;3;4.26549281841793;7.970930354691506;0;0;0.06
1;0;1;1;50;1;0;0;2;0;0;2;2;2;1;0;2;4.33729074083249;8.300677626392249;0;0;0.01
1;0;1;1;72;1;0;2;1;1;1;1;1;1;2;0;2;3.0610517396746335;7.211851892702013;0;0;0.0
0;0;0;0;70;1;2;2;1;1;1;1;1;1;1;0;1;3.2976870052924907;7.526932939341908;0;0;0.01
1;0;1;1;44;1;0;2;1;1;1;1;1;1;1;0;0;3.0726933146901194;6.831953565565855;0;0;0.0
1;0;0;0;2;1;0;1;2;0;0;0;0;0;0;1;2;4.33990170837321;5.24807615011129;1;1;0.75
0;0;1;1;34;1;0;2;1;1;1;1;1;1;1;1;0;3.0492730404820207;6.526641261737804;0;0;0.01
0;1;1;0;72;1;2;2;1;1;1;1;1;1;2;0;0;3.2308043957334744;7.48420008975594;0;0;0.0
1;0;1;0;71;1;2;2;1;1;1;1;1;1;2;1;2;3.2386784521643803;7.505052133885248;0;0;0.03
0;0;0;0;64;1;2;1;0;2;2;2;2;2;2;1;1;4.7140245909001735;8.86365111894437;0;0;0.01
0;0;1;0;72;1;2;2;1;1;1;1;1;1;2;1;0;3.2676659890376327;7.518715788554135;0;0;0.0
1;0;0;0;1;1;2;1;0;0;0;0;0;0;0;1;3;4.3208159036289855;4.3208159036289855;1;1;0.88
1;1;1;0;29;1;0;1;2;0;2;0;0;2;1;0;0;4.511957804265912;7.885216366086096;0;0;0.12
0;0;1;0;23;1;0;0;2;0;2;2;0;2;1;1;0;4.244917420701475;7.4327500446623205;0;0;0.04
1;0;1;1;52;1;0;2;1;1;1;1;1;1;2;0;3;3.005682604407159;6.962006693814053;0;0;0.01
0;1;0;0;25;1;2;1;0;2;0;0;0;2;0;1;2;4.507557357121091;7.69099450306862;1;1;0.84
0;0;0;0;64;1;2;1;2;2;2;2;2;2;2;1;0;4.754451888703846;8.900419507186433;0;0;0.1
0;1;0;0;16;1;2;1;0;0;0;0;2;2;0;1;2;4.578826210648489;7.366571562587296;1;1;0.71
1;1;0;0;1;1;0;1;0;0;0;0;0;0;0;1;0;4.255612709818223;4.255612709818223;1;1;0.88
1;0;0;0;24;1;2;1;0;2;0;0;2;2;0;1;0;4.611649152085801;7.785658550451497;0;1;0.52
1;0;1;0;2;1;2;1;0;0;2;0;2;0;0;1;2;4.5266679578331335;5.15010733938285;0;0;0.25
0;0;1;1;34;1;0;0;2;2;2;2;2;2;2;0;3;4.45143608604605;7.95171776930749;0;0;0.02
1;1;1;0;36;1;2;1;0;0;0;0;0;2;0;1;1;4.457250055911469;8.049985649472504;1;1;0.62
1;0;1;1;53;1;2;0;0;0;2;2;2;2;1;1;3;4.378896741664954;8.279811253665487;0;0;0.05
0;0;1;1;47;1;0;2;1;1;1;1;1;1;2;0;1;3.056356895370426;6.773537936862329;0;0;0.0
1;0;0;1;72;1;0;2;1;1;1;1;1;1;2;0;1;3.039749158970765;7.33344776077027;0;0;0.0
1;0;1;1;72;1;2;1;2;2;0;2;0;2;2;1;1;4.592591403781231;8.852607726010682;0;0;0.05
1;0;0;0;1;1;0;2;1;1;1;1;1;1;0;0;3;3.0155349008501706;3.0155349008501706;1;0;0.4133333333333333
0;0;0;0;9;1;2;1;0;0;0;0;0;2;0;1;2;4.4343818650078095;6.689972333910023;1;1;0.93
0;0;0;0;8;1;0;1;0;0;0;0;2;0;0;1;0;4.395682961121367;6.522533877351015;1;1;0.79
1;1;0;0;45;1;0;0;2;0;2;0;0;2;1;0;1;4.154184562578117;7.934692530943356;1;1;0.64
0;0;0;0;7;1;0;1;0;0;2;2;2;2;0;1;2;4.619073091157083;6.573680166960646;0;0;0.25
0;0;1;0;71;1;2;2;1;1;1;1;1;1;2;1;1;3.2367157429965316;7.428095495116713;0;0;0.01
0;1;0;0;41;1;0;1;0;0;2;2;2;2;1;1;0;4.625952725170619;8.298340421519184;0;0;0.07
1;0;1;1;67;0;1;0;2;0;0;0;2;2;2;0;1;3.949318790171843;8.09640630201026;0;0;0.02
1;0;1;0;69;1;2;1;2;2;2;2;0;2;1;1;1;4.6839813664123815;8.898106010421563;0;0;0.04
0;1;1;0;70;1;2;0;2;2;2;2;2;2;2;1;0;4.534747721691546;8.775773382222358;0;0;0.01
1;0;0;0;25;1;2;2;1;1;1;1;1;1;1;0;0;3.269568939183719;6.518188126026746;1;1;0.66
1;0;0;0;72;1;2;1;2;2;2;2;2;2;2;0;0;4.739701078945697;9.007624252726995;0;0;0.0
1;0;1;1;34;0;1;0;0;0;0;2;2;0;2;1;2;3.7268975213014572;7.190562991017657;0;0;0.0
0;0;1;1;65;1;2;2;1;1;1;1;1;1;2;0;1;3.295836866004329;7.412069751132471;0;0;0.0
0;0;0;0;70;1;2;1;2;2;2;2;2;2;2;1;1;4.726945242914012;8.961487910566197;0;0;0.05
0;0;1;1;72;0;1;0;2;0;2;0;2;2;2;1;1;4.00369019395397;8.282343894409381;0;0;0.02
1;0;0;1;35;1;0;0;0;0;0;2;2;2;1;1;3;4.291828366755733;7.822504823837463;0;0;0.2
1;0;0;0;13;1;2;1;2;0;0;0;2;2;0;0;3;4.5966338549658055;7.115785192486299;1;1;0.59
0;0;1;0;12;1;2;0;2;0;2;0;2;2;1;0;2;4.380149874661021;6.7773618150485415;0;0;0.02
0;0;1;1;62;1;0;0;2;0;2;2;2;0;1;1;0;4.273187854639731;8.358068494986478;0;0;0.01
0;0;0;0;25;1;0;0;2;0;0;2;2;2;0;1;1;4.34575157880917;7.597872874981718;0;0;0.06
0;0;0;0;52;0;1;0;2;2;0;2;0;0;2;0;3;3.6913763343125234;7.592416555891784;0;0;0.0
1;1;0;0;8;1;0;1;0;0;0;0;0;0;0;1;1;4.261975403606051;6.334522195087529;0;0;0.12
1;0;0;0;2;1;0;2;1;1;1;1;1;1;0;0;3;3.0469005601283903;3.5467396869528134;0;0;0.07
0;0;1;1;56;1;0;2;1;1;1;1;1;1;2;0;3;3.0469005601283903;6.994941640661053;0;0;0.0
0;0;0;0;12;1;0;2;1;1;1;1;1;1;0;0;0;3.017982882488811;5.431317368009281;0;0;0.03
0;0;1;0;47;1;2;2;1;1;1;1;1;1;1;0;2;3.32862668882732;7.132377736175746;0;0;0.0
1;1;0;0;2;1;0;2;1;1;1;1;1;1;0;0;2;3.005682604407159;3.6428355156125294;0;0;0.14
0;0;0;0;18;1;0;0;0;0;2;0;0;0;0;1;3;3.9318256327243257;6.795370148387346;0;0;0.09
0;0;0;0;8;1;0;0;2;0;0;0;2;0;0;1;2;4.110873864173311;6.1918511112995755;0;0;0.33
1;0;1;0;45;1;2;1;2;0;2;0;0;0;0;1;3;4.449101000338202;8.220120498111084;0;0;0.09
1;0;0;0;3;1;0;0;0;0;0;0;0;0;0;0;3;3.8383764652598478;4.960744524482791;0;0;0.23
0;0;0;0;38;1;0;2;1;1;1;1;1;1;1;0;3;3.0469005601283903;6.520915634997138;0;0;0.0
1;0;1;0;72;1;2;1;2;2;2;2;2;2;2;1;2;4.758320365481766;9.039113045987753;0;0;0.0
1;0;0;0;46;1;2;1;2;2;0;0;0;2;0;1;2;4.550714000192032;8.33226022786578;1;1;0.7
0;0;1;1;71;1;2;1;2;2;2;0;2;0;2;1;1;4.605170185988092;8.862575614167206;0;0;0.0
1;0;1;1;66;0;1;0;0;0;0;2;2;2;2;0;0;3.942552210462969;8.121346675973896;0;0;0.03
1;1;0;0;25;1;2;1;0;2;2;0;2;2;0;0;3;4.672361435528415;7.884670632672727;1;1;0.79
1;0;0;0;18;1;2;0;0;0;2;2;2;2;1;1;1;4.418840607796598;7.2629441192155655;1;1;0.68
0;0;1;1;13;1;2;2;1;1;1;1;1;1;2;1;0;3.258096538021482;5.809642865355678;0;0;0.02
0;0;1;1;65;1;2;0;2;2;2;2;2;2;2;0;0;4.527749039019507;8.693655952267212;0;0;0.03
1;0;1;0;60;1;2;1;0;2;2;0;2;0;0;1;2;4.572130331909891;8.65589370110576;1;1;0.71
1;0;1;1;15;1;0;2;1;1;1;1;1;1;2;0;3;3.013080911888604;5.634253745337369;0;0;0.0
0;0;1;0;72;1;2;2;1;1;1;1;1;1;2;0;1;3.2523106009544382;7.535216613812627;0;0;0.0
1;0;1;0;30;1;2;1;0;0;0;0;2;2;0;1;1;4.554403068934438;7.961178412059873;1;1;0.74
0;0;1;1;42;1;0;1;0;0;2;2;2;2;2;1;2;4.619073091157083;8.367451112743733;0;0;0.08
0;0;1;0;71;1;2;2;1;1;1;1;1;1;2;0;0;3.258096538021482;7.469654172932128;0;0;0.0
0;0;0;0;1;1;0;0;0;0;0;0;0;2;0;1;3;4.020877410340228;4.020877410340228;1;1;0.82
1;1;0;0;39;1;2;1;0;0;0;0;2;2;0;1;0;4.57109620565434;8.232187534167865;1;1;0.87
0;0;0;0;35;1;0;2;1;1;1;1;1;1;0;0;0;3.0081547935525483;6.427539684659985;0;0;0.06
0;0;1;1;53;1;0;1;0;2;2;2;2;2;0;1;0;4.693638833975699;8.688807631066505;0;0;0.29
0;0;0;0;1;1;2;1;0;0;0;0;2;2;0;1;2;4.560172820057356;4.560172820057356;1;1;1.0
0;1;1;1;31;1;0;1;0;0;2;2;2;2;0;1;2;4.604169685654508;7.976698425988199;1;1;0.75
1;0;0;0;48;1;0;2;1;1;1;1;1;1;2;0;1;3.0516399054922867;6.891575082753099;0;0;0.0
0;1;0;1;30;1;2;1;0;0;0;2;2;2;0;1;2;4.627909672957581;7.998167371084906;0;0;0.25
1;0;0;0;10;1;0;2;1;1;1;1;1;1;0;0;1;3.044522437723423;5.296816240421769;0;0;0.01
0;0;0;1;12;1;2;1;0;2;2;0;2;2;0;1;2;4.666265285347902;7.15199473859108;0;0;0.28
0;1;0;0;57;1;0;0;2;0;2;2;2;0;2;0;0;4.260564966136689;8.295049140435111;0;0;0.1
0;0;1;0;58;1;0;0;2;2;0;0;2;0;0;1;1;4.193435464866331;8.240807078706307;0;0;0.1
0;0;0;0;37;1;0;2;1;1;1;1;1;1;2;0;3;3.0349529867072724;6.702328848473085;0;0;0.0
0;0;1;1;44;1;0;2;1;1;1;1;1;1;0;0;3;3.0252910757955354;6.660895201050611;0;0;0.01
1;0;0;1;27;1;0;2;1;1;1;1;1;1;1;0;1;3.0469005601283903;6.316984165039059;0;0;0.0
0;0;0;0;8;1;0;0;0;0;0;2;0;0;0;0;2;3.919991175077323;6.014326216251244;0;0;0.19
1;1;0;0;3;1;2;1;0;0;0;0;0;0;0;1;2;4.344454561766125;5.450179715857283;1;1;0.95
0;1;1;0;25;1;0;1;0;2;2;0;0;2;0;0;0;4.493120682179469;7.69263807638357;0;0;0.13
0;0;1;1;57;1;2;1;0;2;0;0;2;2;0;1;2;4.6210435351443815;8.632787166159483;0;0;0.16
0;0;0;0;12;1;0;2;1;1;1;1;1;1;0;0;3;3.017982882488811;5.510399970502822;0;0;0.01
0;0;1;1;62;1;0;2;1;1;1;1;1;1;2;0;0;3.0587070727153796;7.167924829132794;0;0;0.0
0;0;1;0;65;1;2;1;0;2;2;2;2;2;2;1;0;4.688131706702439;8.865572824200845;0;0;0.03
0;0;1;0;71;1;2;0;0;0;2;2;2;2;2;1;0;4.399989335048054;8.641753211351645;0;0;0.01
0;0;1;1;21;1;0;0;0;2;0;0;2;0;1;1;1;4.091841432003982;7.103692059858131;0;0;0.03
1;0;1;0;71;1;2;1;2;2;2;0;2;2;1;1;2;4.7059200890882344;8.968924646624515;0;0;0.04
0;0;0;0;7;1;0;1;0;0;2;0;0;0;0;1;2;4.332705079341171;6.26530121273771;0;0;0.46
0;0;0;0;72;1;0;0;2;2;2;2;0;2;2;1;1;4.30406509320417;8.569064318826127;0;0;0.01
0;0;0;0;1;1;0;1;0;0;0;0;0;0;0;0;2;4.264087336809195;4.264087336809195;0;0;0.41
0;0;1;1;72;1;2;1;0;2;2;2;0;2;2;1;0;4.6016640466588035;8.87212962502125;0;0;0.02
0;0;1;1;64;1;2;1;0;2;2;2;2;2;1;1;2;4.722508678405324;8.891229550020741;0;0;0.05
0;0;0;0;72;1;2;1;2;2;2;2;2;2;2;1;2;4.752727750345706;9.047550817627512;0;0;0.0
0;0;0;0;29;1;2;1;0;0;2;0;2;2;0;0;0;4.620551288026394;7.965458763806616;0;0;0.14
0;0;0;0;13;1;0;2;1;1;1;1;1;1;2;1;3;3.0633909220278057;5.569488886872828;0;0;0.0
0;0;0;0;31;1;2;1;2;2;0;0;2;2;0;0;2;4.6572881402501976;8.072966464754737;0;0;0.09
1;1;0;0;1;1;0;1;0;0;0;0;0;0;0;1;2;4.259152536523347;4.259152536523347;1;1;0.99
1;0;1;1;7;0;1;0;2;0;0;2;0;0;0;1;2;3.56953269648137;5.635682061952269;1;0;0.21
1;0;1;0;61;1;2;1;0;2;2;0;2;2;0;1;2;4.668614358544626;8.745515310770877;1;1;0.81
0;0;0;1;39;0;1;0;0;0;2;0;0;0;0;0;1;3.4372078191851885;7.032006241319994;1;1;0.67
1;0;1;0;10;1;0;1;0;0;0;0;0;0;0;1;2;4.26689632742025;6.605568520327474;1;1;0.66
0;0;1;1;14;1;2;0;0;2;0;2;2;2;0;0;1;4.399989335048054;7.037071550452193;0;0;0.08
0;0;0;0;1;1;2;1;0;2;0;0;0;0;0;1;3;4.396915247167632;4.396915247167632;1;1;0.67
0;0;1;1;67;1;2;1;2;0;0;2;0;2;1;1;1;4.557554332046428;8.7550204081156;1;1;0.59
0;0;0;0;72;1;2;0;2;2;2;2;2;2;2;1;0;4.5255857066452485;8.809594112567959;0;0;0.0
1;0;1;1;6;1;0;0;0;0;0;0;0;0;0;1;0;3.8199077165203406;5.5675808534758;1;1;0.75
0;0;0;0;1;1;0;2;1;1;1;1;1;1;0;1;3;3.0252910757955354;3.0252910757955354;1;1;0.765
1;0;1;1;25;1;0;2;1;1;1;1;1;1;1;0;2;3.039749158970765;6.227425602132806;0;0;0.01
0;1;0;0;33;1;2;1;0;2;2;2;2;2;0;1;2;4.713576059831878;8.20424801033883;1;1;0.8
1;0;0;0;18;1;0;0;2;0;2;2;2;0;0;1;2;4.239166146760841;7.170734738793546;0;0;0.02
1;0;1;0;71;1;0;0;0;2;2;2;2;2;2;1;1;4.383275854074314;8.624404992387447;0;0;0.0
1;1;1;1;28;1;2;0;0;0;0;0;0;0;1;1;2;3.9512437185814275;7.2318657080474695;0;0;0.04
0;0;0;1;2;1;2;1;2;0;0;0;0;0;0;0;1;4.401216329067023;5.242275975664412;0;0;0.22
1;0;1;1;17;1;2;0;0;2;2;2;0;0;0;1;3;4.215086179918229;6.982909132582561;0;0;0.05
1;0;0;0;56;1;2;1;2;2;0;0;0;0;0;1;2;4.470495282661489;8.501754627727045;0;0;0.07
0;0;1;0;60;0;1;0;2;2;2;0;0;2;1;0;2;3.9328055446106744;7.976767097873956;0;0;0.06
0;0;0;0;33;1;2;2;1;1;1;1;1;1;2;0;1;3.2846635654062037;6.717925606697861;0;0;0.08
0;0;0;0;1;1;0;1;2;2;0;2;0;0;0;1;3;4.4355674016019115;4.4355674016019115;0;0;0.21
1;0;0;0;2;1;0;1;0;0;0;0;0;0;0;0;1;4.272490747605575;4.953712146696635;1;1;0.81
1;0;1;0;63;1;2;1;2;0;0;2;0;0;2;1;1;4.450269224770129;8.590220579949715;0;0;0.01
1;1;1;0;7;1;2;1;0;0;2;0;2;2;0;1;2;4.6076670661866785;6.501965118050027;1;1;0.95
0;0;0;0;55;1;0;0;0;2;2;0;0;2;2;1;3;4.185859671057874;8.193704305153153;0;0;0.06
0;0;1;0;65;1;2;1;2;2;0;2;2;0;1;1;0;4.6166045636137545;8.801544723771562;0;0;0.02
1;0;1;0;1;1;0;1;0;0;0;2;2;0;0;1;2;4.4520190064939165;4.4520190064939165;1;1;0.92
1;0;0;0;63;1;2;2;1;1;1;1;1;1;2;0;3;3.2676659890376327;7.352633389447137;0;0;0.01
0;1;1;0;70;1;2;1;2;2;2;2;2;2;2;1;1;4.736198448394496;8.985770804383893;0;0;0.01
0;0;1;1;36;0;1;0;2;0;2;2;0;0;2;0;1;3.7293013686128518;7.344945126784543;0;0;0.03
1;0;0;0;52;1;0;1;0;2;2;2;2;2;1;1;0;4.663439094112067;8.59929838608508;1;1;0.67
1;0;0;0;22;1;2;0;2;0;0;0;0;0;0;1;2;4.015481713796376;7.028511667617919;1;1;0.74
1;0;0;0;22;1;0;1;0;2;2;2;0;2;0;1;0;4.563827222453709;7.670335234257419;0;0;0.06
0;1;0;0;5;1;0;0;2;2;0;2;0;0;0;0;1;4.109233174715851;5.665907522227275;0;0;0.22
0;0;1;0;47;1;0;1;0;0;2;0;0;2;0;1;2;4.457829598089382;8.305644657320753;1;1;0.7
0;0;0;0;33;1;2;1;0;0;0;0;0;2;0;1;2;4.434974808991977;7.922569205214853;1;1;0.77
1;0;0;0;18;0;1;0;0;2;2;0;0;0;0;1;1;3.5409593240373143;6.398594934535208;1;1;0.77
0;0;0;0;1;1;0;2;1;1;1;1;1;1;0;0;1;3.0349529867072724;3.0349529867072724;0;0;0.01
1;0;0;0;56;1;0;0;0;2;2;2;2;2;2;1;1;4.416428061391214;8.419679585851359;0;0;0.0
0;0;0;0;2;1;0;2;1;1;1;1;1;1;0;1;3;3.044522437723423;3.735285826928092;0;0;0.02
1;0;0;0;35;1;2;0;2;0;2;0;0;0;0;1;2;4.104294893075269;7.647738334379114;0;0;0.03
0;0;1;0;64;1;2;2;1;1;1;1;1;1;2;0;1;3.258096538021482;7.3688442908382985;0;0;0.0
0;0;0;0;15;1;2;1;2;0;2;0;0;0;0;1;1;4.4467604492404496;7.172923301551579;0;0;0.07
1;0;0;0;24;1;0;1;0;0;0;0;2;2;0;1;2;4.514698282824016;7.714007905647355;1;0;0.37
1;0;0;0;1;1;0;0;0;0;0;0;0;2;0;0;3;4.03512520256213;4.03512520256213;0;1;0.75
0;0;1;1;70;1;0;0;2;0;0;2;2;2;2;0;1;4.335328031664641;8.60130453403489;0;0;0.0
1;0;1;0;1;1;0;1;0;0;0;0;2;2;0;1;2;4.51906748693468;4.51906748693468;1;1;0.95
0;0;0;1;4;1;2;1;0;2;0;0;2;0;0;0;3;4.506454213048934;5.904407714539809;1;1;0.61
0;0;0;0;39;1;0;0;0;0;0;2;0;2;1;0;2;4.09933210373314;7.700815665511677;0;0;0.01
0;0;0;0;29;1;2;0;2;0;0;0;0;2;0;1;2;4.206184043977636;7.556506377239256;0;0;0.18
0;0;1;1;14;1;0;2;1;1;1;1;1;1;2;0;3;2.9856819377004897;5.547323577387973;0;0;0.02
0;0;0;0;61;1;2;0;2;0;2;2;2;2;2;0;1;4.471067201464611;8.55184579431566;0;0;0.0
1;0;0;1;13;1;0;0;2;0;0;0;0;0;0;1;1;3.9721769282478934;6.509737371509022;0;0;0.04
0;0;0;0;66;0;1;0;2;2;2;2;0;0;2;1;3;3.879499813722586;8.064086009830232;0;0;0.05
1;0;0;0;2;0;1;0;0;0;2;0;2;2;0;1;2;3.917010546939185;4.514698282824016;1;1;0.95
0;0;1;0;59;1;2;1;2;2;2;0;2;2;1;1;1;4.7018430732483525;8.788555315000922;0;0;0.13
1;0;1;1;62;1;2;1;2;2;0;0;2;0;1;1;1;4.563827222453709;8.664379677441863;0;0;0.03
1;1;1;0;33;1;0;1;2;2;0;2;0;2;1;1;2;4.549128795104466;8.02502574946878;0;0;0.0
1;0;0;1;66;1;0;0;0;2;2;2;2;2;2;1;1;4.388257184424518;8.55585605669363;0;0;0.0
0;0;0;0;72;1;2;1;2;2;2;2;2;2;2;0;1;4.754021132720446;9.036701015565063;0;0;0.01
1;0;0;1;1;1;0;2;1;1;1;1;1;1;0;0;3;3.0325462466767075;3.0325462466767075;1;1;0.645
0;0;0;0;19;1;2;1;2;2;0;0;0;2;0;1;2;4.565909472034789;7.49011055388705;1;1;0.83
0;0;1;1;51;1;2;1;2;0;0;2;2;0;1;1;3;4.565909472034789;8.517403169369324;0;0;0.14
1;0;0;0;63;1;2;1;0;2;0;2;2;2;0;0;2;4.667205576907544;8.81197996559795;0;0;0.4
1;0;0;0;27;1;0;2;1;1;1;1;1;1;1;0;0;3.0492730404820207;6.334344780024526;0;0;0.01
1;0;0;0;22;1;2;1;2;0;0;0;2;2;0;1;0;4.628398312107299;7.748503163607648;1;1;0.57
0;1;0;0;4;1;0;2;1;1;1;1;1;1;0;0;3;3.0469005601283903;4.5266679578331335;0;0;0.1
1;0;1;1;42;1;0;2;1;1;1;1;1;1;2;0;3;3.077312260546414;6.721244961566728;0;0;0.0
0;0;0;0;29;1;0;2;1;1;1;1;1;1;1;0;3;3.0610517396746335;6.427054640188066;0;0;0.0
0;0;0;0;4;1;0;1;0;0;0;0;0;0;0;1;1;4.263383854543109;5.590613776550563;1;1;0.88
1;0;0;0;30;1;0;2;1;1;1;1;1;1;1;0;3;3.0301337002713233;6.439430240114957;0;0;0.0
1;0;1;0;4;1;2;1;0;0;0;0;0;0;0;1;2;4.326117440234365;5.711750644305378;1;1;0.96
1;0;1;1;71;1;0;0;2;2;2;2;2;2;2;0;0;4.4595662121293;8.704651532315344;0;0;0.0
1;0;1;0;46;0;1;0;2;0;2;2;0;0;2;0;1;3.7232808808312687;7.519529701076345;0;0;0.03
1;0;0;0;4;1;2;0;0;0;0;0;0;0;0;0;3;3.9396381724611196;5.335613151291733;1;1;0.88
0;0;0;0;7;1;2;1;2;0;0;0;0;0;0;1;3;4.390118804571218;6.406384813986902;1;0;0.3
1;0;0;0;69;1;2;1;0;2;0;2;2;2;1;1;0;4.665324108807838;8.907483746153455;0;0;0.28
0;0;1;0;72;1;2;1;2;2;2;0;2;0;2;0;0;4.621535540074356;8.900419507186433;0;0;0.0
1;1;0;0;19;1;2;1;0;0;2;0;0;0;0;1;2;4.392595586023115;7.294886680401797;1;1;0.55
1;0;0;0;28;1;0;1;0;0;2;2;0;2;0;0;2;4.5217885770490405;7.873654887408308;0;0;0.09
1;0;1;0;5;1;2;1;0;2;0;0;0;0;0;1;2;4.378896741664954;6.0236896944027185;1;1;0.88
0;1;1;0;72;1;2;1;2;2;2;2;2;2;2;1;1;4.768563732896527;9.021362712396742;0;0;0.0
1;1;1;1;8;1;0;1;0;0;0;0;2;0;0;1;1;4.399989335048054;6.37067123405378;1;1;0.85
0;0;0;0;7;1;0;0;2;0;0;0;0;2;1;1;2;4.096009841541162;5.914178453147908;0;0;0.28
0;0;0;0;22;1;0;0;2;0;0;0;0;0;0;1;2;3.927896354584436;6.956593061065437;0;1;0.6
1;0;0;0;72;1;0;2;1;1;1;1;1;1;2;0;0;3.0106208860477417;7.2554500213400885;0;0;0.02
1;0;1;1;8;1;0;2;1;1;1;1;1;1;0;0;1;3.027715319407042;5.140200498450899;0;0;0.02
1;0;1;0;52;1;2;0;2;2;2;2;0;2;1;1;1;4.411585436915426;8.379183213454793;0;0;0.06
0;0;0;0;68;0;1;0;2;0;2;2;0;0;2;0;3;3.686376323895818;7.908460685998653;0;0;0.09
0;0;1;0;71;1;2;0;2;2;2;2;2;2;2;0;0;4.4880744141118445;8.75878158590973;0;0;0.0
1;0;0;0;2;1;0;2;1;1;1;1;1;1;0;0;3;3.0373539482448106;3.9627161197436642;0;0;0.05
0;1;0;0;34;1;2;1;0;2;0;2;2;0;0;1;2;4.578312731818208;8.068167968555693;0;0;0.25
0;0;0;0;35;0;1;0;0;0;0;0;0;0;0;0;2;3.224857896545748;6.7013459266590925;0;0;0.39
0;0;1;1;61;1;0;2;1;1;1;1;1;1;1;0;1;3.0007198150650303;7.042985228242241;0;0;0.0
1;0;0;0;1;1;0;0;0;0;0;0;0;0;0;0;2;3.8066624897703196;3.8066624897703196;0;0;0.12
0;0;0;0;1;1;2;0;0;0;0;0;0;0;0;1;3;3.933784497209659;3.933784497209659;1;1;0.76
0;0;1;1;53;1;0;0;0;0;2;0;0;2;1;0;1;4.120661870539474;8.101071503119543;0;0;0.01
0;0;1;0;72;1;2;2;1;1;1;1;1;1;2;0;0;3.2827891506118534;7.543273346705446;0;0;0.0
1;0;1;0;2;1;0;1;0;0;2;0;0;0;0;0;2;4.3489867805956814;5.02912987673242;1;1;0.9
1;0;0;0;3;1;0;1;0;0;2;2;2;2;0;1;2;4.602165676967792;5.685788211283922;1;1;0.92
0;1;0;0;13;1;2;1;2;0;0;0;2;2;0;1;2;4.623010104116422;7.177095157186053;1;1;0.94
1;1;1;0;41;0;1;0;0;2;2;0;2;2;0;1;2;4.006423680849631;7.703639536993195;0;0;0.29
0;0;1;0;24;1;0;2;1;1;1;1;1;1;1;0;1;3.0633909220278057;6.181671598175927;0;0;0.0
0;0;1;1;28;1;0;1;0;0;0;0;2;2;1;1;0;4.511957804265912;7.863247493055429;1;0;0.1
1;0;0;0;8;0;1;0;2;0;0;0;0;0;0;0;3;3.4127965175055075;5.381968939043647;0;0;0.45
1;0;0;0;1;1;0;2;1;1;1;1;1;1;0;1;3;3.065724645374026;3.065724645374026;0;0;0.08
0;0;0;0;54;1;2;1;0;0;2;2;0;2;2;1;0;4.565389315976247;8.53027722096416;0;0;0.03
1;0;0;0;41;1;2;2;1;1;1;1;1;1;0;1;0;3.2676659890376327;6.90520202219442;0;0;0.05
0;0;1;0;19;1;0;0;0;0;0;0;0;0;0;0;3;3.8264651170664994;6.734175402124937;0;0;0.03
0;0;1;1;72;1;2;0;2;2;2;2;2;2;2;0;0;4.539564428890097;8.814924599721019;0;0;0.05
1;0;0;0;62;0;1;0;2;2;2;2;0;0;2;1;0;3.7999735016195233;7.870662385484872;0;0;0.0
0;1;1;1;56;1;0;0;2;0;0;2;2;2;2;1;1;4.298645025734831;8.315162682938405;0;0;0.01
1;0;0;0;15;1;2;0;0;0;0;0;0;0;0;0;2;3.96176509732296;6.641834698311869;1;1;0.8
1;1;0;0;10;1;0;1;0;0;0;0;0;2;0;1;2;4.385146762010125;6.6777759166586454;1;1;0.74
1;0;1;1;32;1;0;2;1;1;1;1;1;1;2;0;3;2.9932291433358724;6.42154096368842;0;0;0.0
1;0;0;0;21;1;0;2;1;1;1;1;1;1;0;0;1;3.068052935133617;6.001043521888305;0;0;0.03
1;0;1;1;62;1;0;2;1;1;1;1;1;1;1;0;0;3.0421386463681466;7.127533172820045;0;0;0.0
0;0;0;0;2;0;1;0;0;0;0;0;0;0;0;0;2;3.2386784521643803;3.858622228701031;0;0;0.23
1;0;0;1;27;1;0;2;1;1;1;1;1;1;2;0;3;3.0726933146901194;6.367929863365841;0;0;0.0
1;0;0;0;5;1;2;1;0;0;0;0;2;2;0;1;0;4.562784469491653;6.139453424821431;1;1;0.99
0;0;0;0;25;0;1;0;2;2;2;0;2;2;1;0;2;4.127940511650616;7.3403166127520025;0;0;0.02
0;0;0;0;2;1;2;1;0;0;0;0;0;2;0;1;2;4.462453883786496;5.14049328135447;1;1;0.86
1;0;0;0;49;1;2;1;0;2;0;2;2;2;1;1;0;4.678885223810372;8.550453871110667;0;0;0.17
0;0;0;0;63;1;2;1;2;2;2;0;2;2;0;0;1;4.693638833975699;8.821894609662555;0;0;0.05
0;0;0;1;4;1;0;2;1;1;1;1;1;1;0;0;1;3.0633909220278057;4.5591262474866845;0;0;0.05
0;0;1;0;1;1;0;0;0;0;0;0;2;0;0;1;3;4.030694535145645;4.030694535145645;0;0;0.26
1;0;0;0;11;1;0;2;1;1;1;1;1;1;0;0;3;3.056356895370426;5.342334251964811;0;0;0.04
1;1;0;0;52;1;2;1;0;0;0;0;0;0;0;1;0;4.303389189156809;8.250815885458286;0;0;0.05
0;1;1;0;60;1;2;1;0;2;0;0;0;2;0;0;2;4.504797211841304;8.574631566063502;0;0;0.38
1;0;0;0;64;1;2;1;0;0;2;2;2;2;1;1;1;4.660131744062066;8.837942467572214;0;0;0.2
0;0;1;1;43;1;0;0;2;0;2;0;2;2;2;0;0;4.333361462692601;8.088055075743789;0;0;0.01
0;0;1;0;61;1;2;1;0;0;0;2;2;2;1;0;0;4.626442321263631;8.761691106636867;0;0;0.04
0;0;0;0;1;1;0;0;0;0;0;0;0;0;0;0;3;3.8155121050473024;3.8155121050473024;1;1;0.8
1;1;0;0;5;1;0;1;0;0;0;0;2;2;0;1;2;4.505349850705881;6.171074096398463;1;1;0.91
1;0;0;0;66;1;2;0;2;2;2;2;0;0;2;0;0;4.244917420701475;8.40033347936539;0;0;0.0
1;0;1;0;67;1;0;1;2;2;2;2;2;2;2;1;2;4.718945200246936;8.898645622392184;0;0;0.02
0;0;1;0;42;1;0;1;0;0;2;2;2;2;2;1;1;4.605170185988092;8.327484416188264;0;0;0.06
1;1;1;0;1;1;2;1;0;0;0;0;2;0;0;1;2;4.466482666214198;4.466482666214198;1;1;0.97
0;0;1;1;31;1;0;2;1;1;1;1;1;1;2;0;3;3.091042453358316;6.549221465558405;0;0;0.01
1;0;0;0;7;1;0;2;1;1;1;1;1;1;0;1;3;3.0155349008501706;5.13373749123024;0;0;0.06
1;0;0;0;4;0;1;0;0;0;0;0;2;2;0;1;2;3.8188106237059674;5.1664987919271885;1;1;0.7
1;0;1;1;34;1;2;0;0;0;2;0;2;2;1;0;0;4.359269647551265;7.921100123670543;0;0;0.05
1;0;0;0;3;1;0;2;1;1;1;1;1;1;1;1;3;3.017982882488811;4.2520603082138555;0;0;0.03
0;0;1;1;19;0;1;0;0;0;0;0;0;0;0;1;3;3.2523106009544382;6.07718342251052;0;0;0.11
1;0;1;1;31;0;1;0;2;0;0;2;0;0;0;0;0;3.594568774642695;6.983326465829211;1;1;0.63
0;0;0;0;1;1;2;1;0;0;0;0;2;2;0;0;3;4.57109620565434;4.57109620565434;1;1;0.88
1;0;0;0;3;0;1;0;2;0;2;2;0;0;0;0;3;3.7459684210980635;4.684443366882599;0;0;0.21
1;0;1;0;46;1;0;2;1;1;1;1;1;1;0;0;2;3.0252910757955354;6.747821241065812;0;0;0.05
0;0;0;0;1;1;0;2;1;1;1;1;1;1;0;0;3;3.08876713952118;3.08876713952118;1;1;0.8068055555555554
0;0;1;1;69;1;2;1;2;0;2;0;0;0;1;0;0;4.4479314095616;8.674128561819776;0;0;0.02
1;0;0;0;5;1;0;2;1;1;1;1;1;1;0;0;3;3.056356895370426;4.707726774313183;0;0;0.08
1;0;0;0;1;1;0;2;1;1;1;1;1;1;0;0;0;3.027715319407042;3.027715319407042;0;0;0.066
1;0;0;0;26;1;0;2;1;1;1;1;1;1;1;1;1;3.075005454448499;6.3910792415379705;0;0;0.0
0;1;0;0;10;0;1;0;0;0;0;0;0;2;0;1;2;3.5751506887855933;5.801513963149536;1;1;0.8
1;0;0;0;25;1;0;1;0;0;2;2;2;2;2;0;0;4.60816569496789;7.82982925561202;0;0;0.05
1;0;1;1;64;1;0;1;2;2;0;0;0;0;0;0;2;4.4073288175361;8.544097989465381;0;0;0.07
1;0;1;1;30;1;2;0;2;2;2;2;0;0;0;0;2;4.22829253473184;7.60150227961405;0;0;0.06
1;0;0;0;13;1;0;1;0;0;0;0;0;0;0;1;2;4.264790324535862;6.838137212101267;0;0;0.43
0;0;1;0;64;1;2;1;2;2;2;2;2;2;1;1;2;4.7535901911063645;8.908850069873543;0;0;0.04
0;0;0;1;46;1;2;1;0;0;2;2;0;0;0;1;0;4.4520190064939165;8.283961424743229;0;0;0.2
0;0;0;0;12;1;0;2;1;1;1;1;1;1;1;0;3;3.0301337002713233;5.567962751513666;0;0;0.02
0;0;0;0;15;1;0;2;1;1;1;1;1;1;0;0;0;3.0325462466767075;5.698099691520703;1;1;0.84
1;0;1;1;17;1;2;1;0;0;0;0;2;2;0;1;2;4.538496052720099;7.323896527087536;1;1;0.88
0;0;1;1;13;1;0;0;2;0;2;0;0;2;0;1;3;4.161224091061645;6.706617807930542;0;0;0.09
0;0;1;1;67;1;2;0;2;2;0;2;2;0;2;0;1;4.31748811353631;8.490726005201067;0;0;0.0
1;0;1;0;24;0;1;0;0;0;2;0;0;0;0;0;2;3.40452517175483;6.535241271013659;0;0;0.13
1;0;0;0;6;1;0;0;0;0;0;2;0;0;0;0;3;3.9328055446106744;5.667637028019848;0;0;0.07
1;1;1;0;53;1;2;0;2;0;0;2;0;0;1;1;2;4.111693200556713;8.080438634361066;1;1;0.57
1;1;1;0;16;1;0;1;0;2;0;0;0;0;0;1;1;4.321480134805848;7.072633922164371;1;1;0.65
1;0;0;0;10;1;0;2;1;1;1;1;1;1;0;0;2;3.044522437723423;5.2278949022514904;0;0;0.03
0;0;0;0;13;1;0;1;0;2;0;0;0;0;1;1;3;4.326117440234365;6.874456993580623;0;0;0.31
1;0;0;0;9;1;2;1;0;0;0;0;2;0;0;1;2;4.458408804592688;6.632791978938131;1;1;0.79
0;0;0;0;25;1;0;0;2;2;2;2;2;0;1;0;3;4.321480134805848;7.530909087721548;1;1;0.58
1;1;0;0;7;0;1;0;0;2;0;2;0;2;0;1;2;3.8155121050473024;5.586499314041468;0;0;0.44
1;0;1;1;38;1;2;0;2;0;2;2;2;2;2;1;0;4.45898767581001;8.101071503119543;0;0;0.04
0;0;1;0;43;1;2;1;2;2;0;0;0;2;0;1;2;4.554928969551344;8.320764596619602;0;0;0.12
0;0;0;1;4;1;0;1;0;0;2;2;2;2;0;1;0;4.596129441335942;5.984691662820553;1;1;0.85
0;0;0;0;25;1;2;1;0;2;2;2;2;2;2;0;2;4.699570861409576;7.940957555763793;0;0;0.01
1;0;0;1;27;1;0;0;2;2;0;0;0;0;1;0;3;4.046553898385752;7.357906904712707;0;0;0.01
1;0;1;1;72;1;2;2;1;1;1;1;1;1;2;0;3;3.299533727885655;7.524264366252684;0;0;0.0
1;0;0;1;71;1;2;1;2;2;0;0;0;0;1;1;1;4.4595662121293;8.70449399781289;0;0;0.01
0;0;0;0;24;1;2;1;0;0;2;0;2;0;0;1;1;4.499253960396542;7.637113841504655;0;0;0.4
0;0;0;0;50;1;2;1;2;2;0;2;2;2;2;1;2;4.7063720664970585;8.621940519112746;1;1;0.79
1;0;0;0;57;1;0;0;2;0;2;0;2;2;2;1;0;4.3221439250725044;8.370628663834355;0;0;0.05
0;0;0;0;15;1;0;0;0;2;0;0;0;0;0;0;2;3.9090184964078474;6.603672785162575;0;0;0.06
1;0;0;0;4;1;2;1;2;0;0;0;0;0;0;1;2;4.395682961121367;5.820527935180591;0;0;0.06
0;0;0;0;28;1;0;0;2;2;0;0;0;0;0;0;2;4.0439280763080845;7.328864051078322;0;0;0.06
0;1;0;0;9;1;2;1;0;0;0;0;0;0;0;1;2;4.3247946887187485;6.435990099116741;1;1;0.75
0;0;1;0;55;1;2;1;2;0;0;0;2;0;0;1;0;4.508659285607248;8.509281980144902;0;0;0.19
1;0;0;0;3;1;2;1;0;0;2;0;2;2;0;1;2;4.624482497020464;5.801967306564932;1;1;0.91
1;0;0;0;10;1;0;1;0;0;2;0;2;2;0;1;2;4.563305981889393;6.956402575803658;1;1;0.65
1;0;0;1;55;1;0;2;1;1;1;1;1;1;1;0;0;3.0007198150650303;6.910252159180724;0;0;0.12
0;0;1;1;20;1;0;2;1;1;1;1;1;1;0;0;3;3.0610517396746335;6.094923255476212;0;0;0.05
0;0;1;1;62;1;2;1;0;2;0;2;2;2;1;1;1;4.6732960150356915;8.810534221719697;0;0;0.02
1;1;1;0;32;1;2;1;0;0;2;2;2;2;0;1;2;4.662495252607361;8.11747652928772;1;1;0.82
0;0;0;0;43;1;0;2;1;1;1;1;1;1;2;1;0;3.027715319407042;6.659614381150889;0;0;0.0
1;0;1;0;9;0;1;0;0;0;0;0;0;0;1;0;0;3.2228678461377385;5.563753830052498;1;1;0.7
0;0;1;0;60;1;0;0;2;2;0;2;0;0;2;0;0;4.108411819433536;8.156065491514608;0;0;0.0
1;0;1;0;58;1;2;0;2;2;2;0;2;2;2;1;2;4.467056883858457;8.495254283897484;0;0;0.03
1;0;0;1;7;1;0;2;1;1;1;1;1;1;1;0;3;3.017982882488811;4.925440448033024;0;0;0.01
1;0;1;1;2;1;0;1;2;0;0;0;2;2;0;0;2;4.585987366571318;5.2211663073596215;0;0;0.22
1;1;0;0;37;0;1;0;0;2;2;0;0;0;0;0;2;3.6283329542459026;7.182352111885263;0;0;0.22
0;1;1;1;65;1;2;1;0;0;2;2;2;2;1;1;0;4.653007515402251;8.819975676590616;0;0;0.13
0;0;1;1;39;1;0;2;1;1;1;1;1;1;2;0;3;3.0325462466767075;6.631935899072868;0;0;0.0
1;0;1;0;66;1;2;1;0;2;0;2;2;2;1;1;2;4.654436427291009;8.837971491357209;1;1;0.67
1;0;0;0;68;1;2;2;1;1;1;1;1;1;2;0;3;3.2406373166497136;7.41360856112157;0;0;0.0
0;0;1;1;62;0;1;0;2;2;0;2;2;0;2;0;0;3.906004933102583;8.009545844905304;0;0;0.0
1;0;0;0;3;1;0;1;0;0;2;2;2;0;0;1;3;4.492561241605437;5.572344128176816;1;1;0.91
0;0;1;0;72;1;2;1;2;2;2;0;2;2;2;1;2;4.705467907303455;9.007746717702165;0;0;0.0
0;0;1;0;41;1;0;2;1;1;1;1;1;1;2;0;1;3.075005454448499;6.775993747799883;0;0;0.0
1;0;1;1;29;1;0;1;2;0;0;0;2;2;0;0;1;4.560695695886262;7.88237152115192;1;1;0.82
0;0;0;0;4;1;0;0;2;2;0;0;0;0;0;0;2;4.028916756899646;5.401099561191063;0;0;0.18
1;0;0;0;53;1;2;2;1;1;1;1;1;1;1;0;0;3.2208738275308737;7.172347828208886;0;0;0.04
1;1;1;0;1;1;2;1;0;0;0;0;0;0;0;1;2;4.32280727501391;4.32280727501391;1;1;0.95
0;0;1;1;41;1;2;0;2;2;2;2;0;2;0;0;1;4.393213824064446;8.109886388428702;1;1;0.68
1;0;1;0;39;1;0;2;1;1;1;1;1;1;2;1;0;3.065724645374026;6.673297967767654;0;0;0.0
1;0;1;0;63;1;0;2;1;1;1;1;1;1;2;0;3;3.0081547935525483;7.121777355846786;0;0;0.06
1;0;0;0;15;1;2;2;1;1;1;1;1;1;0;1;2;3.3087165288679903;5.939118066735773;0;0;0.11
0;0;1;0;13;1;0;0;0;0;0;0;0;0;1;0;2;3.8022081394209395;6.3862899201118015;0;0;0.24
1;0;0;0;1;1;0;0;0;2;0;0;0;0;0;1;3;3.9347624923976356;3.9347624923976356;0;1;0.57
1;0;0;0;1;1;0;2;1;1;1;1;1;1;2;0;3;3.065724645374026;3.065724645374026;0;0;0.0
1;1;0;0;8;1;0;1;0;0;0;0;0;0;0;1;2;4.258445572902527;6.331234910353912;1;1;0.73
1;0;0;0;60;1;0;0;2;2;2;0;0;0;2;0;2;4.133565275375382;8.19953289544477;0;0;0.03
0;1;1;0;12;1;2;1;0;2;2;0;2;0;0;1;2;4.596129441335942;6.967155622263585;1;1;0.97
1;0;1;0;40;1;2;0;0;2;0;2;2;0;1;0;1;4.273187854639731;7.980280232886928;0;0;0.02
0;0;0;0;66;1;0;0;2;2;2;0;0;0;2;1;0;4.12955081795672;8.298651535121714;0;0;0.0
1;0;1;1;42;1;0;2;1;1;1;1;1;1;1;0;3;3.056356895370426;6.752153546887564;0;0;0.0
0;1;0;0;66;1;2;0;2;2;0;2;0;0;1;1;1;4.172076910762453;8.336953466106552;0;0;0.04
1;0;0;0;49;1;2;1;0;2;0;0;2;2;0;0;2;4.602165676967792;8.501378800521875;0;0;0.09
0;0;0;0;1;1;0;2;1;1;1;1;1;1;0;0;3;3.068052935133617;3.068052935133617;1;1;0.6752380952380952
0;0;0;0;41;1;0;2;1;1;1;1;1;1;2;0;3;3.044522437723423;6.698637899401019;0;0;0.0
0;0;1;1;41;1;0;2;1;1;1;1;1;1;2;0;0;3.0106208860477417;6.6507963791731965;0;0;0.0
0;0;1;1;23;1;0;1;2;2;0;2;0;0;0;0;3;4.447346100794524;7.56933439007442;0;0;0.09
1;0;0;0;3;0;1;0;0;0;0;0;0;0;0;0;2;3.261935314328648;4.39197696552705;0;0;0.32
0;0;0;0;4;0;1;0;2;0;2;2;0;2;0;0;3;3.8969093676180977;5.31443674842792;0;0;0.2
0;0;1;1;52;1;0;2;1;1;1;1;1;1;2;0;3;3.0373539482448106;6.976814814913632;0;0;0.0
0;1;1;0;4;1;2;1;2;0;0;0;2;2;0;1;2;4.611152257665639;5.85406855366702;1;1;0.9
0;0;0;0;11;1;0;1;0;2;2;2;0;2;0;1;2;4.55597994179732;6.908654874224973;0;0;0.27
0;0;1;0;2;1;0;0;2;0;0;0;0;2;0;1;3;4.1455128487965;4.73707525686803;0;0;0.2
0;0;1;0;26;1;2;1;0;2;0;0;0;0;0;0;0;4.385769620952716;7.60926737587371;0;0;0.21
1;0;1;1;24;1;0;0;2;0;2;0;0;0;1;1;1;4.047427642434349;7.282932986151845;0;0;0.04
0;0;0;0;12;1;0;2;1;1;1;1;1;1;0;0;3;3.0587070727153796;5.512218336495314;0;0;0.02
1;1;1;0;60;1;2;1;0;0;0;2;2;2;0;1;2;4.605170185988092;8.702659797354265;0;0;0.12
0;0;1;1;64;1;2;0;2;2;2;2;2;2;2;1;3;4.517431271680085;8.668789182231155;0;0;0.01
1;0;1;0;66;1;0;0;2;2;2;2;2;2;2;1;0;4.464758032271346;8.629860944069652;0;0;0.0
0;0;0;0;60;1;2;1;0;0;2;0;0;0;1;1;0;4.384523514872469;8.469262657658687;0;0;0.02
1;0;1;1;17;1;2;0;2;0;2;0;2;0;1;1;0;4.267597343922845;7.092282734325254;0;0;0.09
1;0;1;1;42;1;0;2;1;1;1;1;1;1;2;0;3;3.013080911888604;6.7665372770665995;0;0;0.02
1;0;0;0;1;1;2;0;0;0;0;0;0;0;0;1;2;3.9347624923976356;3.9347624923976356;0;0;0.17
0;0;1;1;47;1;0;0;0;2;0;2;0;2;2;0;0;4.1713056033582285;8.009113793318273;0;0;0.02
0;0;1;0;10;1;0;2;1;1;1;1;1;1;0;1;3;3.070375816549757;5.536349530355997;0;0;0.01
1;1;1;0;70;1;2;0;2;2;2;2;2;2;2;1;1;4.494797128506721;8.749494680515213;0;0;0.0
1;1;0;0;67;1;2;1;0;0;2;0;2;2;0;1;1;4.628886712605407;8.830842673315583;0;0;0.18
0;0;0;0;1;1;0;1;0;0;0;0;0;2;0;1;2;4.418238016636454;4.418238016636454;1;1;0.99
1;0;1;0;7;1;0;1;0;0;0;0;0;0;0;1;2;4.253482783560398;6.11390339430056;1;1;0.71
1;0;0;0;1;1;0;0;0;0;0;0;0;0;0;0;3;3.8199077165203406;3.8199077165203406;0;0;0.09
1;0;0;0;4;1;0;0;0;2;0;2;2;0;0;1;0;4.1705337005796475;5.4258306868469965;0;0;0.12
0;0;1;1;66;1;2;1;2;2;2;0;2;2;2;0;0;4.702750514326955;8.865523414819405;0;0;0.04
0;0;0;0;12;1;0;1;0;2;0;0;0;2;0;1;2;4.449685283147696;6.925938949415766;0;0;0.13
0;0;0;0;24;1;0;2;1;1;1;1;1;1;1;0;1;3.065724645374026;6.26975894288704;0;0;0.0
1;0;0;0;26;1;0;1;0;2;0;0;2;0;0;1;2;4.4630304188269685;7.67205965385841;0;0;0.15
0;0;0;0;6;1;0;1;0;0;0;0;2;2;0;1;2;4.522874943261261;6.123150487933357;1;1;0.95
1;0;1;0;57;1;2;1;0;0;2;2;2;2;2;0;2;4.690889061390629;8.694644574811246;0;0;0.06
1;0;1;0;14;1;2;1;0;0;0;0;2;0;0;1;2;4.467056883858457;7.1200805228604676;1;1;0.95
0;0;1;1;42;1;2;2;1;1;1;1;1;1;2;0;2;3.175968323856924;6.9228901665664075;0;0;0.0
1;0;0;0;25;1;2;1;0;0;0;0;2;2;0;1;0;4.5612182984589085;7.767729595377388;1;1;0.81
0;0;1;0;64;1;0;2;1;1;1;1;1;1;2;0;1;3.017982882488811;7.112042155446042;0;0;0.0
1;0;1;0;22;1;2;1;0;0;0;0;0;2;0;1;2;4.455509411433685;7.536203925603146;1;1;0.88
1;0;0;0;19;1;0;2;1;1;1;1;1;1;1;1;1;3.0301337002713233;5.959715848793402;0;0;0.0
0;0;1;1;61;1;2;1;0;2;0;0;2;2;0;1;2;4.606669062111827;8.70135472108808;1;0;0.21
1;0;1;0;22;1;0;1;0;0;2;0;2;0;0;1;0;4.477336814478207;7.523832412465023;0;0;0.32
1;1;1;0;70;1;2;1;0;2;2;0;2;2;0;1;2;4.643910014304022;8.868202113728342;1;1;0.82
1;0;0;0;12;1;0;1;0;0;0;0;0;2;0;1;0;4.393831680123644;6.951197836824974;0;0;0.21
0;0;1;0;31;1;0;0;2;0;0;2;0;2;1;1;2;4.174387269895637;7.555774331924335;0;0;0.03
0;0;0;0;11;1;0;0;0;0;0;0;2;2;0;1;2;4.188138441508461;6.575215300888529;0;0;0.22
1;0;1;1;68;1;2;2;1;1;1;1;1;1;2;0;3;3.2865344733420154;7.430795993827386;0;0;0.0
0;1;1;1;72;1;2;0;2;2;2;2;2;2;2;1;0;4.512506501124672;8.81246389721669;0;0;0.01
1;1;0;0;67;1;2;1;2;2;2;2;2;2;2;1;1;4.763028270603671;8.967102525834955;0;0;0.24
0;0;0;0;60;1;0;1;2;0;2;2;2;2;0;1;0;4.662967284714308;8.738374819416906;0;0;0.11
1;0;0;0;1;1;0;0;0;0;0;0;0;0;0;1;3;3.829727762701316;3.829727762701316;1;1;0.75
0;1;0;1;1;1;0;1;0;0;0;0;0;0;0;1;2;4.276666119016055;4.276666119016055;1;1;0.79
1;0;1;1;58;0;1;0;2;2;2;0;2;0;1;0;3;3.9318256327243257;7.97962994879255;0;0;0.02
0;1;1;1;47;1;0;1;0;0;0;0;0;0;0;0;0;4.27039650600246;8.104778994219867;1;1;0.71
0;0;0;0;1;1;0;1;0;0;0;0;0;2;0;1;2;4.390738575275903;4.390738575275903;1;1;1.0
1;0;0;0;1;1;0;2;1;1;1;1;1;1;0;0;3;3.065724645374026;3.065724645374026;0;0;0.06
1;0;0;0;22;1;2;0;2;2;0;0;0;0;0;0;2;4.0943445622221;7.135448464994918;1;1;0.73
0;0;0;0;48;1;0;0;2;0;2;2;0;0;1;1;1;4.116595171156921;7.971569062107552;1;0;0.03
0;0;1;0;37;1;0;2;1;1;1;1;1;1;1;1;0;3.0373539482448106;6.5771657055190795;0;0;0.0
1;0;0;0;13;1;0;2;1;1;1;1;1;1;1;1;2;3.0421386463681466;5.540478923698008;0;0;0.0
1;0;0;0;43;1;2;2;1;1;1;1;1;1;2;0;0;3.3123661679555396;7.013060793127408;0;0;0.0
0;0;0;0;6;0;1;0;2;2;2;2;2;2;2;1;3;4.165113633110308;5.857361562584502;0;0;0.03
1;0;0;0;71;0;1;0;2;2;2;2;2;0;2;0;0;4.006423680849631;8.266074458271504;0;0;0.03
0;1;1;1;1;1;0;1;0;0;0;0;0;0;0;1;2;4.2520603082138555;4.2520603082138555;1;1;0.95
0;0;1;1;72;1;2;1;2;2;0;0;2;0;2;1;2;4.565389315976247;8.831149551779507;0;0;0.03
0;1;0;0;6;1;0;1;2;0;0;0;0;0;0;1;2;4.318820558770089;6.1134609164172335;0;0;0.16
1;0;1;1;12;0;1;0;0;2;0;2;0;0;0;0;3;3.597312260588446;6.071314928595715;0;0;0.07
1;0;0;0;25;1;0;1;0;0;0;0;0;0;0;0;3;4.2759714333333765;7.477802187406246;1;1;0.71
0;0;1;0;21;1;0;1;0;0;2;2;0;0;1;0;2;4.384523514872469;7.463621187757827;0;0;0.05
0;0;1;1;6;1;0;0;0;0;0;2;0;0;0;1;3;3.9080149840306073;5.698267293968091;0;0;0.21
1;0;1;0;20;1;0;1;0;0;0;0;2;2;0;1;3;4.499809670330265;7.507388166167938;1;0;0.43
1;0;1;0;18;1;2;1;2;0;0;0;2;2;0;1;2;4.609162207257629;7.46390793433317;1;1;0.85
0;0;0;0;43;1;0;0;0;2;0;2;0;0;1;0;2;4.033355290595671;7.8019026461706025;0;0;0.03
0;0;1;1;35;1;2;2;1;1;1;1;1;1;2;1;1;3.2733640101522705;6.857303735486039;0;0;0.02
0;0;0;0;1;1;0;1;0;0;2;0;0;0;0;0;0;4.310799125385514;4.310799125385514;1;1;0.63
1;1;1;0;32;1;2;1;0;2;2;0;0;2;0;1;2;4.548599834499697;7.996923108822247;0;0;0.16
1;0;0;0;52;0;1;0;2;2;2;2;2;2;2;0;1;4.1728476237100445;8.112512775356723;0;0;0.0
1;0;0;0;32;1;0;0;0;0;0;0;2;2;1;1;0;4.18737942818929;7.606859680016209;0;0;0.04
0;0;1;1;72;0;1;0;2;2;2;2;2;2;2;1;0;4.1713056033582285;8.452185226773972;0;0;0.0
1;0;0;0;51;0;1;0;2;0;0;2;0;2;0;1;1;3.816612820623488;7.688249196958784;0;0;0.02
1;0;1;1;68;1;0;2;1;1;1;1;1;1;2;1;0;3.0421386463681466;7.173383441902502;0;0;0.0
1;1;1;0;8;0;1;0;0;2;2;0;0;2;0;1;3;3.7921127087555884;5.919968545402912;0;0;0.5
1;0;1;0;49;0;1;0;0;2;0;0;2;2;2;0;1;3.9249392306946924;7.7877554007552545;0;0;0.17
0;0;1;0;72;1;0;0;2;2;2;2;2;2;2;0;3;4.455509411433685;8.7252474701058;0;0;0.0
1;0;0;0;9;1;2;1;0;0;0;0;2;2;0;1;2;4.56954300834494;6.72154617546099;1;1;0.94
0;0;1;0;28;1;0;1;2;0;0;0;2;2;0;1;3;4.536355869987732;7.8647656001333095;1;1;0.67
1;0;0;0;54;1;0;1;2;0;2;0;2;0;0;0;3;4.508659285607248;8.448485993406447;0;0;0.09
1;0;0;0;11;1;0;1;0;2;0;0;0;0;0;1;2;4.3247946887187485;6.716292064270899;1;1;0.9
0;0;1;1;50;1;0;1;0;0;2;2;2;2;1;0;3;4.644871552839644;8.54762539853644;0;0;0.07
0;0;1;0;69;1;2;1;2;2;2;2;2;2;2;1;2;4.762173934797756;9.009917979017747;0;0;0.03
1;0;0;0;1;1;0;1;0;0;0;0;0;0;0;1;2;4.2612704335380815;4.2612704335380815;0;1;1.0
1;0;1;1;68;1;0;1;2;2;0;2;0;2;2;0;0;4.565389315976247;8.807531732329227;0;0;0.03
1;0;0;1;40;0;1;0;2;2;0;2;0;0;1;0;3;3.71965111278069;7.355673051345688;0;0;0.03
1;0;1;1;31;1;2;2;1;1;1;1;1;1;2;0;3;3.2865344733420154;6.628834712198929;0;0;0.02
0;1;0;1;33;1;2;1;0;2;2;0;2;2;0;1;0;4.666735541646246;8.150770896022625;0;0;0.48
1;1;1;0;55;1;2;1;0;2;2;2;2;2;2;1;2;4.741447804280639;8.74730441204604;0;0;0.18
1;0;1;1;68;1;2;2;1;1;1;1;1;1;2;1;0;3.2188758248682006;7.417760566364225;0;0;0.0
0;0;1;1;12;1;0;2;1;1;1;1;1;1;0;0;0;3.0155349008501706;5.293807211070151;0;0;0.08
1;0;1;0;71;1;0;0;2;2;2;2;2;2;2;1;0;4.467056883858457;8.707301023010626;0;0;0.0
1;0;0;0;40;1;2;1;0;2;2;0;2;2;0;1;3;4.641019838881789;8.320971473449527;0;1;0.77
0;0;1;1;64;1;2;1;0;2;2;0;0;2;1;1;2;4.541697763032518;8.696468446273787;0;0;0.05
1;0;1;0;53;1;2;1;0;2;0;2;0;2;1;0;0;4.592591403781231;8.525994347369306;0;0;0.03
1;1;0;0;12;1;0;1;0;2;2;2;0;0;0;1;3;4.440295542797857;6.938041971587009;1;1;0.84
1;1;0;0;53;0;1;0;0;2;2;0;2;2;0;1;2;4.015481713796376;7.957019748019907;1;1;0.68
1;0;1;0;72;1;2;1;2;2;2;0;2;0;2;1;1;4.594614672048575;8.869995646941096;0;0;0.02
1;0;0;0;46;1;0;2;1;1;1;1;1;1;2;0;2;3.0421386463681466;6.811299443164508;0;0;0.0
1;0;0;0;40;1;2;2;1;1;1;1;1;1;2;1;3;3.242592351485517;6.882386187631596;0;0;0.01
1;0;0;0;12;0;1;0;2;2;0;2;2;0;0;1;0;3.9502817175452365;6.4081168446067105;0;0;0.14
1;0;0;0;9;1;0;1;2;0;0;0;0;0;0;0;2;4.338597076746545;6.496096026710645;0;0;0.12
0;0;1;1;51;1;2;1;0;0;0;2;0;0;0;1;2;4.403665809777363;8.323098603660052;0;0;0.12
1;0;1;1;49;1;0;1;0;2;2;0;2;0;0;1;1;4.515245478460105;8.410865541568205;0;0;0.05
1;1;1;0;41;1;2;1;0;0;2;0;2;2;0;1;2;4.613138355637268;8.357094859319076;1;1;0.91
0;0;0;0;56;1;0;0;2;0;2;2;0;0;1;1;1;4.114963849424837;8.096741340999749;0;0;0.0
1;0;0;0;4;1;0;2;1;1;1;1;1;1;0;1;2;3.054001181677967;4.037774210733707;0;0;0.05
1;0;1;0;20;1;0;0;2;0;0;2;0;2;1;1;3;4.176692303570854;7.151054336499911;0;0;0.01
0;0;1;1;26;1;0;2;1;1;1;1;1;1;0;1;1;3.056356895370426;6.204456747365817;0;0;0.01
0;0;1;1;20;1;2;1;0;2;2;0;2;2;0;1;0;4.671425981765156;7.7145212813268556;1;1;0.8
0;0;0;0;7;1;2;1;0;0;0;0;0;0;0;0;3;4.336636932375072;6.177425307294476;1;1;0.78
1;0;0;0;7;1;2;1;0;0;0;0;2;2;0;1;2;4.552296696381023;6.456141514847992;1;1;0.9
1;0;0;0;51;1;0;1;0;2;2;0;2;2;0;1;2;4.605170185988092;8.524992696048619;0;0;0.2
0;0;0;0;4;1;2;1;0;2;0;0;0;0;0;1;3;4.398146016553765;5.784440377673656;0;1;0.63
0;0;0;0;1;1;0;2;1;1;1;1;1;1;0;0;1;3.022860940942244;3.022860940942244;0;0;0.02
1;0;1;1;27;1;2;1;2;2;0;2;2;0;0;0;2;4.622518824322705;7.935426370838112;0;0;0.13
1;0;0;0;22;1;2;1;2;0;0;0;2;2;0;1;2;4.622518824322705;7.647786045440933;1;1;0.87
1;0;0;0;12;1;0;0;0;2;0;2;0;0;0;1;3;4.00277736869661;6.4764337563287455;0;0;0.08
0;0;1;1;3;0;1;0;0;0;0;2;0;0;0;1;3;3.4657359027997265;4.564868889214566;1;0;0.37
0;0;1;1;34;1;2;2;1;1;1;1;1;1;1;1;1;3.2809112157876537;6.822360775965189;0;0;0.0
1;0;1;0;24;1;2;0;2;0;0;2;0;0;1;1;2;4.083452121055677;7.206303104744224;0;0;0.04
1;0;0;0;51;1;2;1;0;0;2;0;0;0;0;0;1;4.394449154672439;8.353108330605401;1;1;0.7
0;1;0;0;14;0;1;0;0;0;0;0;2;2;0;1;2;3.8575668196320874;6.512784907966614;0;0;0.17
1;0;1;0;59;1;2;1;2;2;2;2;2;2;2;0;2;4.7427558489406545;8.789088810936143;0;0;0.03
1;0;0;0;3;1;0;1;0;2;2;0;0;2;0;0;2;4.515245478460105;5.596382844379506;0;0;0.42
0;0;1;1;65;1;2;1;2;0;2;2;2;2;2;0;2;4.703203926259457;8.900896554409524;0;0;0.05
1;1;0;0;5;1;0;1;0;0;0;0;0;0;0;1;3;4.26619481914876;5.807842144580979;1;1;0.79
0;0;1;1;59;1;2;0;2;2;2;2;2;2;2;0;1;4.514150787600923;8.555461528126088;0;0;0.0
1;0;1;1;72;0;1;0;2;2;2;2;2;2;2;1;1;4.193435464866331;8.407344842705635;0;0;0.01
0;0;1;1;62;1;0;1;0;2;2;0;2;2;0;1;2;4.6166045636137545;8.745809738528788;1;1;0.7
1;0;0;0;28;1;2;1;2;2;0;0;0;2;0;1;1;4.5591262474866845;7.886231766410266;1;1;0.8
1;0;0;0;3;1;0;0;0;0;0;2;0;2;0;0;3;4.121473229610353;5.28776185260852;0;0;0.17
1;0;0;1;19;1;2;2;1;1;1;1;1;1;0;1;1;3.2228678461377385;6.087229169092361;0;0;0.11
1;0;0;0;1;1;0;2;1;1;1;1;1;1;0;1;3;3.0204248861443626;3.0204248861443626;0;0;0.14416666666666667
1;0;0;0;24;1;0;1;0;2;2;2;0;0;0;1;2;4.465333240800292;7.653566064624934;0;0;0.06
1;1;0;0;57;1;0;0;0;0;2;2;0;0;1;1;2;3.9982007016691985;8.01855960841561;0;0;0.07
0;0;0;0;72;1;2;2;1;1;1;1;1;1;2;0;1;3.2752561583043085;7.5323291428868355;0;0;0.0
1;0;0;0;67;1;0;2;1;1;1;1;1;1;2;0;0;3.068052935133617;7.266792430709889;0;0;0.0
1;0;1;1;52;1;0;2;1;1;1;1;1;1;1;1;1;3.084200921541599;6.977840886548825;0;0;0.0
1;0;1;1;71;1;2;0;2;2;2;2;2;2;2;0;1;4.509760001183433;8.773098178053743;0;0;0.0
0;0;1;0;26;1;2;2;1;1;1;1;1;1;1;0;3;3.295836866004329;6.5294918282991175;0;0;0.04
0;0;0;0;35;1;2;1;2;2;2;2;2;2;2;1;3;4.73795129722191;8.272583379735432;0;0;0.04
0;0;1;1;55;1;0;1;0;0;0;0;0;0;2;1;1;4.249209272783016;8.254164706403113;0;0;0.03
0;0;1;1;33;1;0;2;1;1;1;1;1;1;2;0;3;3.0492730404820207;6.509290610518717;0;0;0.02
1;0;1;0;72;1;2;1;2;2;2;0;2;2;2;1;2;4.7063720664970585;8.97224179971323;0;0;0.0
1;0;0;1;1;1;0;2;1;1;1;1;1;1;0;1;3;3.005682604407159;3.005682604407159;0;0;0.11
1;0;0;0;10;0;1;0;0;0;0;0;0;2;0;1;3;3.5524868292083815;5.701947458710471;1;0;0.48
0;1;1;0;37;1;0;1;0;0;2;2;2;0;0;0;2;4.51085950651685;8.123483714318926;0;0;0.08
1;0;0;0;12;0;1;0;0;2;0;2;0;0;0;0;3;3.5553480614894135;6.094585055822462;0;0;0.01
1;0;1;1;1;1;0;2;1;1;1;1;1;1;1;0;3;3.0633909220278057;3.0633909220278057;0;0;0.0
1;0;1;0;62;0;1;0;2;2;0;2;0;0;2;1;1;3.6788291182604347;7.760701443339011;0;0;0.0
0;0;0;0;1;0;1;0;0;0;0;0;0;0;0;0;0;3.2676659890376327;3.2676659890376327;0;0;0.16
0;0;0;0;18;1;2;0;2;0;2;0;0;0;0;1;3;4.120661870539474;7.053888187930098;0;0;0.06
1;1;1;0;69;1;2;1;0;2;0;0;2;0;0;1;2;4.5103099049641315;8.72325568859199;1;1;0.78
1;0;0;0;2;1;0;1;0;2;0;0;0;0;0;1;2;4.327438444389479;4.982235819574558;0;0;0.12
1;0;1;1;19;1;0;2;1;1;1;1;1;1;0;0;3;3.0726933146901194;6.030565060729897;0;0;0.0
1;0;0;0;12;1;2;1;0;0;0;0;2;0;0;1;2;4.4479314095616;6.966542920465225;1;1;0.87
1;0;0;0;9;1;0;2;1;1;1;1;1;1;0;0;3;3.0633909220278057;5.20839265902005;0;0;0.08
1;0;0;0;27;1;0;0;2;0;2;2;2;2;1;0;2;4.415219602029645;7.702352840577568;0;0;0.07
1;0;0;1;27;1;2;1;0;0;0;2;0;0;0;1;2;4.388257184424518;7.687790912310173;1;1;0.8
1;0;1;1;1;1;0;1;0;0;0;0;2;2;0;0;3;4.501474949649326;4.501474949649326;1;1;0.83
0;1;0;0;24;1;0;2;1;1;1;1;1;1;0;1;3;3.0587070727153796;6.133289577244604;0;0;0.03
1;1;0;0;14;1;2;1;0;0;0;0;0;0;0;1;2;4.330075229041782;6.944810186933148;1;1;0.75
0;1;0;0;32;1;0;1;0;2;0;0;0;0;0;1;2;4.32280727501391;7.7310311946881045;1;0;0.46
0;0;0;0;11;1;0;2;1;1;1;1;1;1;1;0;3;3.044522437723423;5.3610573963692225;0;0;0.0
1;0;0;0;1;1;2;2;1;1;1;1;1;1;0;1;3;3.258096538021482;3.258096538021482;0;0;0.36
1;1;0;1;38;1;2;1;2;0;0;0;0;0;0;1;3;4.399989335048054;8.059481703299733;0;0;0.07
0;0;1;1;9;1;0;2;1;1;1;1;1;1;2;0;3;3.0325462466767075;5.354933966966933;0;0;0.0
1;0;1;1;54;1;2;0;2;2;0;2;0;0;2;1;1;4.199455046624718;8.17967640944743;0;0;0.0
0;0;0;0;29;1;2;0;0;0;0;0;2;2;1;1;1;4.276666119016055;7.640651879059365;0;0;0.02
1;1;1;0;44;1;2;1;0;0;2;0;2;0;0;1;2;4.502029427068578;8.304296956553577;0;0;0.13
1;0;1;1;59;1;0;0;2;2;2;2;2;2;2;1;2;4.4744918623459755;8.553910774351401;0;0;0.0
0;0;0;0;3;1;0;0;0;0;0;0;0;2;0;1;2;4.030694535145645;5.283964860323636;1;1;0.79
0;0;1;1;18;1;0;0;2;2;0;2;0;0;1;1;3;4.135166556742356;6.992509944846946;0;0;0.01
1;1;0;0;67;1;2;2;1;1;1;1;1;1;2;0;1;3.261935314328648;7.42246335626235;0;0;0.0
0;0;1;1;22;1;0;0;0;2;0;2;0;0;0;0;2;4.0280266811844525;7.095934645260251;1;1;0.64
1;0;0;1;33;0;1;0;2;0;0;2;0;0;1;0;1;3.5567756134805992;7.016564839839412;0;0;0.01
1;0;0;0;5;1;0;2;1;1;1;1;1;1;0;0;3;3.0421386463681466;4.682594082952895;0;0;0.03
0;0;0;0;2;1;0;2;1;1;1;1;1;1;0;0;3;3.0421386463681466;3.667400422436812;0;0;0.01
1;0;1;1;72;1;2;0;2;2;2;2;2;2;2;0;1;4.507557357121091;8.75468136492377;0;0;0.0
1;0;0;1;9;1;0;2;1;1;1;1;1;1;0;0;3;3.0633909220278057;5.220896219579452;0;0;0.0
1;0;1;1;67;1;2;2;1;1;1;1;1;1;2;0;3;3.3068867021909143;7.432424634568778;0;0;0.0
0;0;1;0;16;1;2;1;0;0;0;0;2;0;0;1;2;4.453765731828859;7.22929515215254;1;1;0.85
0;0;0;0;8;1;0;2;1;1;1;1;1;1;0;1;3;3.077312260546414;4.931592086755803;0;0;0.03
1;0;0;0;5;0;1;0;2;2;2;2;0;0;0;1;3;3.7898553714539385;5.393627546352362;1;1;0.78
1;0;1;1;23;1;2;0;0;0;0;0;0;0;1;1;1;3.8989377658794906;6.973683459096243;1;1;0.69
1;0;0;0;1;1;0;1;0;0;0;0;2;0;0;1;2;4.388878109622984;4.388878109622984;1;1;1.0
0;1;1;0;50;1;0;1;0;0;0;0;0;0;0;1;2;4.277360322445531;8.144925887411512;1;0;0.35
1;0;0;0;17;1;0;2;1;1;1;1;1;1;2;0;1;3.017982882488811;5.913638131643475;0;0;0.0
0;0;1;0;68;1;2;1;2;2;2;0;2;2;2;1;0;4.716711560720999;8.92991192823571;0;0;0.05
1;0;0;0;1;1;2;1;0;0;0;0;2;0;0;0;2;4.448516375942715;4.448516375942715;1;1;0.89
0;1;1;0;25;1;0;1;0;0;0;0;0;0;0;1;2;4.252771798816619;7.503344755947277;0;0;0.43
1;0;0;0;67;0;1;0;2;0;2;2;2;0;1;1;0;3.9189986191645714;8.108427642841393;0;0;0.01
1;0;0;0;32;1;0;2;1;1;1;1;1;1;1;0;1;3.0610517396746335;6.563150059130735;0;0;0.0
0;1;1;0;67;1;2;1;2;2;0;0;2;2;1;1;2;4.669083511731744;8.869700462659624;0;0;0.07
1;1;1;0;72;0;1;0;2;2;2;2;2;2;2;1;1;4.181286492355909;8.442922129040952;0;0;0.0
1;0;1;0;71;1;2;1;0;2;2;2;2;2;2;1;1;4.696837374513915;8.947923106104142;1;1;0.62
1;0;0;1;1;1;0;0;0;2;0;0;0;0;0;1;2;3.929862923556477;3.929862923556477;0;0;0.18
1;0;0;0;46;0;1;0;0;2;0;0;0;0;0;0;0;3.4436180975461075;7.230635562083883;1;1;0.65
0;1;0;0;2;0;1;0;0;0;2;0;0;0;0;1;2;3.4468078929142076;4.3776420363560575;1;1;0.82
0;0;0;0;1;1;0;0;0;0;0;0;0;0;0;1;3;3.8372994592322094;3.8372994592322094;1;0;0.32
0;0;1;0;48;1;0;0;0;2;2;0;0;2;1;1;2;4.199455046624718;8.037753179223479;0;0;0.09
0;0;1;0;61;1;2;1;0;0;2;2;2;2;1;1;0;4.647271362006727;8.782529956699463;0;0;0.07
0;0;1;0;32;1;0;1;0;2;0;0;0;2;0;0;0;4.444414407108697;7.8582348545929905;1;0;0.24
0;0;0;0;2;1;0;0;0;0;0;0;0;0;0;0;2;3.816612820623488;4.4272389774954295;0;0;0.16
0;0;0;0;3;1;0;2;1;1;1;1;1;1;0;0;2;3.0325462466767075;4.091841432003982;1;1;0.61
0;0;0;0;5;1;0;1;0;0;0;2;0;2;0;1;1;4.45898767581001;6.056549793763916;1;1;0.7
0;0;1;1;71;1;2;0;2;2;2;2;2;2;2;0;0;4.509760001183433;8.755217473419737;0;0;0.0
1;0;1;0;37;1;2;0;2;0;0;0;0;0;0;1;3;4.026244149518169;7.616652769633315;0;0;0.05
1;0;1;1;65;1;2;1;0;0;2;2;2;2;2;1;0;4.6549122778829055;8.810019509518233;0;0;0.01
0;0;0;1;67;1;2;1;0;2;0;2;2;2;1;1;0;4.678420647727684;8.888163468445018;0;0;0.06
1;0;0;1;49;1;2;1;0;0;0;0;0;0;0;0;1;4.333361462692601;8.21047779567805;1;1;0.75
1;0;1;1;50;1;2;0;2;0;0;2;2;0;2;1;1;4.269697449699962;8.156983435957374;0;0;0.0
1;0;1;1;25;1;0;2;1;1;1;1;1;1;1;0;2;3.0252910757955354;6.0213873607592365;0;0;0.0
0;0;0;1;17;1;2;0;0;0;2;0;0;0;1;1;3;4.040416220196545;6.844282856026563;1;1;0.7
0;0;1;1;64;1;2;2;1;1;1;1;1;1;2;1;3;3.2208738275308737;7.352537249467252;0;0;0.0
1;0;1;0;25;0;1;0;0;0;2;0;2;0;1;1;1;3.66612246699132;6.878738329911644;0;0;0.02
1;1;0;0;23;1;2;1;0;2;2;0;2;2;0;1;2;4.676560182074764;7.817826711042375;1;1;0.94
1;1;1;0;24;0;1;0;0;0;2;2;0;0;0;0;3;3.5624655292582776;6.720461380561624;0;0;0.07
0;0;0;0;37;1;2;1;0;0;2;0;2;2;0;1;2;4.61561544384963;8.245791209537222;0;1;0.74
0;0;0;0;21;1;0;1;0;0;0;0;0;0;0;1;2;4.243482700225814;7.3093462255417005;0;0;0.11
1;0;0;0;1;1;0;0;0;0;0;0;0;0;0;1;3;3.845883202923601;3.845883202923601;0;0;0.24
0;0;0;0;10;1;2;1;0;0;0;0;0;0;0;1;3;4.340553386467307;6.657112053965342;0;0;0.24
1;0;0;0;6;1;0;1;0;2;0;0;0;2;0;1;2;4.447346100794524;6.323193408835633;1;1;0.58
1;0;1;0;51;1;2;1;2;2;0;0;0;2;1;1;1;4.578826210648489;8.499446648928267;0;0;0.04
0;0;0;0;10;1;0;2;1;1;1;1;1;1;0;1;3;3.070375816549757;5.23830193413805;0;0;0.0
0;0;0;0;6;0;1;0;2;2;0;2;0;2;0;0;1;3.9502817175452365;5.73204593992906;0;0;0.33
1;0;1;1;47;1;2;0;2;2;2;2;2;2;2;1;3;4.516338972281476;8.370860206954506;0;0;0.02
0;0;1;1;61;1;2;0;2;2;2;2;0;2;1;1;2;4.387014176184921;8.480850732113407;0;0;0.01
0;0;0;0;52;0;1;0;2;2;2;0;2;2;2;1;0;4.09016919081162;8.019464757127501;0;0;0.04
0;0;1;1;35;1;2;0;2;2;0;0;0;0;0;1;1;4.101816577060802;7.6675793178063625;0;0;0.13
1;0;1;0;71;1;2;1;0;2;2;0;2;2;1;1;0;4.670021158307708;8.919071875988982;0;0;0.11
0;0;0;0;6;1;0;0;2;2;0;0;0;0;0;0;2;4.047427642434349;5.966403116512611;1;1;0.57
1;0;1;0;45;1;0;0;2;0;2;0;0;0;2;0;1;3.9945242269398897;7.7394680343809945;0;0;0.02
0;1;0;0;2;1;2;1;0;0;0;0;2;0;0;1;2;4.4607222816222185;5.238832719713145;1;1;0.96
0;0;0;0;4;1;0;0;0;2;0;0;2;2;0;1;0;4.243482700225814;5.569298247276406;1;1;0.72
1;0;0;0;2;0;1;0;0;0;0;0;0;0;0;0;3;3.2308043957334744;3.6750340472918834;0;0;0.26
1;0;0;0;4;1;0;1;0;0;0;0;2;0;0;0;2;4.367547313409047;5.704448919199361;1;1;0.75
1;0;0;0;51;1;2;0;2;0;0;2;0;0;1;0;1;4.109233174715851;8.021124808625153;0;0;0.01
1;0;1;1;60;1;2;2;1;1;1;1;1;1;1;0;1;3.2168738221975275;7.318141591409369;0;0;0.0
1;0;0;0;9;1;0;2;1;1;1;1;1;1;1;1;3;3.0516399054922867;5.104125637183595;0;0;0.01
1;0;0;0;3;1;2;1;0;2;2;0;2;2;0;1;0;4.666735541646246;5.781514823196553;1;1;0.81
1;0;0;0;17;1;2;1;0;0;2;2;0;2;0;1;0;4.57109620565434;7.403061091090091;0;0;0.05
0;0;0;0;8;1;2;1;0;0;0;0;2;0;0;1;2;4.4779048349422155;6.637389084295587;1;1;0.63
1;0;1;1;46;1;0;0;2;0;2;2;2;2;2;0;3;4.406719247264253;8.255139878598271;0;0;0.01
0;0;0;0;68;1;0;0;2;2;2;2;2;2;2;1;1;4.424247650107844;8.63898595513537;0;0;0.0
1;0;0;0;1;1;0;0;0;0;0;0;2;0;0;1;3;3.9982007016691985;3.9982007016691985;1;1;0.67
0;0;1;0;4;1;0;2;1;1;1;1;1;1;1;0;0;3.068052935133617;4.382651439442724;0;0;0.02
0;0;0;0;1;0;1;0;0;0;0;0;0;0;0;1;3;3.261935314328648;3.261935314328648;1;1;0.77
1;0;0;1;28;1;0;0;0;2;0;2;0;0;1;1;1;4.014579593753238;7.324885418620805;0;0;0.04
0;0;0;0;39;1;0;0;0;2;0;0;2;0;1;1;1;4.087655574071304;7.707736888455909;0;0;0.02
1;0;0;0;11;1;0;1;0;0;2;0;0;2;0;0;2;4.4520190064939165;6.790940524390302;0;0;0.37
0;0;1;0;71;0;1;0;0;2;2;2;2;2;2;1;1;4.133565275375382;8.36900635911107;0;0;0.0
1;0;0;1;2;1;0;2;1;1;1;1;1;1;0;0;3;3.0633909220278057;3.7819143200811256;0;0;0.0
1;1;1;0;30;1;0;1;0;2;2;0;0;0;0;1;3;4.390118804571218;7.7690194406690765;1;1;0.73
0;0;0;0;17;1;0;2;1;1;1;1;1;1;1;0;3;3.0516399054922867;5.871131387648096;0;0;0.0
0;0;1;0;55;1;2;1;0;2;2;0;2;0;0;1;1;4.558602550171757;8.531904448281932;0;0;0.16
0;0;0;0;58;1;2;1;2;0;0;0;0;0;0;1;0;4.39197696552705;8.41800249212582;0;0;0.06
0;0;0;0;5;1;0;0;2;0;0;2;0;0;0;0;2;4.01096295328305;5.734150011272598;1;1;0.8
0;1;0;0;1;1;0;2;1;1;1;1;1;1;0;1;2;3.017982882488811;3.017982882488811;1;1;0.73
1;1;0;0;9;1;2;1;0;0;0;0;0;0;0;1;2;4.318154558079471;6.521283647366507;0;0;0.31
1;0;0;0;26;1;0;0;0;0;0;2;0;0;0;0;0;3.9150185144079446;7.121494750221053;0;0;0.01
0;0;0;0;50;1;0;2;1;1;1;1;1;1;2;0;1;3.0155349008501706;6.932399109894897;0;0;0.01
0;0;1;0;72;1;2;1;2;2;2;2;2;2;2;1;0;4.741884009303914;9.0099057597553;0;0;0.0
0;0;0;1;43;1;0;1;2;2;0;2;2;2;1;1;1;4.672828834461906;8.419205430087825;0;0;0.06
1;0;0;0;56;1;2;2;1;1;1;1;1;1;2;1;0;3.2939832973550063;7.275899202024019;0;0;0.05
0;0;0;0;1;1;0;2;1;1;1;1;1;1;0;0;3;3.0007198150650303;3.0007198150650303;0;0;0.09333333333333334
1;0;1;1;72;1;2;1;0;2;2;0;2;2;2;1;2;4.648229675448539;8.905668113604712;1;1;0.68
1;0;1;0;72;1;2;1;2;2;0;2;0;2;2;1;0;4.620551288026394;8.89919859325925;0;0;0.03
1;0;1;0;36;1;2;1;0;0;0;0;2;2;0;1;2;4.5685062016165;8.153407310299562;0;0;0.23
1;0;0;0;5;1;0;0;0;0;2;2;2;2;0;0;0;4.332705079341171;5.975462189630476;0;0;0.17
0;0;0;0;13;1;2;1;0;2;2;0;0;0;0;1;2;4.4479314095616;6.965646757397915;1;1;0.94
0;1;0;0;44;1;0;1;0;2;2;0;0;2;1;0;1;4.501474949649326;8.291985010219811;0;0;0.14
0;1;1;1;70;1;2;1;0;2;2;2;2;2;1;1;2;4.690430029938915;8.91956685927668;0;0;0.09
1;0;0;0;44;1;0;2;1;1;1;1;1;1;1;0;1;3.0204248861443626;6.729226520426879;0;0;0.0
0;1;1;0;32;1;2;1;0;0;0;0;2;0;0;1;1;4.465333240800292;7.87458702235001;1;1;0.8
0;0;1;0;69;1;2;2;1;1;1;1;1;1;2;1;1;3.2561716096118976;7.449701591405918;0;0;0.03
0;1;0;0;16;1;0;0;0;0;0;2;2;0;0;0;2;4.100989104940769;6.932350325837517;1;1;0.73
1;1;1;1;68;1;0;2;1;1;1;1;1;1;1;0;0;3.0204248861443626;7.085524824408029;0;0;0.0
1;0;0;0;16;1;0;1;0;0;0;0;0;0;0;1;1;4.261975403606051;7.095478885065086;0;0;0.14
1;0;1;1;68;1;0;0;2;2;0;2;2;2;2;0;0;4.429029488269218;8.661717687848864;0;0;0.02
1;0;0;0;4;1;0;2;1;1;1;1;1;1;0;0;3;2.995732273553991;4.380775852772229;0;0;0.0
0;0;1;1;26;0;1;0;2;2;0;2;0;0;0;0;1;3.685122405236224;6.933569213875117;0;0;0.07
0;0;0;0;29;0;1;0;0;2;0;0;0;0;0;1;2;3.4531571205928664;6.75384623662486;1;1;0.82
1;0;0;1;5;1;0;2;1;1;1;1;1;1;0;0;1;3.0610517396746335;4.812184355372417;0;0;0.06
1;0;1;0;70;1;2;1;0;2;2;0;2;0;1;1;0;4.564348191467836;8.795415662587395;0;0;0.03
1;0;1;0;24;1;0;0;2;0;0;2;2;2;1;0;0;4.32280727501391;7.446526754398526;0;0;0.02
0;1;1;0;72;1;2;0;2;2;2;2;0;2;2;0;0;4.375127892982725;8.645278531179455;0;0;0.0
1;0;0;0;1;1;0;1;0;0;0;2;0;0;0;1;3;4.321480134805848;4.321480134805848;0;0;0.16
1;0;1;0;70;0;1;0;0;2;2;2;0;2;1;1;0;3.952204795060978;8.198680708571853;0;0;0.06
0;0;1;1;36;1;0;2;1;1;1;1;1;1;0;0;0;3.005682604407159;6.556636300614086;0;0;0.05
0;1;0;0;38;1;2;1;0;0;0;2;2;2;0;1;2;4.610655116218661;8.225570029731195;1;1;0.87
0;0;0;0;17;1;0;1;0;0;0;0;0;0;0;1;2;4.2626798770413155;7.04359650189355;1;1;0.75
0;0;1;1;41;1;2;1;0;2;2;2;2;2;1;1;0;4.701389043728634;8.401838455053209;0;0;0.13
0;0;0;0;1;1;0;0;0;0;0;0;0;0;0;1;2;3.835141961092188;3.835141961092188;1;1;0.94
1;0;0;0;2;0;1;0;0;0;0;2;0;0;0;0;0;3.4291367503513968;4.338597076746545;1;1;0.79
1;0;0;0;14;1;0;1;0;0;2;0;0;0;0;0;2;4.349632566862877;7.019788482657914;0;0;0.24
1;1;0;0;2;1;0;1;0;2;2;2;0;2;0;1;1;4.565389315976247;5.199877293734784;1;1;0.88
1;0;0;0;1;1;0;2;1;1;1;1;1;1;0;0;3;3.0349529867072724;3.0349529867072724;1;0;0.42166666666666663
1;0;1;1;13;1;2;0;0;2;2;2;2;0;0;1;2;4.301358731606427;6.8363129815277714;0;0;0.08
1;0;0;0;6;1;0;2;1;1;1;1;1;1;0;0;3;2.9932291433358724;4.710880640410205;0;0;0.02
0;0;0;0;4;1;0;1;0;2;0;0;0;0;0;1;0;4.3522115495946965;5.812935788552724;1;1;0.74
0;0;1;1;5;1;0;1;0;2;0;2;2;2;0;1;3;4.606669062111827;6.144292924507166;1;1;0.82
0;0;1;0;15;1;0;1;2;0;2;0;2;2;0;0;2;4.632298853376344;7.420818397688319;0;0;0.27
0;0;0;0;47;1;0;1;2;0;0;0;0;0;0;0;1;4.336636932375072;8.17360368702614;0;0;0.13
0;0;0;0;8;1;0;0;0;0;2;2;0;2;0;0;3;4.175924549214524;6.224657434275193;0;0;0.1
1;0;0;0;17;0;1;0;0;0;0;0;0;0;0;1;3;3.2827891506118534;6.089498287379348;0;0;0.06
1;0;1;1;15;1;0;1;2;0;0;0;0;0;0;0;3;4.33204826486764;7.049732157877687;0;0;0.2
0;0;0;0;26;1;0;1;2;0;2;2;0;2;1;1;0;4.573163389853005;7.814540980841987;0;0;0.12
0;0;0;0;23;1;2;0;2;0;0;0;0;0;0;0;2;4.014579593753238;7.131098810299013;0;0;0.09
0;1;0;0;4;1;0;1;0;2;0;0;0;0;0;0;2;4.300680995219929;5.7644070964726355;0;0;0.22
1;0;0;1;29;1;0;2;1;1;1;1;1;1;1;0;3;3.0373539482448106;6.2842274403022484;0;0;0.0
0;0;0;0;25;1;0;2;1;1;1;1;1;1;0;0;3;2.998229153752578;6.1362140309941795;0;0;0.0
1;0;0;0;9;1;0;0;0;0;0;0;0;0;0;0;3;3.827553848801696;6.068425588244111;1;1;0.71
1;0;1;0;18;1;0;0;0;0;2;0;0;0;0;1;3;3.9229629454664803;6.779182998182373;1;0;0.17
1;1;0;0;3;1;2;1;0;0;0;0;2;2;0;1;2;4.562784469491653;5.819340815290474;0;1;0.95
0;0;1;1;69;0;1;0;2;2;2;2;0;0;2;0;0;3.855452653939752;8.046357215866406;0;0;0.02
1;0;0;0;14;1;0;2;1;1;1;1;1;1;1;0;3;3.013080911888604;5.786283696167945;0;0;0.0
1;0;0;0;19;1;2;0;0;0;0;0;2;2;0;0;3;4.257030144499196;7.241043881786327;0;0;0.15
1;1;0;0;39;1;2;1;0;2;0;0;0;2;0;0;2;4.51852237926242;8.135713128558534;0;0;0.17
1;0;0;0;31;1;0;1;0;2;2;0;2;2;0;1;2;4.628886712605407;8.053457875183252;0;0;0.12
1;0;1;1;24;1;0;2;1;1;1;1;1;1;1;0;3;3.056356895370426;6.08847782127798;0;0;0.0
1;0;1;0;14;1;0;0;0;0;0;2;0;0;0;0;0;3.9080149840306073;6.500388363584376;0;0;0.07
0;0;1;0;64;1;0;0;2;2;2;2;0;2;2;1;3;4.3221439250725044;8.468118486769002;0;0;0.05
0;0;0;0;50;1;0;2;1;1;1;1;1;1;1;1;3;3.013080911888604;6.9411900550683745;0;0;0.01
1;0;1;1;52;1;0;0;0;2;2;2;2;0;1;1;2;4.244917420701475;8.15589328308458;0;0;0.01
1;0;0;0;28;1;2;1;0;2;0;0;2;2;1;0;2;4.617098756853365;7.897091990724349;0;0;0.2
0;0;0;0;21;1;0;2;1;1;1;1;1;1;2;1;1;3.084200921541599;6.078215473516637;0;0;0.01
1;0;0;1;25;1;0;1;0;2;0;0;2;2;0;1;2;4.5736795188967205;7.803741257515928;1;0;0.36
0;0;1;0;17;1;0;2;1;1;1;1;1;1;1;0;3;3.013080911888604;5.730099782973574;0;0;0.0
1;0;1;0;58;0;1;0;0;0;0;0;2;2;1;1;1;3.828641396489095;7.8974265756562785;0;0;0.06
1;1;1;0;17;1;0;1;0;0;0;0;0;2;0;0;0;4.412798293340635;7.193084585850321;1;1;0.83
0;0;1;0;51;1;2;2;1;1;1;1;1;1;2;0;3;3.2771447329921766;7.156371626269378;0;0;0.0
1;0;1;1;72;0;1;0;2;0;2;2;2;0;2;0;3;3.910021002757473;8.168486417126681;0;0;0.03
1;0;1;0;52;1;0;1;2;0;0;0;2;0;0;0;2;4.443827035579329;8.377850661075554;1;1;0.79
0;0;0;0;27;1;0;2;1;1;1;1;1;1;2;1;3;3.0252910757955354;6.331768718195769;0;0;0.0
0;0;0;0;3;1;0;2;1;1;1;1;1;1;0;0;3;3.044522437723423;4.168214410788556;0;0;0.12
0;0;1;0;64;1;2;0;2;2;2;2;0;2;2;1;3;4.410371107683024;8.542919415987118;0;0;0.0
0;0;1;0;45;1;0;1;0;0;0;2;2;2;2;1;1;4.566429357671661;8.363295812838842;0;0;0.04
1;1;1;0;3;0;1;0;0;0;0;0;2;0;0;1;3;3.6230067099632284;4.550714000192032;1;1;0.93
0;0;1;0;71;1;2;0;0;2;2;2;2;2;2;1;1;4.4343818650078095;8.681944627016728;0;0;0.0
0;1;0;0;1;0;1;0;0;0;0;0;0;0;0;0;3;3.260017768199376;3.260017768199376;1;1;0.94
0;0;1;1;58;1;0;2;1;1;1;1;1;1;2;0;1;3.0587070727153796;7.057682767965088;0;0;0.0
1;0;1;1;34;1;0;1;0;2;2;0;2;0;0;1;2;4.50920979484218;8.03681594174294;0;0;0.11
0;0;0;0;8;1;0;0;2;0;0;0;0;0;0;1;2;3.928880122494569;5.904134937669595;1;1;0.73
0;0;1;1;15;1;0;2;1;1;1;1;1;1;0;0;3;3.0349529867072724;5.612945607984424;0;0;0.01
1;0;1;1;66;0;1;0;0;0;2;2;2;2;2;0;0;4.019082077721554;8.197814032221203;0;0;0.01
1;1;0;0;12;0;1;0;0;2;0;0;0;0;0;1;1;3.4127965175055075;5.945944031806173;0;0;0.08
1;0;0;0;58;1;0;2;1;1;1;1;1;1;2;1;0;3.0032042883926917;6.943604931875834;0;0;0.04
0;0;1;1;3;1;0;2;1;1;1;1;1;1;2;0;3;3.0007198150650303;3.970291913552122;0;0;0.01
0;1;1;0;43;0;1;0;0;2;2;0;2;2;0;0;1;4.03512520256213;7.759272795513524;1;1;0.74
0;0;0;0;9;1;0;1;0;2;2;0;0;0;0;0;2;4.401216329067023;6.484482552224008;0;0;0.19
0;0;0;0;3;1;0;2;1;1;1;1;1;1;1;0;3;3.056356895370426;4.279440045898781;0;0;0.0
0;0;1;1;22;1;0;0;0;2;0;0;2;2;1;1;0;4.255612709818223;7.312686911484158;1;0;0.09
1;0;1;0;40;1;2;1;0;2;2;0;2;2;1;1;0;4.672828834461906;8.337982789955662;0;0;0.15
0;0;0;0;68;1;2;2;1;1;1;1;1;1;2;0;0;3.2771447329921766;7.508129059389727;0;0;0.0
1;0;1;0;54;1;2;1;0;2;2;0;2;2;0;1;2;4.6568134191399295;8.571520378892371;1;1;0.73
0;0;0;0;50;1;2;0;0;2;0;2;2;2;2;1;3;4.389498649512583;8.300329878059179;0;0;0.02
1;0;0;0;1;1;0;0;0;0;0;0;0;2;0;1;2;4.029806041084529;4.029806041084529;0;0;0.3
0;0;1;0;72;1;2;0;2;2;2;2;2;2;2;0;0;4.489198009735671;8.782905690439021;0;0;0.0
1;0;0;1;40;1;0;2;1;1;1;1;1;1;1;1;0;3.0633909220278057;6.752153546887564;0;0;0.01
0;0;1;1;72;1;2;1;2;2;2;2;2;2;2;1;0;4.775756486563625;9.025202854082744;0;0;0.06
0;0;0;0;6;1;0;2;1;1;1;1;1;1;0;0;3;3.044522437723423;4.702296896718814;0;0;0.13
0;0;0;0;5;1;0;2;1;1;1;1;1;1;0;1;1;3.027715319407042;4.5331369830882595;0;0;0.1
1;0;1;0;48;1;2;0;0;2;2;0;0;2;1;1;1;4.27039650600246;8.137834330392552;0;0;0.03
0;0;0;0;1;1;2;1;0;0;0;0;2;2;0;1;2;4.552296696381023;4.552296696381023;1;1;1.0
0;0;1;1;64;1;0;0;2;0;0;2;2;0;1;0;3;4.2017030805426;8.31115254800169;0;0;0.0
0;0;0;0;17;1;0;2;1;1;1;1;1;1;1;0;1;3.0469005601283903;5.825705078613006;0;0;0.0
1;0;1;0;40;1;0;1;0;2;2;0;0;0;0;1;2;4.394449154672439;8.061407999408058;0;0;0.16
0;0;1;1;41;0;1;0;2;0;2;0;0;0;1;0;1;3.594568774642695;7.253753428256754;0;0;0.09
1;1;0;0;51;1;2;1;0;2;0;0;0;0;1;1;0;4.389498649512583;8.287956112213468;0;0;0.03
1;0;1;0;41;1;2;1;0;2;0;0;0;0;0;1;2;4.3975308212098465;8.143226750367445;0;0;0.1
0;0;1;1;1;1;0;0;0;0;2;0;0;0;0;0;3;3.9406104622800586;3.9406104622800586;1;1;0.69
0;0;0;0;2;1;0;2;1;1;1;1;1;1;0;1;3;3.065724645374026;3.7716108517114013;0;0;0.02
1;0;0;0;68;1;0;1;0;2;2;0;0;0;1;0;1;4.389498649512583;8.605652686043875;0;0;0.04
0;0;1;1;24;1;2;2;1;1;1;1;1;1;2;0;3;3.246490991901174;6.350449321333605;0;0;0.0
1;0;1;0;70;1;2;0;2;0;2;2;0;2;2;0;1;4.360547602996758;8.61235790609557;0;0;0.0
1;0;0;0;3;0;1;0;0;0;0;2;0;0;0;1;2;3.4258899942525267;4.583435693842085;0;0;0.29
1;0;0;0;2;1;0;0;0;0;0;0;0;0;0;0;0;3.8264651170664994;4.718945200246936;0;1;0.61
1;0;1;0;3;0;1;0;0;2;0;0;0;0;0;0;1;3.427514689979529;4.558078578454241;0;0;0.18
0;0;0;0;7;1;2;0;0;0;0;2;2;2;0;1;2;4.326117440234365;6.257859140416507;1;1;0.79
0;0;0;0;13;1;0;0;2;0;0;0;2;2;0;1;2;4.289774274968795;6.829631562200558;0;0;0.15
1;0;0;0;7;1;0;2;1;1;1;1;1;1;0;0;3;3.079613757534693;4.956531035103055;0;0;0.11
1;0;1;1;12;1;0;0;0;0;0;0;2;0;0;1;3;4.048300623720694;6.445164109451856;0;0;0.05
1;0;1;1;53;1;2;1;0;2;2;0;2;2;1;1;2;4.665794807804526;8.626460067304281;0;0;0.07
0;0;0;0;12;1;2;1;0;0;0;0;2;2;0;1;2;4.55597994179732;6.953779717293417;1;1;0.9
1;0;1;1;63;1;0;2;1;1;1;1;1;1;2;0;3;3.022860940942244;7.12817512437475;0;0;0.0
0;0;0;0;15;1;0;0;2;2;2;2;2;2;0;0;3;4.4479314095616;7.161505626889247;0;0;0.11
1;0;1;1;36;1;0;0;2;2;0;0;0;0;1;0;3;4.000949214622548;7.570623648156153;0;0;0.01
1;1;1;0;4;0;1;0;0;0;2;0;0;0;0;1;2;3.4307561839036995;4.781222129768451;0;1;0.86
0;0;1;1;24;1;0;2;1;1;1;1;1;1;2;0;3;3.0301337002713233;6.117105517060953;0;0;0.0
0;0;0;0;61;0;1;0;2;2;2;2;0;0;1;0;1;3.7999735016195233;7.900099232641693;0;0;0.01
1;0;0;0;16;1;2;0;0;2;0;0;0;0;0;0;2;4.030694535145645;6.775765554519185;0;0;0.09
1;0;1;1;65;1;0;2;1;1;1;1;1;1;2;1;1;3.0373539482448106;7.1452355663964;0;0;0.0
0;0;1;1;26;1;0;2;1;1;1;1;1;1;2;0;1;3.027715319407042;6.206374293495088;0;0;0.0
1;0;0;0;16;1;0;0;0;0;0;2;0;0;0;1;3;3.920982746799618;6.684611727667927;0;0;0.43
0;0;1;0;54;1;2;1;2;2;0;0;2;2;1;0;0;4.677955855713739;8.659439002954457;1;0;0.24
1;0;0;0;1;1;0;2;1;1;1;1;1;1;0;0;3;3.0492730404820207;3.0492730404820207;1;1;0.83
1;0;0;1;5;1;0;2;1;1;1;1;1;1;2;0;3;3.065724645374026;4.681204872264089;0;0;0.01
0;0;0;0;19;0;1;0;0;2;0;0;0;2;0;1;2;3.7062280924485496;6.5667427508187055;0;0;0.39
1;0;0;0;10;1;2;0;2;0;0;0;0;0;0;1;1;4.0163830207523885;6.344231866215697;0;0;0.11
0;0;1;1;23;1;0;1;0;2;2;2;0;0;0;0;2;4.440295542797857;7.550266843573502;1;1;0.71
1;0;0;0;3;1;0;0;0;0;0;0;2;0;0;0;3;4.0280266811844525;5.076110876055167;1;1;0.69
0;0;0;0;72;1;2;1;0;2;2;2;2;2;2;1;0;4.72384171570559;8.988914095301467;0;0;0.0
1;1;1;0;10;1;2;1;0;0;0;0;0;2;0;1;2;4.473351611367243;6.754196090855834;1;1;0.95
0;0;1;1;10;1;0;0;0;2;2;0;0;0;0;1;3;4.03512520256213;6.314091376907141;0;0;0.07
1;0;1;0;11;1;0;2;1;1;1;1;1;1;1;1;3;3.070375816549757;5.225477820371079;0;0;0.01
0;1;0;0;37;1;2;1;2;2;0;0;2;2;0;1;0;4.6798137289838575;8.30838391178518;1;0;0.27
1;0;1;1;17;1;2;0;2;0;0;2;0;0;1;1;3;4.144720769547168;7.000926809869932;0;0;0.03
0;0;1;1;36;1;2;1;2;0;2;0;2;2;0;1;1;4.658710952916121;8.21228357329783;0;0;0.16
1;1;0;0;17;1;0;1;0;2;2;0;2;2;0;1;2;4.632785353021065;7.469340554773917;0;0;0.25
0;1;1;1;66;1;2;1;2;2;0;2;2;2;1;1;1;4.71492104994721;8.883480785438028;0;0;0.07
1;0;1;1;61;1;0;0;2;2;2;2;2;2;1;0;0;4.45318382899021;8.568931386820651;0;0;0.04
1;0;0;0;22;1;0;1;0;2;0;0;2;2;0;1;3;4.545420181582317;7.677076153764925;0;0;0.27
1;0;0;0;1;0;1;0;0;0;0;0;0;0;0;1;2;3.2347491740244907;3.2347491740244907;0;0;0.37
0;0;0;0;6;1;0;1;0;0;0;0;0;0;0;0;1;4.27039650600246;6.075231081953549;0;0;0.15
1;0;0;0;31;1;0;1;0;2;0;2;0;0;0;1;2;4.375127892982725;7.798174203288721;1;1;0.75
0;0;1;1;68;1;0;0;2;2;2;2;2;2;2;1;1;4.454347296253507;8.632083157290193;0;0;0.0
0;0;1;1;34;1;2;1;0;0;2;0;2;0;0;0;2;4.482437420605795;7.963860125783483;1;1;0.75
0;0;1;1;52;1;0;1;0;2;2;2;0;0;0;0;0;4.463606621666305;8.397125046886137;0;0;0.03
0;0;0;1;10;1;0;1;0;0;2;2;2;0;0;1;2;4.522874943261261;6.872490729881826;0;0;0.16
1;0;1;1;29;1;0;1;0;0;0;0;0;0;0;1;2;4.273187854639731;7.588728658610374;1;1;0.84
0;0;1;1;72;1;0;2;1;1;1;1;1;1;2;0;0;3.0492730404820207;7.2874580358668615;0;0;0.0
1;0;1;1;47;1;0;2;1;1;1;1;1;1;1;0;3;3.0469005601283903;6.859142599061444;0;0;0.0
1;0;1;1;24;1;2;0;2;0;0;0;2;2;1;0;3;4.328098292648326;7.507799841279758;0;0;0.03
1;0;0;0;65;1;2;2;1;1;1;1;1;1;1;0;1;3.250374491927572;7.378976916154964;0;0;0.02
0;0;0;0;4;1;2;1;0;0;0;2;2;2;0;1;3;4.623501142672815;5.992089351876824;0;0;0.3
1;1;1;0;12;1;2;1;0;2;0;0;2;2;0;1;2;4.628398312107299;7.106237217225485;1;1;0.92
1;0;0;0;1;1;2;1;2;0;0;0;0;0;0;1;2;4.415219602029645;4.415219602029645;1;1;0.86
1;0;0;0;33;1;0;1;0;0;0;0;0;0;0;0;2;4.237723145067448;7.683472739442721;1;1;0.75
0;0;0;0;34;1;0;1;0;2;2;2;2;2;0;1;2;4.664382045619937;8.198584448283961;0;0;0.11
0;0;1;0;14;1;0;2;1;1;1;1;1;1;2;0;3;3.0633909220278057;5.681536865708881;0;0;0.0
0;0;0;0;4;1;0;1;0;0;0;0;0;2;0;1;2;4.383899879055562;5.762837237437516;1;1;0.96
1;0;1;1;13;1;0;2;1;1;1;1;1;1;1;0;3;3.044522437723423;5.391579997007726;0;0;0.01
0;0;1;1;65;1;2;0;0;2;0;2;2;2;2;1;0;4.387014176184921;8.531667925170549;0;0;0.02
1;0;1;1;23;1;0;0;2;0;0;2;0;0;1;0;1;4.063885354737392;7.2614708482882175;0;0;0.01
1;0;1;0;55;1;0;0;2;2;2;0;0;0;2;0;2;4.087655574071304;8.029302538932743;0;0;0.01
1;0;1;0;49;1;0;1;0;2;0;0;2;2;2;1;2;4.562262684976814;8.453539611935604;0;0;0.1
1;0;1;0;60;1;2;1;0;2;2;0;2;2;1;0;0;4.639571612705423;8.725604757969933;0;0;0.06
0;0;1;1;69;1;0;2;1;1;1;1;1;1;1;1;1;3.0610517396746335;7.274929907801973;0;0;0.0
1;0;0;0;40;1;2;1;0;0;0;0;2;0;0;1;2;4.45318382899021;8.122682860031595;0;0;0.2
1;0;1;0;67;1;0;0;2;2;0;2;0;2;2;1;1;4.251348311031766;8.449481641543167;0;0;0.01
1;1;0;0;35;1;2;1;0;0;0;0;2;2;0;1;2;4.569024739351738;8.153364146384588;1;1;0.69
1;0;1;1;19;1;2;1;0;0;0;2;2;2;1;1;2;4.624482497020464;7.537190263570481;1;0;0.48
0;0;1;1;13;1;0;2;1;1;1;1;1;1;2;0;3;3.084200921541599;5.610753025341008;0;0;0.0
0;0;0;1;41;1;2;1;0;2;0;0;2;0;0;1;0;4.4942386252808095;8.201399668803381;0;0;0.13
0;0;0;0;4;0;1;0;2;0;2;0;0;0;0;0;3;3.58351893845611;4.91815444130209;0;0;0.33
0;0;1;1;24;1;0;0;2;0;0;2;0;0;0;0;2;4.0280266811844525;7.186030747734346;0;0;0.09
0;0;0;0;5;0;1;0;0;2;0;0;2;2;0;1;1;3.9502817175452365;5.439816928821736;0;0;0.15
0;0;0;0;5;1;2;0;0;2;0;0;0;2;0;1;2;4.174387269895637;5.9168756901169095;0;0;0.13
0;0;1;1;1;1;0;1;0;0;0;0;0;0;0;1;3;4.249922794040544;4.249922794040544;1;1;0.99
0;0;1;1;72;1;2;0;2;2;2;2;2;0;2;0;0;4.396915247167632;8.650884571242125;0;0;0.01
0;0;0;0;24;1;0;0;0;0;2;0;0;0;0;1;1;3.9180050771056933;7.118218777138972;0;0;0.06
0;0;1;0;42;1;2;0;2;0;2;2;2;2;2;0;1;4.4467604492404496;8.181048901014783;0;0;0.07
0;0;0;0;4;1;0;2;1;1;1;1;1;1;0;0;3;3.0469005601283903;4.4343818650078095;0;0;0.06
1;0;0;0;68;1;2;1;2;2;2;2;2;2;1;1;1;4.772378104971998;8.99180493696654;0;0;0.47
0;0;1;1;33;1;0;2;1;1;1;1;1;1;1;0;3;3.0492730404820207;6.363717521010033;0;0;0.0
0;1;0;0;1;1;0;1;0;0;0;0;0;0;0;1;2;4.257030144499196;4.257030144499196;1;1;1.0
1;0;0;0;31;1;2;1;0;2;2;0;2;2;1;1;2;4.648708488002574;8.02860187653372;1;1;0.69
0;0;0;0;4;1;2;1;0;2;0;0;0;0;0;0;0;4.3688147407016515;5.725380874208697;1;1;0.84
1;1;1;0;69;1;2;1;0;2;2;2;2;2;2;1;2;4.709079649378603;8.940530961059032;0;0;0.08
1;1;0;0;38;1;2;1;0;0;0;0;2;2;0;0;2;4.561740628060756;8.203577736937952;0;0;0.25
0;0;1;1;3;1;0;1;0;2;0;2;0;0;0;1;2;4.394449154672439;5.49017662782248;0;0;0.34
0;0;1;1;48;1;2;0;0;2;0;2;2;2;2;0;2;4.390118804571218;8.2613456469289;0;0;0.01
0;0;1;0;15;1;2;2;1;1;1;1;1;1;2;0;3;3.265759410767051;5.963322241161702;0;0;0.02
0;0;0;0;25;1;0;2;1;1;1;1;1;1;1;0;1;3.039749158970765;6.270042805310292;0;0;0.0
0;1;0;0;1;1;0;1;0;0;0;0;2;0;0;0;2;4.375127892982725;4.375127892982725;1;1;0.99
0;0;0;0;48;0;1;0;2;2;0;0;2;0;0;1;2;3.824284091120139;7.652331994648445;0;0;0.29
1;0;0;0;1;1;0;2;1;1;1;1;1;1;0;0;3;3.0587070727153796;3.0587070727153796;0;0;0.01125
1;0;0;0;1;1;0;2;1;1;1;1;1;1;0;0;2;3.005682604407159;3.005682604407159;0;0;0.03
0;0;0;0;37;1;0;1;0;2;2;0;0;0;1;0;2;4.395066248181685;8.013045222403488;0;0;0.03
1;1;1;0;66;1;2;1;0;2;2;2;2;2;1;1;0;4.685366727982368;8.861201248001143;0;0;0.15
0;0;1;0;26;0;1;0;2;2;2;0;2;0;1;0;0;3.888754378488792;7.082968296538797;0;0;0.04
1;0;1;0;63;1;0;0;2;2;0;2;2;0;1;0;1;4.273884476054178;8.400614430330057;0;0;0.02
1;0;0;0;10;0;1;0;0;0;2;0;0;0;0;0;3;3.417726683613366;5.546153530452618;1;1;0.75
0;0;0;0;2;1;0;0;2;0;0;0;2;2;0;1;2;4.273187854639731;4.996536369716754;1;1;0.81
1;1;1;0;18;1;0;0;2;0;0;0;0;2;0;1;1;4.096009841541162;6.919733255741544;0;0;0.05
0;0;1;0;64;1;2;2;1;1;1;1;1;1;2;0;3;3.279029747687948;7.447722142094264;0;0;0.0
0;1;0;0;9;1;2;1;0;0;0;0;0;2;0;1;2;4.4479314095616;6.637913124658687;1;1;0.96
0;0;0;1;28;1;0;2;1;1;1;1;1;1;0;0;3;3.056356895370426;6.2847869330434385;0;0;0.02
0;0;0;0;1;1;0;1;0;0;2;0;0;0;0;0;2;4.337944122103693;4.337944122103693;0;0;0.26
1;0;0;0;4;1;2;1;0;0;0;0;0;2;0;1;2;4.4618770161616155;5.828651456702071;1;1;0.96
1;1;0;0;38;1;0;0;0;2;2;2;2;0;1;1;1;4.264790324535862;7.823385792960413;1;1;0.64
1;0;1;0;66;1;2;1;0;2;2;0;0;2;1;0;2;4.56746831880408;8.744233141898457;0;0;0.29
0;0;0;0;1;1;0;1;0;0;0;0;0;0;0;1;2;4.26619481914876;4.26619481914876;0;1;0.93
0;0;1;0;18;1;0;0;0;0;0;2;0;0;0;1;3;3.937690752176724;6.8131698364922695;0;0;0.07
1;1;0;0;51;1;2;1;0;0;2;0;2;2;0;1;2;4.593097604753822;8.499904601278695;1;1;0.89
1;0;0;0;1;1;0;0;0;0;0;0;0;0;0;0;3;3.856510295497887;3.856510295497887;1;1;0.82
1;0;0;1;12;1;0;2;1;1;1;1;1;1;2;0;0;3.013080911888604;5.362699625477305;0;0;0.04
0;0;0;0;41;1;2;1;0;2;2;0;2;2;0;1;2;4.675628649636653;8.399411405759073;1;1;0.84
1;0;0;0;12;1;2;2;1;1;1;1;1;1;0;0;2;3.258096538021482;5.7595324897606925;0;0;0.05
0;0;1;1;55;1;0;2;1;1;1;1;1;1;2;0;3;3.0587070727153796;6.984762615342921;0;0;0.0
0;0;0;0;7;1;2;1;0;0;0;0;0;0;0;1;2;4.335328031664641;6.337975512372476;0;0;0.24
0;0;0;0;12;1;0;1;0;0;2;2;0;2;0;1;2;4.504244267398131;7.000015357407435;1;1;0.77
0;0;1;1;68;1;2;0;2;2;2;2;2;2;2;0;1;4.48863636973214;8.726302724966574;0;0;0.0
0;1;0;0;5;1;2;1;0;0;0;0;2;0;0;1;1;4.432600920636815;6.102670445181327;1;1;0.88
0;1;0;0;49;1;0;0;0;0;0;0;0;0;0;0;3;3.8022081394209395;7.653044143945029;0;0;0.13
1;0;0;0;40;0;1;0;2;2;2;0;2;2;1;0;1;4.143928062410929;7.829053452666831;0;0;0.04
0;0;0;0;16;1;0;2;1;1;1;1;1;1;1;0;0;3.0492730404820207;5.7670702138921195;0;0;0.02
1;0;0;0;10;1;2;1;0;0;0;0;0;0;0;1;3;4.319486116198983;6.700485076824218;1;1;0.79
0;0;1;0;72;1;2;1;0;2;2;0;2;2;1;1;2;4.628398312107299;8.898932386196364;0;0;0.05
0;1;0;0;2;1;2;1;0;0;0;0;0;2;0;1;2;4.44323931884187;5.231375960794155;0;0;0.41
1;0;1;1;23;1;0;2;1;1;1;1;1;1;2;0;3;3.086486636822455;6.12029741895095;0;0;0.0
0;1;0;0;71;1;2;1;0;2;2;0;2;2;1;1;2;4.671893818030999;8.925713627253408;0;0;0.04
0;0;1;0;11;1;2;1;0;0;2;0;2;2;0;1;2;4.61015772749913;6.964088352322298;1;1;0.99
1;0;0;0;1;1;0;0;0;0;0;0;0;0;0;1;3;3.8099902798629945;3.8099902798629945;1;0;0.17
0;0;0;0;16;1;0;0;0;2;0;2;0;0;0;1;3;4.005513348515485;6.727611349435956;1;1;0.68
0;0;0;0;1;1;2;1;0;0;0;0;0;2;0;1;3;4.4595662121293;4.4595662121293;1;1;0.95
1;0;1;0;12;1;0;1;0;2;0;0;0;2;0;1;1;4.454928522657548;6.908554959152701;0;0;0.16
0;0;0;0;54;0;1;0;2;0;0;2;0;2;1;0;0;3.8088822465086327;7.770940549169187;0;0;0.02
0;0;1;0;68;1;2;1;0;2;2;2;0;0;2;0;1;4.513054897080286;8.748090603702874;0;0;0.01
0;0;1;1;4;1;2;0;0;0;0;0;0;0;0;0;3;3.948354934675536;5.482927968145463;1;1;0.72
0;0;0;1;1;1;0;0;0;0;2;0;0;2;0;0;2;4.097672352314776;4.097672352314776;1;0;0.47
1;0;0;0;27;1;0;0;2;0;0;2;0;0;0;0;3;3.9972828493789696;7.287868390487399;0;0;0.06
1;0;0;0;21;1;0;2;1;1;1;1;1;1;0;1;3;3.0421386463681466;6.0340449946431;0;0;0.01
1;0;0;0;13;1;0;1;0;0;2;0;2;0;0;1;2;4.4331949212482815;6.967532483017997;1;1;0.74
0;1;0;0;64;1;2;0;0;2;2;2;0;2;0;0;1;4.326117440234365;8.490921082077374;0;0;0.1
0;0;0;0;1;1;0;0;2;2;0;0;0;0;0;1;2;4.023564380161053;4.023564380161053;1;0;0.46
1;0;1;0;57;0;1;0;0;2;2;2;2;2;2;1;0;4.069026754237811;8.091612106923195;0;0;0.0
0;0;1;0;21;1;2;1;2;0;2;0;2;2;0;1;2;4.653007515402251;7.720993939799903;1;1;0.87
1;0;0;0;19;1;0;2;1;1;1;1;1;1;2;0;3;3.027715319407042;5.88374012852081;0;0;0.0
1;0;1;0;31;1;0;1;0;0;2;0;2;2;1;1;2;4.551769409260976;7.986436932161368;0;0;0.24
1;0;0;0;52;1;2;0;2;2;2;2;2;2;2;1;3;4.502583597212991;8.445353414193193;0;0;0.02
0;0;0;0;46;1;2;1;0;2;2;0;0;2;1;1;2;4.555454593742159;8.391505244109847;0;0;0.13
0;1;0;0;11;1;2;0;2;0;0;0;0;0;0;1;2;4.036008985209137;6.366126746061101;0;0;0.12
0;0;1;1;53;0;1;0;2;2;2;0;0;2;0;1;0;3.906004933102583;7.822524854484353;0;0;0.07
0;0;1;1;11;1;0;2;1;1;1;1;1;1;0;1;3;3.0081547935525483;5.200153117760806;1;0;0.13
1;1;0;0;57;1;2;1;0;2;0;2;2;2;0;1;0;4.662495252607361;8.685238323291383;0;0;0.34
0;1;0;0;2;1;2;1;0;0;0;0;0;0;0;1;3;4.336636932375072;5.071416766356115;1;1;0.96
0;1;0;0;2;1;0;0;2;2;0;0;0;0;0;0;3;4.02266952551521;4.65586330030361;1;1;0.79
0;0;1;1;71;1;0;2;1;1;1;1;1;1;2;0;0;3.039749158970765;7.237310792989951;0;0;0.0
0;0;1;1;1;1;0;2;1;1;1;1;1;1;0;1;3;3.0155349008501706;3.0155349008501706;0;0;0.14
1;0;1;0;68;1;2;2;1;1;1;1;1;1;2;0;1;3.260017768199376;7.396457985660357;0;0;0.0
1;0;1;0;72;1;0;0;2;2;2;2;2;2;2;0;3;4.4479314095616;8.705181992336072;0;0;0.0
0;0;0;0;2;1;0;2;1;1;1;1;1;1;0;0;3;3.0106208860477417;3.8155121050473024;0;0;0.01
1;1;1;0;1;1;2;1;0;0;0;0;2;2;0;1;2;4.565389315976247;4.565389315976247;1;1;0.97
0;0;0;0;41;1;0;0;2;0;2;2;2;2;1;1;0;4.392595586023115;8.108247031471418;0;0;0.01
1;0;1;1;72;1;2;2;1;1;1;1;1;1;2;0;1;3.279029747687948;7.53299828092821;0;0;0.0
1;0;1;0;6;1;2;1;0;0;0;0;0;0;0;1;2;4.33729074083249;6.0844994130751715;1;1;0.86
0;0;1;1;4;1;0;1;0;0;2;0;0;0;0;1;2;4.314149212270796;5.788276797632642;1;1;0.83
1;0;0;0;12;1;2;1;0;0;0;0;2;2;0;1;2;4.57522630961502;7.046734306263588;1;1;0.9
0;0;1;0;58;1;2;0;2;0;0;2;0;2;1;1;2;4.239886867512759;8.287339678576929;0;0;0.06
0;0;0;0;7;1;0;2;1;1;1;1;1;1;0;0;3;3.075005454448499;5.055608659738987;0;0;0.22
0;0;1;0;65;1;0;0;2;0;2;0;0;0;0;1;3;4.0280266811844525;8.20907709237769;0;0;0.03
1;0;0;0;1;1;0;1;0;0;0;0;0;0;0;1;3;4.2710950739666;4.2710950739666;0;0;0.37
1;0;1;0;56;1;0;2;1;1;1;1;1;1;1;0;1;3.0421386463681466;7.027979776288506;0;0;0.0
1;0;0;0;4;1;0;2;1;1;1;1;1;1;0;0;3;2.995732273553991;4.310127759130018;0;0;0.02
0;0;1;1;58;1;0;0;0;0;0;0;0;0;1;1;3;3.8088822465086327;7.789061113953332;0;0;0.05
1;0;1;0;62;1;2;1;0;0;2;2;2;2;2;1;0;4.687671407499835;8.84126022931745;0;0;0.12
1;0;0;0;26;1;2;0;2;2;0;0;0;0;1;0;2;4.13596623691292;7.367045473785209;0;0;0.02
1;0;0;0;62;1;2;1;2;2;2;0;0;0;0;0;0;4.51852237926242;8.628278290335924;0;0;0.04
0;0;1;1;58;1;0;1;2;2;0;0;2;2;1;0;1;4.6076670661866785;8.673795150117357;0;0;0.07
0;0;1;0;68;1;2;0;2;2;2;2;2;2;2;1;2;4.529368472571809;8.768060853245206;0;0;0.0
0;0;1;1;61;1;2;1;2;2;2;0;0;2;1;1;1;4.622027303054514;8.702784397077815;0;0;0.13
0;0;0;0;42;1;2;0;0;0;2;2;2;2;2;1;1;4.375127892982725;8.12397280972451;0;0;0.0
1;0;0;0;18;1;2;1;0;0;0;0;2;0;0;0;0;4.446174454497633;7.338823154469806;0;0;0.43
0;0;0;0;56;1;0;2;1;1;1;1;1;1;2;1;0;3.022860940942244;6.98615047640951;0;0;0.02
0;0;0;0;4;1;2;1;0;2;0;0;0;2;0;1;2;4.499253960396542;5.875492370855561;1;1;0.91
0;0;0;0;4;1;0;2;1;1;1;1;1;1;0;0;1;3.065724645374026;4.429029488269218;0;0;0.04
0;0;0;1;35;1;0;0;2;2;0;0;0;0;1;0;1;4.036008985209137;7.6095896166895365;0;0;0.0
0;0;1;1;64;1;2;1;2;0;0;2;0;0;0;1;0;4.475061500641071;8.580778133041347;0;0;0.15
0;0;0;0;31;1;0;2;1;1;1;1;1;1;1;0;3;3.08876713952118;6.5283233479207885;0;0;0.0
0;1;1;0;67;1;0;2;1;1;1;1;1;1;2;1;0;3.0469005601283903;7.142076130886472;0;0;0.0
0;0;0;0;4;1;0;0;0;2;0;0;0;0;0;0;1;3.9454577815143836;5.025852259901116;1;0;0.42
0;1;1;0;70;1;2;1;2;2;2;2;2;2;2;1;2;4.741884009303914;8.951006012706504;0;0;0.09
1;0;0;0;3;1;0;0;0;0;0;0;2;0;0;0;1;3.996364153861897;5.245443876940969;1;1;0.85
1;1;1;0;53;1;2;1;0;2;0;0;2;2;0;1;2;4.633757642840004;8.621625276215486;1;1;0.53
1;0;1;1;2;1;0;0;2;2;0;2;0;0;2;0;3;4.102643365036796;4.879006851617819;0;0;0.02
0;0;1;1;29;1;0;1;0;0;0;0;2;2;0;1;1;4.486386649998124;7.871978664611595;0;0;0.17
0;0;0;0;47;0;1;0;2;0;2;2;0;0;2;0;3;3.758871825933971;7.5370303829476715;0;0;0.03
0;0;1;1;68;1;2;1;0;0;0;0;2;0;1;1;2;4.430816798843313;8.645902978761542;1;1;0.7
1;0;0;1;12;1;0;0;2;0;0;0;2;2;0;1;3;4.260564966136689;6.731614581263264;0;0;0.09
0;0;1;1;8;1;0;0;0;2;0;2;0;0;0;0;0;4.048300623720694;5.997695096858618;0;0;0.05
1;0;1;0;54;1;2;1;2;2;2;0;2;2;0;0;2;4.705467907303455;8.719309205538357;0;0;0.14
1;0;1;1;69;1;0;1;0;2;0;2;2;0;2;1;3;4.5342110970475975;8.776768956245249;0;0;0.01
0;0;0;0;26;1;2;0;2;2;0;0;2;0;0;1;0;4.255612709818223;7.496125107144836;0;0;0.08
0;0;1;0;72;1;2;1;2;2;2;2;0;0;2;1;0;4.584967478670572;8.86858218932573;0;0;0.0
0;0;0;0;70;0;1;0;2;0;2;2;2;2;2;1;0;4.083452121055677;8.34646418065809;0;0;0.01
1;0;0;1;1;1;0;0;2;0;0;0;0;0;0;0;3;3.9435216724875173;3.9435216724875173;1;1;0.69
1;0;0;0;10;1;0;1;0;0;0;0;2;2;0;1;2;4.505349850705881;6.7616885028473535;1;1;0.68
0;0;1;1;28;1;0;1;0;0;0;0;0;0;1;1;0;4.268297869345539;7.59749666640725;0;0;0.05
1;0;0;0;1;1;0;1;0;0;0;0;0;0;0;1;2;4.259859000699674;4.259859000699674;1;1;1.0
0;0;1;0;21;1;2;1;0;0;0;0;2;2;0;1;2;4.557029810660157;7.575251262656555;0;0;0.28
1;1;1;0;51;1;2;1;2;0;2;0;2;0;0;1;0;4.551769409260976;8.466310339101604;1;1;0.76
0;0;1;1;53;1;0;2;1;1;1;1;1;1;1;0;0;3.022860940942244;6.916615907414333;0;0;0.07
1;0;0;1;53;1;0;1;2;2;2;0;0;2;1;0;2;4.574195381688661;8.524744607569072;0;0;0.04
1;0;1;0;24;1;2;1;0;0;2;0;2;2;0;1;2;4.625462889255854;7.7802195073157385;1;1;0.9
0;0;1;0;70;1;2;0;2;2;2;2;2;2;2;1;1;4.562262684976814;8.833470009323106;0;0;0.01
1;0;0;0;61;1;2;1;2;2;2;0;2;2;1;1;2;4.689051669968793;8.783074341309122;0;0;0.08
0;0;0;0;11;1;0;0;2;0;0;2;0;0;1;1;3;4.018183201256536;6.427862916986031;0;0;0.01
1;0;0;0;2;1;0;1;0;0;0;0;0;0;0;1;1;4.280824129164719;5.067330637772801;0;0;0.23
1;0;0;0;25;1;0;2;1;1;1;1;1;1;1;1;0;3.0204248861443626;6.248622977009469;0;0;0.0
0;0;0;0;41;1;2;0;0;2;0;0;0;0;1;1;1;4.048300623720694;7.768533300926033;0;0;0.02
1;0;1;0;18;1;2;1;0;0;0;0;2;2;0;1;2;4.5612182984589085;7.431862313054042;1;1;0.65
1;1;1;0;72;1;2;1;0;2;2;0;2;2;2;1;0;4.655387902148709;8.947799591930734;1;1;0.72
0;0;1;1;71;1;2;0;2;2;2;2;2;2;2;1;1;4.51688527112052;8.738743474151883;0;0;0.0
0;0;1;1;34;1;0;0;2;2;2;0;0;0;1;1;3;4.123903364463645;7.622199068331163;0;0;0.01
1;0;0;0;29;1;0;1;0;0;2;2;2;2;0;1;1;4.603168183317418;7.940263377047203;0;0;0.1
1;1;1;0;40;1;0;1;2;2;2;2;2;0;1;1;1;4.5966338549658055;8.323074319142645;0;0;0.03
1;0;1;0;36;0;1;0;2;0;2;0;0;0;1;0;3;3.5931942039795284;7.184591244493121;0;0;0.02
0;0;1;0;46;1;2;1;0;2;0;2;2;2;1;1;2;4.645832167706981;8.43286548289217;0;0;0.33
0;0;0;0;58;1;2;1;2;2;2;0;2;2;1;1;2;4.689051669968793;8.75364775679012;0;0;0.41
1;0;0;0;39;1;2;1;0;2;0;0;0;0;1;0;1;4.411585436915426;8.075504873150548;0;0;0.09
1;0;1;1;4;1;0;0;0;0;0;2;0;2;0;0;1;4.134366236571586;5.440467758652715;1;0;0.26
0;0;1;1;52;1;2;1;0;2;2;0;2;0;1;1;1;4.571613402459248;8.512612717042128;0;0;0.05
1;1;1;0;70;1;2;1;0;2;2;0;2;2;1;1;2;4.661550519424199;8.89699171277515;0;0;0.03
1;1;1;0;65;1;0;1;0;0;0;0;0;0;1;1;0;4.2759714333333765;8.424244221759855;0;0;0.0
1;0;0;0;1;1;0;0;0;0;0;0;0;0;0;1;3;3.827553848801696;3.827553848801696;0;0;0.1
0;0;1;0;70;1;2;1;0;0;2;0;2;2;1;1;2;4.591578232468624;8.851305502745825;0;0;0.03
0;1;1;1;29;0;1;0;0;2;2;0;0;0;0;1;3;3.6014134283326604;6.933569213875117;0;0;0.09
1;0;0;0;1;1;0;1;0;0;0;0;2;2;0;1;2;4.51688527112052;4.51688527112052;1;1;0.97
0;0;0;0;67;1;2;0;2;0;2;2;2;2;2;1;3;4.457250055911469;8.650884571242125;0;0;0.01
0;0;0;0;1;1;0;2;1;1;1;1;1;1;0;1;3;3.0204248861443626;3.0204248861443626;0;0;0.06966666666666667
0;0;0;0;26;1;0;1;0;0;0;0;2;2;0;1;0;4.497584975308154;7.729889165705791;1;1;0.73
0;0;1;1;30;1;2;2;1;1;1;1;1;1;2;1;3;3.261935314328648;6.672728905756154;0;0;0.09
0;0;1;0;48;1;0;1;0;0;2;2;2;2;0;1;1;4.61561544384963;8.483636407887394;0;0;0.11
0;0;1;1;55;1;0;0;2;2;0;0;0;0;0;0;2;4.037774210733707;8.04968245233619;0;0;0.03
1;0;0;0;7;1;2;1;0;0;0;0;0;2;0;1;3;4.456670177669648;6.402828887147136;1;1;0.92
1;0;0;0;37;1;2;1;2;0;0;0;2;0;0;1;2;4.523417684115833;8.122742204571173;0;0;0.27
0;0;1;0;31;1;0;1;0;2;0;0;0;2;0;1;0;4.440884991680235;7.8917607325243315;0;0;0.16
1;0;0;0;4;1;0;0;0;0;0;0;0;0;0;1;2;3.8480176754522337;5.302060352826871;0;0;0.21
1;0;1;1;72;1;2;2;1;1;1;1;1;1;2;1;1;3.261935314328648;7.490975980163478;0;0;0.0
1;1;0;0;5;1;0;1;0;0;0;0;2;2;0;1;2;4.526126978647638;6.110912862083427;1;1;0.91
1;0;1;1;1;1;0;2;1;1;1;1;1;1;0;0;3;3.0301337002713233;3.0301337002713233;0;0;0.21
0;1;0;0;15;1;0;1;0;0;0;0;2;2;0;1;2;4.52720864451838;7.245155656176172;0;1;0.61
1;0;1;1;8;1;0;0;2;0;0;0;0;0;0;1;1;3.9569963710708773;6.022478600637151;0;0;0.22
0;0;0;0;35;1;0;2;1;1;1;1;1;1;1;0;3;3.095577608523707;6.60934924316738;0;0;0.0
0;1;0;0;56;1;2;1;0;2;2;0;2;2;0;0;2;4.661077817926388;8.672888392142482;0;0;0.14
1;0;1;0;42;1;2;1;0;0;2;2;2;2;0;1;0;4.674229721919586;8.414872495266398;1;1;0.88
1;1;1;1;65;1;2;1;2;2;0;0;0;0;0;1;2;4.4630304188269685;8.646368861639983;0;0;0.08
0;0;1;1;2;1;0;2;1;1;1;1;1;1;1;0;3;3.0587070727153796;3.493472657771326;0;0;0.02
1;1;1;0;65;1;2;1;2;0;0;0;2;2;1;1;2;4.622518824322705;8.806221856804648;0;0;0.06
0;0;0;0;18;1;2;1;0;0;0;0;0;0;0;1;2;4.319486116198983;7.205449561560643;0;0;0.37
0;0;0;0;23;1;2;0;2;0;2;0;2;2;1;1;2;4.376385754783795;7.519719518716397;0;0;0.04
0;0;0;0;4;1;0;0;0;0;0;0;0;0;0;1;3;3.835141961092188;5.288014473552139;1;1;0.85
1;0;1;0;70;1;0;2;1;1;1;1;1;1;2;0;1;3.0373539482448106;7.268780745658128;0;0;0.0
0;0;0;0;4;1;2;0;0;0;0;0;0;0;0;0;2;3.9454577815143836;5.373192901193144;0;0;0.26
1;0;0;0;19;1;0;0;0;0;0;0;0;0;0;1;0;3.828641396489095;6.764865951431896;0;0;0.17
0;0;0;0;18;1;0;1;0;2;2;0;0;0;0;0;2;4.366912996863833;7.2149458178219605;0;0;0.4
0;1;1;0;38;1;0;1;2;0;0;0;0;2;0;1;2;4.436159643253809;8.054570257703245;0;0;0.19
1;0;0;0;2;1;2;1;0;0;0;0;0;0;0;1;1;4.307437777682809;4.883180638743141;1;1;0.9
1;0;0;0;47;1;2;1;2;2;0;0;2;0;1;0;0;4.562262684976814;8.419988217623041;0;0;0.03
0;0;1;1;52;1;0;2;1;1;1;1;1;1;2;0;0;3.0492730404820207;6.984484811840811;0;0;0.0
1;0;0;0;9;1;2;0;0;0;0;0;0;2;0;0;3;4.109233174715851;6.297845696992248;0;0;0.1
0;0;1;0;26;1;2;0;2;2;2;2;2;2;1;1;1;4.511957804265912;7.746538420389285;0;0;0.07
1;0;1;1;8;1;0;0;0;0;2;0;0;0;0;1;2;3.952204795060978;6.030805445346439;1;1;0.76
1;0;1;0;44;1;0;0;0;2;2;2;2;0;1;1;2;4.2759714333333765;8.086856329672903;0;0;0.02
0;0;0;0;3;0;1;0;0;2;0;0;0;0;0;0;3;3.407841924380824;4.600157644164547;0;0;0.12
1;0;0;0;2;1;0;0;0;0;0;0;0;0;0;1;0;3.8628327612373745;4.487512142519859;0;0;0.31
0;0;1;1;9;1;2;1;0;0;0;0;2;0;0;1;0;4.458408804592688;6.6275783060161295;1;1;0.9
1;1;0;0;1;1;2;1;0;0;0;0;0;0;0;1;2;4.335328031664641;4.335328031664641;1;1;0.98
1;0;0;0;25;1;0;1;2;0;0;0;0;0;0;0;0;4.321480134805848;7.577249930876854;0;0;0.14
0;1;1;0;2;1;0;1;0;0;0;0;0;0;0;1;2;4.252771798816619;5.042133961155627;0;0;0.21
1;0;0;0;43;1;0;1;2;0;0;0;0;0;0;1;2;4.333361462692601;8.070781080974667;1;1;0.79
0;0;0;0;1;1;0;2;1;1;1;1;1;1;0;0;3;3.086486636822455;3.086486636822455;1;1;0.6547103174603176
0;0;1;0;58;1;2;1;0;2;2;0;0;2;1;1;2;4.557029810660157;8.632510968596284;0;0;0.06
0;0;1;1;59;1;2;0;2;0;2;2;2;0;2;1;3;4.349632566862877;8.416377886177422;0;0;0.01
1;0;0;0;44;0;1;0;2;0;2;0;2;2;1;1;2;4.007333185232471;7.8002654821908886;0;0;0.06
1;0;0;0;66;1;2;1;0;2;0;2;2;2;1;1;2;4.656338472562491;8.833695929676212;0;0;0.25
1;0;1;1;68;1;0;2;1;1;1;1;1;1;2;0;0;3.0421386463681466;7.228896305177583;0;0;0.0
1;0;0;0;9;0;1;0;0;0;0;0;0;0;0;1;2;3.2561716096118976;5.253581472706645;0;0;0.23
1;0;0;0;19;1;2;1;2;0;2;0;0;0;0;1;2;4.45143608604605;7.410316849329665;0;0;0.17
1;0;0;0;4;1;0;2;1;1;1;1;1;1;0;0;3;3.0325462466767075;4.373238128640803;0;0;0.07
0;0;0;0;70;1;2;1;2;2;2;2;2;2;2;1;0;4.741884009303914;8.979700039891599;0;0;0.03
1;0;0;0;1;1;0;0;0;0;0;0;0;0;0;1;3;3.8264651170664994;3.8264651170664994;0;0;0.07
0;0;0;0;8;1;2;1;0;0;0;0;0;0;0;1;2;4.334017415487521;6.35905470278722;0;0;0.08
1;0;0;0;53;1;2;2;1;1;1;1;1;1;2;0;3;3.242592351485517;7.154615356913663;0;0;0.01
1;1;0;0;51;1;2;2;1;1;1;1;1;1;1;0;0;3.258096538021482;7.140215296933696;0;0;0.03
1;0;1;1;11;1;0;2;1;1;1;1;1;1;0;0;0;3.08876713952118;5.592292098622838;0;0;0.05
1;0;1;1;60;1;2;1;2;0;2;2;2;2;2;1;2;4.71492104994721;8.792982322368012;0;0;0.12
1;0;0;0;17;1;0;0;2;2;0;0;0;0;0;1;1;4.034240638152395;6.840706944229009;0;0;0.06
1;0;0;0;3;1;0;0;0;0;0;0;0;0;0;1;2;3.7909846770510898;4.825509809969567;1;1;0.69
1;0;1;0;70;1;0;1;2;2;2;2;2;2;1;1;0;4.705015520957808;8.927400371440925;1;1;0.72
1;0;0;0;1;1;0;2;1;1;1;1;1;1;0;0;3;3.017982882488811;3.017982882488811;0;1;0.5183333333333333
1;1;0;0;43;1;2;1;0;0;0;0;2;0;0;1;2;4.4526015873434845;8.201550505605104;0;0;0.21
0;0;1;0;16;1;0;2;1;1;1;1;1;1;0;0;3;3.0252910757955354;5.754000190816819;0;0;0.07
0;0;1;1;57;1;0;0;2;2;0;0;0;0;1;0;2;3.9972828493789696;8.024207485778577;0;0;0.01
1;0;1;1;37;1;0;2;1;1;1;1;1;1;1;0;1;3.0349529867072724;6.519221031533954;0;0;0.0
0;0;1;0;72;1;2;1;2;2;2;2;2;2;2;0;1;4.728272383122075;8.983057013472635;0;0;0.0
0;1;0;0;11;1;2;1;0;0;0;0;0;2;0;1;1;4.4520190064939165;6.811079166716676;1;1;0.71
0;1;1;0;50;1;2;1;0;2;2;0;2;0;0;1;2;4.564868889214566;8.494886230893696;1;0;0.48
1;1;0;0;5;1;0;0;0;0;2;0;0;0;0;0;2;3.9386649363745674;5.473320542534312;1;1;0.81
1;0;1;0;1;1;2;1;0;0;0;0;0;0;0;1;0;4.3254562831854875;4.3254562831854875;1;1;0.92
1;0;0;0;16;1;0;2;1;1;1;1;1;1;0;1;3;3.0301337002713233;5.838895948463375;1;1;0.65
1;1;1;0;2;1;0;1;0;0;2;0;0;0;0;1;2;4.320151230955794;4.9494688588587685;0;0;0.28
0;0;0;0;17;1;2;0;0;0;2;2;2;0;0;1;3;4.248495242049359;7.011213987350367;0;0;0.11
0;0;0;0;16;1;0;2;1;1;1;1;1;1;1;0;1;3.013080911888604;5.692215838284736;0;0;0.02
0;0;0;0;15;1;0;0;0;0;2;0;0;2;0;1;2;4.101816577060802;6.795314199636388;1;1;0.75
0;0;0;0;10;1;0;2;1;1;1;1;1;1;1;1;3;3.0349529867072724;5.294560317670324;0;0;0.0
0;0;0;1;46;1;0;1;2;2;0;2;2;2;1;1;0;4.665324108807838;8.481327643396213;1;0;0.15
1;0;1;1;64;1;2;1;0;2;2;2;2;2;2;1;1;4.702296896718814;8.816134144137433;0;0;0.02
0;0;0;0;1;1;2;1;0;2;0;0;0;0;0;1;3;4.383899879055562;4.383899879055562;0;0;0.33
1;0;1;1;25;1;0;0;0;2;2;0;0;0;1;0;3;4.000949214622548;7.212626271854599;0;0;0.01
1;0;1;1;71;1;0;1;2;2;2;2;2;0;2;0;1;4.617098756853365;8.883224230278994;0;0;0.01
1;0;0;0;8;1;0;0;0;0;0;0;0;0;0;1;3;3.8318969609488613;6.08541015995051;1;1;0.82
0;0;1;1;72;1;0;1;2;2;2;2;2;2;2;1;0;4.697293474863897;8.952521262624083;0;0;0.06
0;0;1;0;49;0;1;0;2;0;0;0;2;0;0;0;0;3.7293013686128518;7.636148939729152;0;0;0.04
1;0;1;1;29;0;1;0;2;2;2;2;0;2;1;1;1;4.031582240485785;7.401200738916591;0;0;0.02
1;0;1;0;72;1;2;1;2;2;2;2;0;2;2;0;0;4.669083511731744;8.933598239562736;0;0;0.05
1;0;1;0;31;1;2;1;0;2;2;0;2;0;0;0;2;4.551769409260976;8.013177659578796;1;0;0.33
0;0;0;0;50;1;2;1;0;0;0;0;2;2;0;1;2;4.571613402459248;8.46183903128416;0;1;0.73
1;0;1;0;71;1;2;0;2;0;2;2;2;2;2;0;2;4.4331949212482815;8.720476833793706;0;0;0.04
1;1;1;0;70;1;2;0;2;2;2;2;2;2;2;0;1;4.511408806173617;8.753750376351865;0;0;0.03
1;0;0;0;71;1;2;1;2;0;0;2;0;2;1;0;1;4.591578232468624;8.808197239990303;0;0;0.21
1;0;1;1;61;1;0;0;2;2;2;2;0;0;2;1;0;4.234830879855301;8.333090048539852;0;0;0.0
1;0;0;0;32;1;0;1;0;0;0;2;2;2;0;1;2;4.576770711466393;8.066019167214423;1;1;0.75
0;0;0;1;1;1;0;1;0;0;0;0;0;2;0;1;2;4.389498649512583;4.389498649512583;1;1;0.96
1;0;0;0;68;1;2;1;2;2;2;0;0;2;2;1;0;4.635699391022914;8.87491658553894;0;0;0.04
1;0;0;0;62;1;2;2;1;1;1;1;1;1;2;0;0;3.1945831322991562;7.265884165434008;0;0;0.01
0;0;0;1;7;1;0;1;0;0;0;0;0;0;0;1;2;4.277360322445531;6.160468652321543;0;0;0.2
1;0;0;0;20;1;2;1;0;0;0;0;2;0;0;1;2;4.457250055911469;7.4590508353018405;1;1;0.87
1;0;1;1;6;1;0;2;1;1;1;1;1;1;1;0;3;3.017982882488811;4.740574822994295;0;0;0.01
0;1;0;0;33;0;1;0;2;2;2;0;2;2;0;1;0;4.101816577060802;7.54202786802895;0;0;0.17
1;0;1;1;28;1;2;1;0;0;0;0;2;2;1;0;0;4.534747721691546;7.85133038388335;0;0;0.04
1;0;0;0;27;1;0;2;1;1;1;1;1;1;2;0;1;3.0373539482448106;6.154858094016418;0;0;0.0
1;0;0;0;7;1;0;0;0;0;0;0;0;0;0;0;3;3.8044377947482086;5.632644446822861;0;0;0.3
1;0;0;0;26;1;2;1;0;0;0;2;0;0;0;1;2;4.400603020246817;7.644823646600011;1;1;0.89
1;1;0;0;5;1;2;1;0;2;0;0;0;2;0;1;2;4.508659285607248;6.221782302170192;1;1;0.95
1;1;0;0;30;1;2;1;2;0;0;0;0;2;0;1;1;4.516338972281476;7.862054451041998;0;0;0.33
1;0;0;0;63;1;2;1;0;2;0;0;0;2;1;0;1;4.515792374836875;8.670171756013318;0;0;0.05
1;0;0;0;1;1;0;0;0;2;0;0;0;0;0;1;2;3.9464244321454784;3.9464244321454784;1;1;0.66
0;0;0;1;53;1;2;0;0;2;2;2;2;2;1;1;2;4.449685283147696;8.400827900284972;0;0;0.03
0;0;1;1;14;1;0;1;0;2;0;2;0;2;0;1;1;4.50700593720086;7.097838304169856;1;1;0.76
0;0;0;0;21;1;0;1;0;2;0;2;2;2;0;1;0;4.606669062111827;7.5793723409917195;0;0;0.18
1;0;0;0;17;1;0;2;1;1;1;1;1;1;1;0;3;3.0421386463681466;5.741720313996593;0;0;0.0
1;0;1;1;16;1;0;2;1;1;1;1;1;1;2;0;3;3.068052935133617;5.675211517668165;0;0;0.0
0;0;0;0;35;1;0;0;0;0;2;0;0;2;0;1;2;4.144720769547168;7.648310716937074;0;0;0.12
0;1;0;0;32;1;0;1;0;0;0;0;0;2;0;1;2;4.388257184424518;7.888334500738654;0;0;0.08
0;0;1;1;28;1;0;2;1;1;1;1;1;1;0;1;0;3.022860940942244;6.300418754835302;0;0;0.05
0;0;0;0;1;1;0;2;1;1;1;1;1;1;0;1;3;3.0610517396746335;3.0610517396746335;0;1;0.65
1;0;0;0;59;0;1;0;0;0;0;2;2;2;0;1;2;3.9646154555473165;8.008631669303314;0;0;0.06
0;0;1;1;72;1;2;2;1;1;1;1;1;1;1;1;0;3.190476350346503;7.3927398809883025;0;0;0.0
1;0;0;0;36;1;0;0;0;2;0;2;0;2;1;1;3;4.1956970564823886;7.823805982051684;1;1;0.63
0;0;0;0;40;1;0;0;2;2;0;0;2;0;0;0;3;4.191168746857641;7.8582541821860294;0;0;0.05
1;0;1;1;40;1;2;1;0;0;2;0;0;0;0;1;2;4.409155302062135;8.099645380565091;0;0;0.14
0;0;0;1;9;1;0;0;0;0;2;2;2;2;0;1;3;4.302712827954156;6.4806578707468585;1;1;0.72
1;0;1;1;63;1;0;0;2;2;2;2;2;0;2;0;1;4.324132656254979;8.450102081861738;0;0;0.01
0;0;0;0;3;1;0;1;0;0;0;0;2;0;0;1;2;4.400603020246817;5.4525394723958245;0;0;0.35
1;0;1;1;40;0;1;0;0;2;2;2;2;2;1;0;3;4.115779842942166;7.80363920107863;0;0;0.07
1;0;1;0;8;1;0;1;2;0;0;0;0;0;0;1;3;4.330733340286331;6.490875268058674;0;0;0.16
1;1;1;0;34;1;0;1;2;0;0;2;2;0;1;0;3;4.512506501124672;8.048724383729072;0;0;0.02
1;0;0;0;5;0;1;0;2;0;2;2;0;0;0;0;3;3.713572066704308;5.413652965227941;1;1;0.77
1;1;0;0;9;1;2;1;0;2;0;0;2;2;0;1;1;4.609660091260944;6.824808358161211;1;1;0.91
1;0;1;0;9;1;2;0;0;2;2;0;0;2;0;1;1;4.249209272783016;6.484558896843658;0;0;0.24
1;0;1;1;31;1;2;0;0;0;0;0;0;2;0;0;0;4.1059436980654525;7.510156846235337;0;0;0.04
0;0;1;0;50;1;0;2;1;1;1;1;1;1;1;1;0;3.0373539482448106;6.850232092738471;0;0;0.0
0;0;0;0;2;1;0;1;2;2;0;2;0;0;0;1;2;4.468777561082536;5.207571753241291;1;1;0.83
0;0;0;0;1;1;0;0;0;0;0;0;0;0;0;1;2;3.8426729272933526;3.8426729272933526;1;1;0.87
1;0;0;0;8;1;0;1;0;0;0;0;0;0;0;1;3;4.264087336809195;6.314181903318284;1;1;0.73
0;0;0;0;9;0;1;0;0;2;0;0;0;2;0;0;2;3.7316994512968646;5.887214525734183;0;0;0.09
0;1;0;0;2;1;0;1;0;0;0;0;0;0;0;1;0;4.26549281841793;4.761746493030188;1;1;0.89
0;0;0;0;3;1;0;0;2;2;0;0;0;0;0;0;2;4.031582240485785;5.113191882421348;1;1;0.61
1;0;1;0;25;1;0;1;0;0;0;2;2;2;0;1;1;4.571613402459248;7.757628391986576;0;0;0.08
1;1;0;0;1;1;0;0;0;0;0;0;0;0;0;0;2;3.856510295497887;3.856510295497887;0;0;0.21
0;0;1;1;45;1;2;0;2;2;2;2;2;0;0;0;3;4.410371107683024;8.172475050581173;0;0;0.07
1;1;1;1;51;1;2;1;0;2;2;0;0;0;0;1;2;4.44500143383527;8.330152517082306;1;1;0.78
0;0;1;1;55;1;0;2;1;1;1;1;1;1;0;0;1;3.044522437723423;6.992326180432407;0;0;0.06
0;0;0;0;38;1;2;0;2;2;2;0;0;0;0;1;0;4.206928922969246;7.833362477493641;0;0;0.07
1;0;0;0;2;1;0;0;0;0;0;0;0;0;0;0;3;3.846951008684431;4.406719247264253;1;1;0.82
1;0;1;1;38;1;0;2;1;1;1;1;1;1;0;0;2;3.0252910757955354;6.576887309080756;0;0;0.02
1;0;0;0;34;1;0;0;0;2;0;0;0;0;0;1;2;3.927896354584436;7.458877959512665;0;0;0.04
0;0;1;0;70;1;2;1;0;0;2;0;2;2;1;1;2;4.632298853376344;8.863658190805083;0;0;0.04
0;0;0;0;13;1;0;0;2;0;0;2;0;0;1;0;3;4.0280266811844525;6.611906617197295;0;0;0.01
1;0;0;0;39;1;2;1;0;0;0;0;0;0;0;0;2;4.334017415487521;8.012564990558198;1;1;0.71
0;0;0;0;61;1;2;1;0;2;2;0;2;2;1;1;2;4.653484046266642;8.767796255626598;0;0;0.12
0;0;0;0;12;1;2;1;0;0;2;0;2;2;0;1;0;4.6166045636137545;7.060733843579218;1;1;0.93
1;0;0;0;41;1;0;1;0;2;0;2;2;2;2;1;1;4.611649152085801;8.347910261084566;0;0;0.04
1;0;0;0;21;1;2;1;0;0;0;0;0;0;0;1;2;4.3134800921387715;7.35224877405778;0;0;0.47
1;1;0;0;55;0;1;0;0;0;2;0;2;2;1;1;0;3.9328055446106744;7.917335969569298;0;0;0.06
1;0;1;0;69;0;1;0;2;0;2;2;2;2;2;0;0;4.114963849424837;8.30807581183512;0;0;0.02
1;1;1;1;26;1;2;1;0;2;2;0;2;2;0;0;2;4.670489652108734;7.9051650621410845;1;1;0.84
0;1;1;0;69;1;0;1;2;2;0;0;0;2;1;0;1;4.480740107609915;8.708895610015944;0;0;0.03
0;1;1;0;18;0;1;0;0;0;2;0;2;2;0;1;2;3.8989377658794906;6.69913081376713;1;1;0.81
1;0;1;1;47;1;2;0;0;2;0;0;0;0;0;0;2;4.0118683403978626;7.839604349772144;0;0;0.05
0;0;1;1;72;1;0;0;2;2;2;2;2;2;2;0;0;4.457829598089382;8.720982654825432;0;0;0.0
1;1;1;0;33;0;1;0;0;2;2;2;2;0;0;1;2;3.9318256327243257;7.468427651392684;0;0;0.1
0;0;1;1;2;0;1;0;0;0;0;0;0;0;0;1;3;3.2347491740244907;3.6256733782101436;1;1;0.84
0;0;1;1;72;1;2;0;2;2;2;2;2;2;2;0;1;4.52124495105033;8.802890796113749;0;0;0.03
1;1;1;0;37;1;0;1;0;0;0;0;0;0;0;1;0;4.293878247897177;7.854167761408815;0;0;0.15
0;1;1;1;62;1;2;1;0;2;2;0;0;2;0;1;1;4.575741375297279;8.702900676147713;0;0;0.04
0;0;1;0;71;1;0;2;1;1;1;1;1;1;2;0;1;3.0373539482448106;7.2302734662693755;0;0;0.0
1;0;0;1;23;1;0;0;0;2;0;2;0;0;0;1;0;4.030694535145645;7.158669627241704;0;0;0.04
0;0;0;0;16;1;0;2;1;1;1;1;1;1;1;0;3;3.0492730404820207;5.69423706181267;0;0;0.0
1;0;0;0;9;1;0;0;2;0;2;2;2;0;0;1;3;4.255612709818223;6.483489541410255;0;0;0.1
1;0;1;1;17;1;2;2;1;1;1;1;1;1;2;1;3;3.263849190510932;6.024899323194219;0;0;0.16
0;0;0;0;4;1;0;2;1;1;1;1;1;1;0;0;0;3.08876713952118;4.460144413937834;1;0;0.11333333333333333
0;1;1;0;1;1;0;0;2;0;0;0;0;0;0;1;2;3.9229629454664803;3.9229629454664803;1;1;0.83
0;0;1;0;24;1;2;1;0;0;2;0;0;0;0;1;3;4.390118804571218;7.5651198294023105;0;0;0.34
0;1;0;0;1;1;0;1;0;0;0;0;0;0;0;1;2;4.2801323269925415;4.2801323269925415;0;0;0.29
1;1;0;0;72;1;2;1;2;2;2;2;2;2;2;0;0;4.743191483885466;8.967861084355231;0;0;0.03
0;0;1;0;72;1;2;2;1;1;1;1;1;1;2;0;2;3.2406373166497136;7.468342023957602;0;0;0.0
0;0;0;1;11;1;0;2;1;1;1;1;1;1;0;0;1;3.0301337002713233;5.38081858805978;0;0;0.36
1;0;0;0;9;1;0;2;1;1;1;1;1;1;0;0;3;3.056356895370426;5.190175207928333;1;1;0.65
0;1;1;0;2;1;0;0;0;2;0;0;0;0;0;0;1;3.9347624923976356;4.754451888703846;1;0;0.49
0;1;1;0;60;1;2;1;0;0;2;0;2;2;1;1;1;4.620058798481842;8.704502289721232;0;0;0.07
1;1;1;0;29;1;2;1;0;2;2;0;0;2;0;1;2;4.5736795188967205;7.917973416887651;1;1;0.74
0;0;0;0;49;1;0;0;0;0;2;2;2;2;2;1;0;4.323470185213858;8.222258213452887;0;0;0.04
0;1;0;0;30;1;2;1;0;2;2;0;2;2;0;1;2;4.6549122778829055;8.046261131311923;0;0;0.3
0;0;1;0;53;1;0;2;1;1;1;1;1;1;1;0;1;2.998229153752578;6.899168518044815;0;0;0.01
1;0;0;1;39;1;2;2;1;1;1;1;1;1;2;0;3;3.258096538021482;6.913091018571656;0;0;0.0
0;0;0;0;9;1;0;2;1;1;1;1;1;1;0;0;3;2.998229153752578;5.066700518029204;0;0;0.02
1;0;0;0;39;1;0;1;0;0;2;2;0;0;1;0;2;4.417635062141249;8.077369530671634;0;0;0.02
1;1;0;0;8;1;0;1;0;0;0;0;0;0;0;1;2;4.258445572902527;6.352368038126677;0;0;0.26
0;0;1;1;51;1;2;1;0;0;2;0;0;2;1;1;2;4.512506501124672;8.424167400407871;0;0;0.08
1;0;1;1;71;1;2;2;1;1;1;1;1;1;2;0;1;3.2714682749873716;7.522156826969486;0;0;0.0
1;1;0;0;71;1;2;2;1;1;1;1;1;1;2;1;3;3.2445435716167785;7.47746283048435;0;0;0.02
0;1;1;0;70;1;0;2;1;1;1;1;1;1;2;1;1;3.022860940942244;7.288278576786092;0;0;0.0
0;1;0;0;1;0;1;0;0;0;0;0;0;0;0;0;2;3.2676659890376327;3.2676659890376327;1;1;0.88
1;0;1;0;38;0;1;0;2;2;0;2;2;2;2;1;0;4.110873864173311;7.693572794383391;0;0;0.02
0;0;1;0;28;1;0;1;0;2;2;0;0;2;0;0;1;4.509760001183433;7.797496675622756;0;0;0.28
0;0;1;0;32;1;0;2;1;1;1;1;1;1;0;0;0;3.0155349008501706;6.464821921259065;0;0;0.15
1;1;1;0;49;1;0;0;0;2;0;0;0;0;2;0;3;3.927896354584436;7.782973985080828;0;0;0.13
0;0;1;1;37;1;2;2;1;1;1;1;1;1;2;1;0;3.2228678461377385;6.760240863693588;0;0;0.01
0;0;0;0;10;1;0;0;0;0;2;2;0;0;0;0;2;4.0118683403978626;6.369900982828227;0;0;0.11
1;0;1;0;67;1;2;1;2;2;2;0;2;2;1;0;1;4.7086288943563215;8.900194534540113;0;0;0.1
1;0;0;0;7;0;1;0;0;0;2;2;0;0;1;1;1;3.597312260588446;5.523658501405734;0;0;0.08
0;0;0;0;51;1;0;1;0;0;0;0;2;2;1;0;1;4.4835673642288425;8.406686121605532;0;0;0.03
0;0;0;0;9;1;0;0;0;0;0;0;0;0;0;0;2;3.8318969609488613;6.03416477664001;1;1;0.69
0;0;0;0;9;1;0;1;0;0;0;0;2;2;0;1;3;4.493120682179469;6.671526488119272;0;1;0.67
1;0;0;0;4;1;0;0;0;0;0;2;0;0;0;1;3;3.9473901492654373;5.314682720634301;0;0;0.13
1;0;1;0;71;1;2;1;2;2;2;0;2;0;2;1;2;4.605170185988092;8.853036658975036;0;0;0.04
0;0;1;1;50;1;2;1;0;0;0;0;2;0;0;1;0;4.447346100794524;8.32291645540301;1;1;0.68
0;1;1;1;24;1;0;1;0;0;2;0;2;2;2;1;2;4.5803650670691205;7.725087182823159;0;0;0.19
1;0;1;0;22;1;0;0;2;0;0;0;2;0;1;1;0;4.1067670822206574;7.2264635231640195;0;0;0.02
1;0;0;0;44;1;2;1;2;2;2;0;2;2;0;1;2;4.722953221644475;8.500280982832304;0;0;0.14
0;0;1;1;33;1;2;2;1;1;1;1;1;1;0;0;0;3.228826155721369;6.732806476517595;0;0;0.05
0;0;0;0;1;1;2;1;0;0;0;0;0;0;0;1;2;4.33204826486764;4.33204826486764;1;1;0.94
0;0;1;0;54;1;2;0;0;0;0;0;2;2;1;1;1;4.264790324535862;8.220578003905167;1;0;0.06
1;0;0;0;42;1;2;1;0;2;0;0;2;2;0;1;2;4.632298853376344;8.36041071812334;1;1;0.95
0;0;0;0;1;1;0;0;0;0;0;0;0;0;0;0;2;3.845883202923601;3.845883202923601;1;1;0.96
0;0;0;0;1;1;0;2;1;1;1;1;1;1;0;0;3;3.068052935133617;3.068052935133617;0;1;0.6752380952380952
1;0;0;0;30;1;0;0;2;2;0;2;2;0;1;0;2;4.268297869345539;7.623519749407491;0;0;0.04
0;0;0;0;1;0;1;0;0;0;0;2;0;0;0;0;3;3.4515735889872223;3.4515735889872223;0;0;0.16
1;0;1;1;16;1;2;0;2;2;0;2;2;2;0;0;2;4.45318382899021;7.243691657771469;0;0;0.09
1;0;0;0;1;1;0;2;1;1;1;1;1;1;0;1;3;3.0492730404820207;3.0492730404820207;1;1;0.84
1;0;1;0;9;0;1;0;0;0;0;2;2;0;0;0;3;3.7293013686128518;5.798941127829431;1;1;0.66
1;1;1;0;46;1;2;1;0;0;2;0;2;2;0;1;2;4.624972813284271;8.45127772272134;1;1;0.87
1;0;0;0;1;1;0;1;0;0;0;0;0;0;0;1;2;4.249922794040544;4.249922794040544;1;1;1.0
1;0;1;0;71;1;0;0;2;0;0;2;0;0;2;0;0;4.0163830207523885;8.237267626003042;0;0;0.01
1;0;0;0;43;1;2;1;0;0;0;0;0;0;0;1;1;4.335328031664641;8.059086511982477;0;0;0.36
1;0;1;0;50;0;1;0;2;0;0;2;2;0;1;1;0;3.816612820623488;7.691405649716715;0;0;0.0
0;0;0;0;13;1;2;1;0;0;0;0;0;0;0;1;3;4.330733340286331;6.908205177762502;1;1;0.77
1;0;1;1;19;1;0;1;0;2;0;2;2;2;1;0;0;4.61512051684126;7.544146905719609;1;1;0.65
0;0;0;0;41;1;2;1;0;0;2;0;2;2;0;0;0;4.59562477314456;8.291947432010158;0;0;0.15
0;1;0;0;1;1;0;1;0;0;0;0;0;0;0;1;2;4.27874728521988;4.27874728521988;1;1;0.72
0;0;0;0;24;0;1;0;0;2;2;0;2;2;0;1;1;4.0100567456995115;7.123874215359383;1;1;0.76
0;0;1;0;40;1;2;0;0;2;0;0;2;0;1;0;0;4.1728476237100445;7.877017895622398;0;0;0.01
0;0;1;1;3;1;2;0;0;2;2;0;2;0;0;1;0;4.25063580654847;5.4638318050256105;0;0;0.45
0;0;0;0;37;1;2;0;2;0;0;0;2;0;1;0;0;4.184337600748806;7.761681125659561;0;0;0.0
0;0;1;1;67;1;2;1;2;0;2;2;2;2;2;1;1;4.698205051955281;8.875874122017708;1;0;0.07
0;0;1;1;32;1;2;1;0;2;0;0;2;2;0;1;2;4.603669059861824;8.036120525799594;0;0;0.16
0;0;1;0;6;1;0;0;0;0;0;2;0;0;0;1;2;3.9150185144079446;5.605066501717044;1;1;0.78
0;0;1;1;32;1;2;1;2;0;0;0;2;0;0;0;2;4.506454213048934;7.973431067403982;0;0;0.15
0;0;0;0;59;1;2;1;0;2;2;0;0;0;0;1;2;4.433788569232471;8.50716305737888;0;0;0.22
0;0;1;0;30;1;0;0;0;2;2;2;0;2;1;0;0;4.26619481914876;7.696167183767863;0;0;0.01
1;0;0;1;20;1;0;2;1;1;1;1;1;1;0;1;2;3.0155349008501706;5.928258471204189;1;1;0.66
0;0;1;1;27;1;2;2;1;1;1;1;1;1;2;0;2;3.2386784521643803;6.637192498337745;0;0;0.09
0;1;0;0;20;1;2;1;2;0;0;0;0;0;0;1;2;4.383899879055562;7.327714833240754;1;0;0.25
1;0;0;1;9;1;0;2;1;1;1;1;1;1;1;0;3;3.0492730404820207;5.253581472706645;0;0;0.02
0;0;1;1;68;1;2;0;2;2;2;0;2;0;1;1;1;4.30406509320417;8.549466751966532;0;0;0.02
0;0;1;1;69;1;2;0;2;0;0;2;0;0;2;0;1;4.133565275375382;8.309147590289026;0;0;0.02
1;0;0;0;26;1;2;1;0;0;2;2;0;0;0;1;3;4.446174454497633;7.7330704231195;0;0;0.14
1;0;1;1;69;1;0;2;1;1;1;1;1;1;2;0;0;3.039749158970765;7.213547370606236;0;0;0.0
1;0;0;0;11;1;0;2;1;1;1;1;1;1;2;0;3;3.0633909220278057;5.448675148136593;0;0;0.0
1;0;0;0;1;1;2;0;0;0;0;0;0;0;0;0;3;3.9464244321454784;3.9464244321454784;0;1;0.83
1;0;1;1;10;1;0;2;1;1;1;1;1;1;1;0;3;3.065724645374026;5.494706180553427;0;0;0.03
0;0;1;1;55;1;2;0;2;2;0;2;0;2;1;1;0;4.340553386467307;8.358256074855019;0;0;0.0
1;0;0;0;44;1;0;0;2;0;0;2;2;0;1;0;2;4.1956970564823886;7.928604204740065;0;0;0.06
1;1;1;0;46;1;0;1;0;0;0;0;0;2;0;1;2;4.399375273008495;8.190409865342268;1;1;0.81
1;0;1;1;69;1;0;0;2;2;2;0;0;0;2;1;0;4.1067670822206574;8.311619384212086;0;0;0.02
1;1;0;0;11;1;0;1;0;0;0;0;0;2;0;1;2;4.375757021660286;6.774452431667717;0;1;0.53
0;0;1;0;11;1;2;1;0;2;0;0;2;2;0;1;2;4.634728988229636;7.044338260768671;1;1;0.94
1;0;0;0;29;1;0;0;0;0;2;0;0;0;0;0;0;3.9110225050945626;7.188941297690216;0;0;0.04
0;0;1;0;57;1;2;1;2;0;0;0;2;2;0;1;2;4.611649152085801;8.612148762899917;0;0;0.1
1;0;0;0;28;1;0;2;1;1;1;1;1;1;1;0;1;2.9575110607337933;6.283574302886914;0;0;0.0
0;0;0;0;42;1;0;0;2;0;2;0;0;0;0;0;1;4.017283516085639;7.806309647365994;0;0;0.06
0;0;0;0;2;1;0;2;1;1;1;1;1;1;0;0;3;3.075005454448499;3.681351187693145;1;0;0.02333333333333333
1;0;0;1;23;0;1;0;2;2;0;2;0;0;1;0;0;3.7293013686128518;6.854776354191251;0;0;0.02
0;0;1;1;18;1;0;2;1;1;1;1;1;1;0;0;3;3.065724645374026;5.8805329864007;0;0;0.02
1;0;1;1;62;1;2;2;1;1;1;1;1;1;1;0;0;3.250374491927572;7.297937530225784;0;0;0.0
0;0;0;0;1;1;0;1;0;0;0;0;0;0;0;1;3;4.273884476054178;4.273884476054178;1;1;0.77
1;0;0;0;16;1;2;1;0;0;0;2;0;2;0;1;1;4.500365071621965;7.2790429352887145;1;0;0.41
0;0;0;0;3;1;2;1;0;0;0;0;2;2;0;1;2;4.580877493419047;5.6798312538336875;1;1;0.97
1;0;0;0;67;1;2;0;2;2;2;2;2;2;1;1;0;4.497584975308154;8.683410772461635;0;0;0.04
1;0;0;0;62;1;0;2;1;1;1;1;1;1;2;1;1;3.0469005601283903;7.092282734325254;0;0;0.0
0;0;1;0;57;1;2;1;0;2;2;0;2;2;0;1;1;4.658710952916121;8.686488608569949;1;1;0.71
1;0;0;0;2;1;0;1;0;0;0;0;0;0;0;1;2;4.259859000699674;4.994844608189932;0;0;0.37
0;0;1;1;23;1;2;0;2;0;2;2;2;0;2;1;0;4.358630056867486;7.473296334936936;0;0;0.0
0;0;0;1;25;0;1;0;2;0;0;2;0;0;2;0;0;3.584906863730958;6.739869029984439;0;0;0.06
0;1;0;0;72;1;2;1;0;2;2;2;2;2;2;1;0;4.692264892839025;8.958675167894924;0;0;0.06
0;0;1;0;2;1;2;1;0;0;0;0;2;0;0;1;2;4.44323931884187;4.9056450802386244;0;0;0.18
0;0;0;0;8;1;0;2;1;1;1;1;1;1;1;1;0;3.054001181677967;4.95547488291898;0;0;0.02
0;0;0;0;5;1;2;0;0;0;0;0;0;0;0;1;3;3.9435216724875173;5.525253716100942;1;1;0.59
1;0;0;0;35;0;1;0;0;0;2;0;2;2;0;0;2;3.9160150266976834;7.439941139869458;0;0;0.06
1;0;0;0;24;1;2;2;1;1;1;1;1;1;1;0;2;3.242592351485517;6.3862899201118015;0;0;0.0
0;0;1;1;2;1;0;1;0;0;0;0;0;0;0;1;2;4.285653390016292;4.91815444130209;0;0;0.18
1;0;1;1;72;1;2;1;2;2;2;2;0;2;2;1;1;4.662495252607361;8.953336216423796;0;0;0.0
0;0;0;0;41;1;2;1;2;2;2;2;2;0;0;1;2;4.677490847567717;8.36250236573647;0;0;0.16
1;0;0;1;4;1;0;0;2;0;0;0;0;0;0;0;2;3.9189986191645714;5.396577735715557;1;0;0.46
1;0;0;0;26;1;0;1;0;2;0;0;0;0;1;0;0;4.33729074083249;7.610407146556328;0;0;0.11
1;0;0;0;7;1;0;1;0;2;0;0;2;2;0;1;2;4.55650501400681;6.507277712385012;1;1;0.92
0;0;1;0;1;1;0;1;0;0;0;0;0;0;0;1;2;4.24778070111149;4.24778070111149;1;1;0.98
0;0;1;1;4;1;2;0;0;2;0;2;0;0;0;1;3;4.085976312551584;5.419871062100613;0;0;0.1
1;0;0;0;48;1;0;0;0;2;2;2;2;2;2;0;1;4.380775852772229;8.235493190642003;0;0;0.01
1;1;0;0;2;1;2;1;0;0;0;0;2;2;0;1;2;4.552296696381023;5.2870036066477635;1;1;0.97
0;1;1;0;12;1;0;0;2;0;2;2;2;2;1;1;2;4.384523514872469;6.851026184736048;0;0;0.05
1;0;1;0;60;1;2;1;2;0;2;2;2;2;0;1;0;4.7045629298661265;8.790854936805346;0;0;0.15
1;0;0;0;55;1;0;0;2;0;2;2;0;0;2;1;2;4.097672352314776;8.06364541880172;0;0;0.03
1;0;0;0;1;0;1;0;0;0;0;2;0;0;0;0;3;3.4061849231731944;3.4061849231731944;0;0;0.36
1;0;0;0;1;1;0;2;1;1;1;1;1;1;0;0;3;3.0469005601283903;3.0469005601283903;0;0;0.026666666666666665
1;0;0;0;4;1;2;1;0;0;0;0;0;0;0;1;2;4.344454561766125;5.768008446955473;1;1;0.86
1;0;0;0;1;0;1;0;0;0;0;0;0;0;0;1;3;3.2367157429965316;3.2367157429965316;1;1;0.74
0;0;0;0;42;1;0;0;0;0;2;2;0;2;2;0;1;4.212127597878484;7.924343732171656;0;0;0.07
0;0;0;0;1;1;0;0;2;0;0;0;0;0;0;0;0;3.9229629454664803;3.9229629454664803;0;0;0.1
1;0;0;0;7;1;2;1;0;0;2;0;2;0;0;1;1;4.503691017038237;6.450233427238458;1;1;0.89
1;0;0;0;3;1;0;1;0;0;2;0;0;0;0;1;1;4.312140507209715;5.453182077108952;0;1;0.56
0;0;1;0;72;1;2;0;2;2;2;0;2;2;2;1;1;4.426641427432833;8.686150847752058;0;0;0.0
1;0;0;0;15;1;2;0;0;0;0;0;0;0;0;1;2;3.912023005428146;6.620406484320476;0;1;0.64
1;0;1;0;4;1;0;1;0;0;0;0;2;0;0;1;2;4.3987608336650466;5.731397641689174;1;1;0.71
0;0;0;0;11;1;2;2;1;1;1;1;1;1;1;0;2;3.265759410767051;5.50594110620421;0;0;0.02
0;0;0;0;5;1;2;2;1;1;1;1;1;1;0;0;3;3.2752561583043085;4.910814958814044;0;0;0.09
0;1;0;0;1;1;0;0;2;0;2;0;0;0;0;1;2;4.039536325727106;4.039536325727106;1;1;0.88
1;0;1;0;72;1;2;1;2;0;2;2;2;2;2;1;1;4.71760561531788;9.016980112267001;0;0;0.02
0;0;1;0;55;1;2;1;0;2;0;0;0;0;0;1;1;4.366278277705742;8.358760021470783;0;0;0.11
0;0;1;1;40;1;2;2;1;1;1;1;1;1;0;1;2;3.3032169733019514;6.983326465829211;0;0;0.06
0;0;1;0;57;1;0;2;1;1;1;1;1;1;2;0;0;3.039749158970765;7.01804363287626;0;0;0.01
1;0;0;0;1;1;0;1;0;0;0;0;2;0;0;1;2;4.382651439442724;4.382651439442724;1;1;1.0
1;0;1;0;1;1;0;1;2;0;0;0;2;2;0;1;2;4.564348191467836;4.564348191467836;1;1;0.92
0;0;0;0;1;0;1;0;0;0;0;0;0;0;0;0;3;3.265759410767051;3.265759410767051;1;1;0.68
1;1;1;1;52;1;2;0;0;2;2;0;2;2;1;1;2;4.404888303817144;8.313987062234544;0;0;0.09
1;1;0;0;41;1;2;1;0;0;2;0;2;2;0;1;2;4.599152113662528;8.34015763905152;1;1;0.9
1;0;1;0;43;1;0;0;0;0;0;0;2;0;1;1;3;4.04917284357538;7.779947822134494;0;0;0.08
0;0;1;1;47;1;0;2;1;1;1;1;1;1;2;0;0;3.0106208860477417;6.792905437303195;0;0;0.0
1;0;0;0;3;1;2;0;0;0;0;0;0;0;0;0;0;3.9396381724611196;4.929063640402444;0;0;0.26
1;1;1;1;66;1;2;0;2;2;2;2;2;0;2;0;1;4.387014176184921;8.547838781530624;1;1;0.59
1;0;1;1;55;1;0;0;0;0;2;2;0;0;2;1;1;4.029806041084529;8.045876700744959;0;0;0.03
1;0;0;0;29;1;0;2;1;1;1;1;1;1;1;0;3;3.0007198150650303;6.2738199580540375;0;0;0.0
0;0;0;1;12;1;2;1;0;0;0;0;2;0;0;1;2;4.44323931884187;6.874767103155157;0;0;0.13
0;0;1;0;66;1;2;1;0;2;2;0;2;2;0;1;2;4.665324108807838;8.84474720723256;0;1;0.62
1;1;0;0;35;1;2;1;0;0;2;0;2;2;0;1;2;4.628886712605407;8.15974652120194;1;1;0.88
1;1;1;0;10;1;2;1;0;0;2;0;0;2;0;1;2;4.508659285607248;6.819251880390734;1;1;0.93
1;0;1;1;27;1;2;1;0;0;0;0;0;0;0;1;0;4.340553386467307;7.5652752818989315;0;0;0.38
0;0;0;0;58;1;0;1;0;0;0;2;2;2;0;1;2;4.56746831880408;8.668832148077609;0;0;0.12
1;0;1;0;54;1;0;1;2;2;2;2;2;2;2;0;0;4.707275408925245;8.71787843222715;1;1;0.69
1;0;0;0;9;1;0;2;1;1;1;1;1;1;0;0;3;3.0373539482448106;5.19184512203752;0;0;0.11
1;0;0;0;2;1;0;2;1;1;1;1;1;1;1;0;1;3.0106208860477417;3.3775875160230218;1;0;0.09
1;0;0;0;6;1;0;1;0;0;0;0;0;0;0;1;2;4.249922794040544;6.077642243349034;0;0;0.47
0;1;0;0;26;1;0;1;0;0;0;0;2;2;0;1;2;4.524502282920636;7.763361387239786;1;0;0.44
0;0;0;0;9;1;0;2;1;1;1;1;1;1;0;0;3;3.056356895370426;5.231910434350438;0;0;0.06
1;0;1;0;8;1;0;0;0;2;2;0;0;0;0;1;3;4.020877410340228;6.102222967827401;0;0;0.1
1;0;0;0;12;1;0;1;0;0;0;0;2;0;0;1;2;4.412192049005608;6.816735880594968;0;0;0.22
0;0;0;0;15;1;2;0;0;0;0;0;0;0;0;1;2;3.914021008090819;6.522901294778083;1;1;0.72
1;0;1;0;43;1;2;0;2;0;2;0;2;2;1;1;2;4.396915247167632;8.183844072781001;0;0;0.23
1;0;0;0;42;1;2;1;0;0;0;2;2;2;0;1;2;4.618086411254637;8.348525988194826;0;0;0.25
0;0;0;0;31;1;2;0;2;0;2;2;0;0;0;0;1;4.193435464866331;7.598549693958486;1;0;0.05
0;0;0;1;66;1;2;1;2;0;2;2;0;0;2;1;1;4.52124495105033;8.687956542084763;0;0;0.01
0;1;0;0;18;1;2;1;0;2;0;2;0;0;0;1;2;4.4595662121293;7.317776658171513;1;1;0.85
1;0;0;0;1;1;0;2;1;1;1;1;1;1;0;0;3;3.044522437723423;3.044522437723423;0;0;0.41671428571428565
1;0;1;0;61;1;2;1;0;2;0;2;2;0;2;1;2;4.554928969551344;8.637515223314212;1;0;0.05
1;0;0;0;10;1;2;1;0;2;0;0;0;0;0;0;2;4.392595586023115;6.682421831594891;0;0;0.23
1;1;0;0;1;1;0;1;0;0;0;0;0;0;0;1;2;4.285653390016292;4.285653390016292;1;1;0.76
0;1;0;0;18;1;0;1;0;2;0;0;0;0;0;1;2;4.311470041210748;7.215570806353545;0;0;0.07
1;0;1;0;24;1;2;1;0;2;2;0;2;2;0;1;2;4.660131744062066;7.8412767061179585;1;1;0.86
0;0;1;1;3;1;0;2;1;1;1;1;1;1;0;0;3;3.0106208860477417;4.019980146933238;0;0;0.04
1;0;0;0;50;1;0;2;1;1;1;1;1;1;1;0;1;3.0516399054922867;6.897755446903804;0;0;0.0
1;0;1;1;1;1;0;0;0;0;0;0;0;0;0;0;2;3.8188106237059674;3.8188106237059674;0;0;0.21
1;0;0;0;2;1;0;0;2;0;0;2;0;0;0;1;3;4.015481713796376;4.480740107609915;0;0;0.26
1;0;0;0;17;1;0;2;1;1;1;1;1;1;1;1;0;3.027715319407042;5.865192456165049;0;0;0.0
1;0;1;1;69;1;2;1;0;2;2;0;2;2;2;1;2;4.663439094112067;8.895458379597747;0;0;0.14
1;0;1;0;72;1;2;0;2;2;2;2;2;2;2;1;1;4.49647076906475;8.74873339199769;0;0;0.0
0;0;0;0;3;1;2;1;0;0;0;0;0;0;0;1;2;4.3208159036289855;5.353278924622011;1;1;0.82
1;1;1;1;50;1;2;0;2;2;2;0;0;2;2;1;0;4.332705079341171;8.248908435375105;0;0;0.01
0;0;0;0;53;1;0;2;1;1;1;1;1;1;2;0;3;3.056356895370426;6.956021496391625;0;0;0.0
0;0;1;0;58;1;2;1;2;2;0;2;2;2;2;1;1;4.701389043728634;8.763216982257173;0;0;0.1
1;0;0;0;46;0;1;0;2;0;0;0;0;0;1;1;0;3.457892725338701;7.306732720954747;0;0;0.03
1;1;1;0;72;1;2;1;2;2;2;2;2;2;0;1;1;4.735320870453137;8.994978961104028;0;0;0.14
0;1;0;0;1;1;2;1;0;0;0;0;0;0;0;1;2;4.320151230955794;4.320151230955794;1;1;0.91
0;0;1;1;6;1;2;1;0;2;2;0;2;0;0;1;3;4.554403068934438;6.2533479267381225;0;1;0.74
1;0;1;0;72;1;2;0;2;2;2;2;0;2;2;0;0;4.380149874661021;8.659412980375532;0;0;0.01
1;0;0;0;4;1;0;0;0;0;0;0;0;2;0;1;3;4.030694535145645;5.4785534168509695;0;0;0.12
0;0;1;1;52;1;0;2;1;1;1;1;1;1;2;0;3;3.013080911888604;6.939932010677358;0;0;0.01
0;0;0;0;2;1;0;2;1;1;1;1;1;1;1;0;3;3.065724645374026;3.5779478934066544;0;0;0.01
0;0;1;0;65;1;0;2;1;1;1;1;1;1;2;0;0;3.013080911888604;7.1861064536924415;0;0;0.02
1;1;1;0;43;1;2;1;0;2;0;0;2;2;0;1;2;4.624972813284271;8.386947822468757;1;1;0.93
1;0;1;0;4;1;2;1;0;2;0;0;2;2;0;1;2;4.617098756853365;6.04310778025982;1;1;0.96
1;1;1;0;25;1;2;1;2;0;0;0;0;2;1;1;2;4.500365071621965;7.686368893721923;1;0;0.17
0;0;1;0;51;1;2;0;0;2;0;2;2;2;1;1;1;4.3776420363560575;8.281939102681845;0;0;0.1
1;0;0;0;12;1;2;0;0;0;2;0;2;2;0;0;0;4.327438444389479;6.7190735390355;0;0;0.14
0;0;1;1;57;1;0;0;2;0;0;0;2;2;1;1;0;4.264087336809195;8.272391792949225;1;0;0.02
0;0;1;1;24;1;0;2;1;1;1;1;1;1;1;0;3;3.039749158970765;6.2813317304651;0;0;0.0
0;0;1;0;64;1;2;0;0;0;2;2;0;0;1;0;0;4.083452121055677;8.2314958148187;0;0;0.01
0;0;0;0;4;1;0;1;0;2;2;2;2;2;1;1;2;4.669552444917359;6.097849537811996;1;0;0.31
0;0;0;0;26;1;2;1;0;0;2;0;2;2;0;1;0;4.620058798481842;7.8636320418882555;0;0;0.27
0;0;1;1;15;1;0;2;1;1;1;1;1;1;0;0;3;3.0469005601283903;5.653541258219454;0;0;0.04
1;1;1;0;64;1;2;2;1;1;1;1;1;1;2;0;1;3.2827891506118534;7.462674340258639;0;0;0.0
1;1;1;0;36;1;2;1;0;2;0;0;2;2;0;1;2;4.579852378003801;8.14238337156769;1;1;0.72
0;0;1;0;27;1;2;1;0;0;0;0;2;2;0;0;1;4.564348191467836;7.809358678104415;0;0;0.1
1;1;1;0;1;1;0;1;0;0;0;0;0;0;0;0;3;4.274580612525034;4.274580612525034;1;1;0.89
0;0;0;0;35;1;2;0;2;0;2;2;2;2;1;1;1;4.465333240800292;8.042731640386172;1;0;0.03
1;0;0;0;4;1;0;1;0;0;2;0;0;0;0;1;2;4.316153890523174;5.6413750145275845;1;1;0.65
0;0;1;1;8;1;0;0;0;0;0;0;0;0;0;1;2;3.8383764652598478;6.022842082800238;0;0;0.18
1;0;0;0;10;1;0;2;1;1;1;1;1;1;0;1;1;3.044522437723423;5.296315363877364;0;0;0.0
0;0;0;0;2;1;0;0;0;2;0;0;0;0;0;0;3;3.9160150266976834;4.651099117876491;0;0;0.26
0;0;1;0;58;1;2;1;2;2;2;0;2;2;2;1;0;4.7045629298661265;8.723483521656435;1;1;0.64
1;0;1;0;51;1;0;0;2;2;2;2;2;2;2;1;1;4.433788569232471;8.31641026743448;0;0;0.0
0;0;1;1;46;1;0;2;1;1;1;1;1;1;2;1;3;3.0081547935525483;6.762960694078903;0;0;0.01
1;0;0;0;1;1;0;2;1;1;1;1;1;1;0;1;0;3.027715319407042;3.027715319407042;0;0;0.1
1;0;0;0;46;1;2;1;0;0;0;0;0;0;0;0;0;4.301358731606427;8.086533344673517;0;0;0.13
0;0;1;0;50;1;2;1;2;2;0;2;2;2;0;1;0;4.7063720664970585;8.595412699609673;0;0;0.15
1;0;1;1;53;1;0;0;0;2;0;2;2;0;0;0;1;4.189654742026425;8.121123804948436;0;0;0.03
1;0;1;0;61;1;2;1;0;2;2;2;2;2;0;1;2;4.745801315727837;8.87250821107698;0;0;0.34
1;0;0;0;5;1;0;2;1;1;1;1;1;1;0;0;0;3.075005454448499;4.549128795104466;0;0;0.06
1;0;0;0;47;1;0;0;2;2;2;2;2;2;1;1;0;4.476768471183568;8.32842691193826;0;0;0.01
0;0;0;0;54;1;2;1;0;2;2;0;2;0;1;1;0;4.561740628060756;8.541446683216941;0;0;0.07
1;0;0;1;19;0;1;0;0;0;0;0;0;0;0;1;1;3.2714682749873716;6.340535655019982;0;0;0.05
0;0;0;1;26;1;0;1;0;2;2;2;2;2;2;1;2;4.667675391339489;7.907025939132466;0;0;0.08
1;0;1;1;70;1;2;2;1;1;1;1;1;1;2;0;3;3.2733640101522705;7.486080660094743;0;0;0.0
1;0;1;0;17;1;2;1;0;2;2;0;2;2;0;1;2;4.640054587841593;7.463649866115706;0;1;0.67
0;0;0;0;30;1;2;1;0;2;0;0;2;2;0;1;2;4.617098756853365;8.001288021906948;1;1;0.76
0;0;0;1;1;1;2;2;1;1;1;1;1;1;0;0;3;3.2188758248682006;3.2188758248682006;0;0;0.29833333333333334
0;0;1;1;19;1;2;2;1;1;1;1;1;1;2;0;3;3.2809112157876537;6.188058763188655;0;0;0.0
0;0;1;0;26;1;0;0;0;2;2;0;2;2;2;1;1;4.310799125385514;7.553129278070399;0;0;0.03
0;0;1;1;21;1;0;1;0;2;0;0;0;0;0;1;0;4.318154558079471;7.356726775399442;1;1;0.75
1;0;1;0;50;1;2;1;0;2;0;0;2;2;1;1;2;4.5976419195673;8.488731986594201;0;0;0.17
0;0;1;0;68;0;1;0;2;0;2;0;2;2;1;1;2;4.014579593753238;8.222728166667624;0;0;0.04
1;0;0;0;3;1;2;1;0;0;2;0;2;2;0;1;0;4.63035048451839;5.701613457371361;1;1;0.95
1;0;1;1;9;1;0;1;0;0;2;2;2;2;0;0;2;4.645351975620923;6.878789800689122;0;0;0.17
0;0;1;1;51;0;1;0;2;0;0;2;0;0;2;0;0;3.5610460826040513;7.48605261786314;0;0;0.01
0;0;0;0;9;1;0;0;0;0;0;0;0;0;0;1;2;3.8010914447208646;6.008075812913178;0;0;0.31
1;1;1;1;41;1;2;1;0;2;2;2;2;2;1;1;2;4.726945242914012;8.419778799309196;1;1;0.8
1;0;0;0;22;1;2;1;0;2;0;0;2;2;0;1;2;4.621535540074356;7.790261693687688;0;0;0.31
0;0;1;1;21;0;1;0;2;0;2;0;2;2;1;1;2;4.0421736898931915;7.054492835093721;1;1;0.68
1;0;1;1;71;1;2;1;2;2;2;2;2;2;2;1;0;4.76260119393692;9.023830054560774;0;0;0.01
1;0;0;0;1;1;0;0;0;0;0;0;0;0;0;0;2;3.844814255734696;3.844814255734696;1;1;0.93
1;0;1;1;26;1;2;0;0;0;2;2;2;2;1;1;1;4.418840607796598;7.6420923863669445;0;0;0.18
1;0;1;0;71;1;2;0;2;2;0;2;0;0;2;0;0;4.191924890560965;8.451640823176001;0;0;0.01
1;0;0;0;4;1;0;0;0;0;0;0;0;0;0;1;1;3.824284091120139;5.177279038170981;0;0;0.23
0;0;0;0;12;1;2;1;2;0;0;0;0;0;0;1;2;4.39197696552705;6.909952862525624;0;0;0.06
0;0;1;0;18;1;2;1;0;0;0;2;2;0;0;1;2;4.498141613229568;7.375099124136167;0;1;0.69
0;0;0;0;3;1;2;1;0;0;0;0;0;0;0;1;2;4.330075229041782;5.363168338867653;0;0;0.41
0;1;1;0;72;1;2;1;2;2;0;0;2;2;1;1;0;4.680741372835166;8.94616647110398;0;0;0.05
1;0;0;0;11;1;0;1;0;2;0;0;0;0;0;0;2;4.330075229041782;6.70502691241052;1;1;0.78
0;0;0;0;1;1;0;1;0;0;0;0;0;2;0;0;1;4.396299293960601;4.396299293960601;1;1;0.98
1;0;0;0;13;1;0;2;1;1;1;1;1;1;1;0;1;3.0106208860477417;5.563178511214115;0;0;0.0
0;0;1;0;72;1;2;1;0;2;2;2;2;2;1;1;2;4.702750514326955;9.000951785894308;1;1;0.78
1;0;1;0;42;1;2;0;2;0;0;0;0;0;1;0;1;4.044804116661965;7.778148658469255;0;0;0.0
0;0;0;0;17;1;0;2;1;1;1;1;1;1;0;0;1;3.0301337002713233;5.83290834386429;0;0;0.07
0;1;0;0;7;1;0;0;0;2;0;0;0;0;0;1;3;3.9569963710708773;6.041087697581306;0;0;0.13
0;0;1;0;68;1;2;1;2;2;2;2;2;2;2;0;3;4.784152841516532;8.986077444394057;0;0;0.09
1;0;1;1;56;1;2;2;1;1;1;1;1;1;2;0;0;3.224857896545748;7.246546253822308;0;0;0.0
0;0;1;1;38;1;0;2;1;1;1;1;1;1;1;0;3;3.0587070727153796;6.6205397643419985;0;0;0.0
0;0;1;1;72;1;2;1;2;2;2;2;2;2;2;1;2;4.757891273005756;9.039095244421809;0;0;0.0
0;0;0;0;48;1;2;2;1;1;1;1;1;1;1;0;1;3.260017768199376;7.066893500320434;0;0;0.0
0;1;1;0;52;1;2;1;2;2;2;0;2;2;0;1;2;4.701389043728634;8.639224966161997;0;0;0.14
0;0;1;1;35;1;0;2;1;1;1;1;1;1;1;0;3;3.027715319407042;6.564983240212396;0;0;0.0
1;0;1;0;67;1;2;1;0;2;2;2;2;2;2;1;0;4.721173861744398;8.931710537443836;0;0;0.18
0;0;0;0;1;0;1;0;2;0;0;0;0;0;0;0;3;3.4307561839036995;3.4307561839036995;0;0;0.29
1;0;0;0;53;1;0;1;0;2;0;2;0;0;0;1;3;4.401829261970061;8.377724206124961;0;0;0.24
1;0;1;1;34;1;0;2;1;1;1;1;1;1;0;0;3;3.0819099697950434;6.45661265737732;0;0;0.01
0;0;0;0;3;0;1;0;0;0;0;0;2;0;0;0;1;3.5890591188317256;4.70002571700077;1;0;0.26
0;0;1;0;1;1;0;1;0;0;0;0;2;0;0;0;2;4.379523504455763;4.379523504455763;1;1;0.92
1;0;0;0;19;1;0;1;0;0;2;2;2;0;0;0;3;4.5103099049641315;7.428570836777475;0;0;0.28
0;1;1;0;60;1;2;1;2;2;2;2;2;2;2;1;0;4.76260119393692;8.843167661654507;0;0;0.13
1;0;0;0;11;1;0;2;1;1;1;1;1;1;2;0;1;3.022860940942244;5.412315470601449;0;0;0.0
0;0;0;0;47;1;2;1;0;2;2;0;2;2;0;1;2;4.676560182074764;8.542656238852768;1;1;0.56
1;0;0;0;18;1;0;0;2;0;0;0;0;0;0;0;2;3.919991175077323;6.775137754367298;1;1;0.78
0;0;1;1;60;1;2;1;2;2;2;2;2;2;2;0;1;4.755743044467466;8.818696804780283;0;0;0.0
1;0;1;0;72;1;2;2;1;1;1;1;1;1;2;0;1;3.250374491927572;7.536523925605876;0;0;0.0
1;0;0;0;39;1;0;2;1;1;1;1;1;1;1;0;3;3.039749158970765;6.674750767821052;0;0;0.0
0;0;1;0;59;1;0;1;2;0;2;0;0;0;1;1;1;4.409763389645481;8.442566623276399;0;0;0.01
1;0;1;1;2;1;0;1;0;0;0;0;0;0;0;0;3;4.261975403606051;4.976043849326636;0;0;0.5
1;1;0;0;1;1;0;1;0;0;0;0;0;0;0;0;2;4.249922794040544;4.249922794040544;1;1;0.97
1;0;1;1;20;1;0;1;0;0;0;0;2;2;0;1;2;4.513054897080286;7.48299129067699;1;1;0.51
0;0;0;0;6;1;2;1;0;0;0;0;2;2;0;1;0;4.549128795104466;6.286742696181391;1;1;0.93
1;0;0;0;71;1;2;1;0;0;2;2;0;0;2;1;1;4.470495282661489;8.727940222393896;0;0;0.02
0;0;1;0;24;1;2;0;2;2;2;0;0;0;0;0;3;4.209160236650682;7.352729520185014;0;0;0.05
1;1;1;0;67;1;2;1;0;0;0;0;2;2;0;1;1;4.560695695886262;8.712759974960212;0;0;0.22
1;0;0;0;1;1;0;1;0;0;0;0;0;2;0;1;3;4.404888303817144;4.404888303817144;1;1;0.96
0;0;1;1;48;1;2;1;0;0;0;0;0;2;1;1;3;4.419442836059304;8.30175735917023;1;1;0.68
0;0;1;0;37;1;2;0;0;2;0;2;0;2;1;0;3;4.291828366755733;7.885855812422606;0;0;0.04
1;0;0;0;11;0;1;0;0;2;2;0;0;0;0;0;3;3.5751506887855933;5.952073819503063;0;0;0.08
1;0;1;0;3;1;0;2;1;1;1;1;1;1;0;1;1;3.070375816549757;3.9541241814467813;1;1;0.66
0;0;1;0;18;1;0;1;0;0;2;0;2;2;0;1;1;4.574195381688661;7.465369064246887;0;0;0.17
1;0;1;1;50;1;0;0;0;0;0;0;0;0;1;1;0;3.824284091120139;7.710586116941816;0;0;0.0
0;0;1;1;67;1;2;1;2;0;2;2;2;2;1;1;2;4.704110133842995;8.893243220287545;0;0;0.06
0;0;1;0;25;1;0;0;2;2;0;2;0;2;0;1;3;4.277360322445531;7.516814079159796;0;0;0.01
0;1;0;0;2;1;2;1;0;0;2;0;0;0;0;1;2;4.376385754783795;5.014295254927743;1;1;0.95
1;0;0;0;9;1;0;2;1;1;1;1;1;1;0;0;1;3.0301337002713233;5.202356975402125;0;0;0.04
0;0;0;1;10;0;1;0;2;2;0;2;0;0;1;0;3;3.71965111278069;6.0221149863067405;0;0;0.01
0;0;1;0;70;1;0;2;1;1;1;1;1;1;2;0;1;3.0373539482448106;7.192445379947863;0;0;0.01
1;0;0;0;9;1;0;0;2;0;2;2;0;2;0;1;0;4.237723145067448;6.359487359740276;0;0;0.16
0;0;0;0;4;1;0;2;1;1;1;1;1;1;0;1;1;3.0516399054922867;4.240607069200353;0;0;0.02
0;0;0;0;2;1;0;0;2;0;0;0;0;0;0;0;3;3.9502817175452365;4.82068471013781;0;0;0.12
0;0;0;1;1;1;0;1;0;0;0;0;0;2;0;0;2;4.3776420363560575;4.3776420363560575;1;1;0.99
1;0;0;0;19;0;1;0;0;0;0;0;0;0;0;1;0;3.263849190510932;6.1513487587830005;0;0;0.13
1;0;1;1;7;1;0;2;1;1;1;1;1;1;0;1;0;3.056356895370426;5.168777995193051;0;0;0.02
1;0;0;0;1;1;0;0;0;0;0;0;0;0;0;1;2;3.7819143200811256;3.7819143200811256;1;1;0.71
1;1;0;0;1;1;0;0;0;0;0;0;0;0;0;0;2;3.8066624897703196;3.8066624897703196;0;0;0.4
0;0;1;1;9;1;0;2;1;1;1;1;1;1;1;0;3;3.056356895370426;5.155312672131032;0;0;0.0
0;0;0;0;3;0;1;0;2;0;0;2;0;0;0;0;3;3.5624655292582776;4.9441393028078915;1;1;0.69
0;0;0;0;9;0;1;0;2;0;2;2;2;2;0;0;3;4.085976312551584;6.293141976076298;1;1;0.72
0;0;0;0;5;1;0;0;2;0;2;0;0;0;0;0;1;4.039536325727106;5.708438286192395;0;0;0.2
0;0;1;1;56;1;0;1;0;0;0;0;2;2;1;0;0;4.498697941477575;8.51097389160232;0;0;0.02
0;0;0;1;18;1;2;0;2;0;0;0;0;0;0;0;3;4.0715875750994845;6.901435350237318;0;0;0.05
1;1;0;0;49;1;2;1;0;0;0;0;2;2;0;1;2;4.576770711466393;8.459405167648843;1;1;0.98
1;0;1;0;70;1;2;0;2;2;2;2;2;0;2;0;3;4.383899879055562;8.619298414353391;0;0;0.04
0;0;0;0;72;1;2;1;0;2;2;2;2;2;2;1;1;4.691806492647638;8.962852897272455;0;0;0.03
0;1;0;0;6;1;0;1;0;0;2;0;0;0;0;0;2;4.32280727501391;6.075575889726634;1;1;0.8
1;1;1;0;17;1;2;1;0;0;0;0;2;2;0;1;2;4.562262684976814;7.355577203169126;0;0;0.22
1;0;1;0;29;0;1;0;0;0;0;0;2;2;0;1;2;3.8480176754522337;7.19548735018396;0;0;0.18
0;0;1;0;6;1;2;1;0;2;2;0;2;2;0;1;2;4.666265285347902;6.302985209039605;1;1;0.81
1;0;1;0;63;1;2;1;0;0;2;0;2;2;2;0;2;4.640537329825382;8.747947705731782;0;0;0.03
1;0;1;0;16;1;2;1;0;0;0;0;0;0;0;1;0;4.3154861108656375;7.158669627241704;1;1;0.84
1;0;0;0;59;1;0;0;0;0;2;0;0;2;1;1;0;4.132763672126045;8.201523082424288;0;0;0.01
0;0;0;0;3;1;0;0;0;0;2;0;2;0;0;0;2;4.069881090043726;5.090370262115109;0;0;0.16
0;0;0;0;8;0;1;0;0;2;0;0;0;0;0;1;3;3.4094961844768505;5.42912630665945;0;0;0.16
0;1;1;0;7;1;2;1;0;0;0;0;0;2;0;1;2;4.449101000338202;6.47365918807482;1;1;0.97
0;0;0;0;68;1;0;2;1;1;1;1;1;1;2;0;1;3.0252910757955354;7.2742369791112536;0;0;0.0
0;0;1;1;68;1;2;1;2;0;2;2;2;2;2;0;1;4.725172978382788;8.92429695619291;0;0;0.03
0;1;1;0;52;1;2;1;0;2;2;0;2;2;1;1;2;4.677490847567717;8.634593931784867;0;0;0.25
1;0;1;1;72;1;2;1;2;2;0;2;2;2;2;1;1;4.688591794127164;8.977247489808304;0;0;0.02
0;0;1;0;32;1;0;2;1;1;1;1;1;1;1;0;3;3.0106208860477417;6.387215963028507;0;0;0.0
0;0;1;0;72;1;0;2;1;1;1;1;1;1;2;0;0;3.0469005601283903;7.261681448499596;0;0;0.0
1;0;1;1;1;1;0;1;0;0;0;0;0;0;0;1;1;4.261975403606051;4.261975403606051;0;0;0.4
1;0;1;1;42;1;0;0;2;0;0;2;0;2;1;0;1;4.169761201506855;7.924560804946156;0;0;0.03
0;0;0;0;25;1;2;2;1;1;1;1;1;1;2;0;1;3.248434627109745;6.541174288923939;1;1;0.65
1;0;0;0;45;1;0;0;2;0;0;0;0;0;0;1;0;3.949318790171843;7.740468730600945;0;0;0.05
0;0;1;1;43;0;1;0;2;0;2;2;2;2;1;1;1;4.117409835153096;7.879121145064257;0;0;0.0
1;0;1;0;37;1;2;0;2;0;2;0;2;2;1;0;3;4.385146762010125;7.976870096861224;0;0;0.11
0;1;0;0;20;1;2;1;0;0;0;0;0;2;0;1;1;4.463606621666305;7.455009259361679;1;1;0.58
0;0;0;0;4;0;1;0;0;0;0;0;0;0;0;1;2;3.2367157429965316;4.472780997942346;1;1;0.9
1;0;1;0;63;1;0;1;2;2;2;2;2;2;2;1;1;4.7104306966455844;8.81086230571214;0;0;0.03
1;0;0;0;3;1;0;1;0;0;0;0;2;2;0;0;3;4.51852237926242;5.474998043451905;0;0;0.2
1;0;1;1;66;1;2;2;1;1;1;1;1;1;2;1;1;3.269568939183719;7.422582884127426;0;0;0.0
1;0;0;0;28;1;2;1;0;2;2;0;2;2;0;1;2;4.670021158307708;7.999846350659981;1;1;0.88
0;1;0;0;8;1;2;1;0;0;0;0;0;2;0;0;2;4.456670177669648;6.546426666362057;0;1;0.9
1;0;0;1;71;1;2;2;1;1;1;1;1;1;2;0;3;3.232778730037192;7.4119187598745775;0;0;0.0
1;0;0;0;1;0;1;0;0;0;0;0;0;0;0;1;2;3.228826155721369;3.228826155721369;1;1;0.69
0;0;1;1;72;1;2;2;1;1;1;1;1;1;2;0;0;3.261935314328648;7.527713295923721;0;0;0.0
1;1;1;0;16;1;0;0;2;2;0;0;0;0;0;1;0;4.017283516085639;6.716715831568459;0;0;0.06
1;0;1;0;66;1;2;1;2;2;2;2;0;0;2;0;3;4.580877493419047;8.767990819512264;0;0;0.08
0;0;0;0;11;1;2;1;0;0;0;0;0;0;0;1;2;4.350277936359301;6.732151109935707;1;1;0.7
1;0;0;0;51;1;2;0;2;2;2;2;2;0;1;1;1;4.408546844483277;8.32535448993044;0;0;0.01
0;0;0;1;8;0;1;0;2;0;0;0;0;2;0;1;2;3.676300671907076;5.8045323777563445;0;0;0.12
1;0;0;0;14;1;0;1;0;0;0;0;2;2;0;1;2;4.542230386214217;7.19926750701427;0;0;0.22
0;0;0;0;4;1;2;1;0;2;0;2;0;2;0;1;2;4.548599834499697;5.894953646727139;1;1;0.83
0;0;0;0;70;1;2;0;2;2;2;0;2;2;2;0;3;4.450852825603734;8.69818886962152;0;0;0.03
0;0;0;1;70;1;2;0;2;2;0;2;0;0;2;0;2;4.204692619390966;8.495458699270232;0;0;0.01
0;1;1;0;54;1;2;1;0;2;0;0;2;2;1;1;1;4.629862798578463;8.589346397115445;1;1;0.74
1;0;0;1;28;1;0;1;2;0;0;0;0;0;0;1;0;4.3294166844015844;7.635086471322152;1;1;0.81
1;0;0;0;24;1;0;2;1;1;1;1;1;1;2;0;3;3.079613757534693;6.1904178596209745;0;0;0.0
0;0;1;0;69;1;0;0;0;2;0;0;0;2;2;1;1;4.134366236571586;8.326565231778707;0;0;0.03
1;0;1;1;42;1;0;0;2;2;0;0;0;0;0;0;3;4.0163830207523885;7.7415987478887605;0;0;0.07
0;1;0;0;2;1;0;1;0;0;0;0;0;0;0;1;2;4.257030144499196;4.8877140805837485;1;1;0.79
0;1;0;0;39;1;2;1;0;0;2;0;2;2;0;1;2;4.612642200826793;8.30325712085294;0;0;0.22
1;0;1;1;45;1;2;1;0;2;2;2;2;2;2;1;0;4.707275408925245;8.497327162110192;0;0;0.15
1;0;1;1;72;1;2;0;2;2;2;2;2;0;2;1;0;4.404888303817144;8.653200267007206;0;0;0.0
0;0;0;0;38;1;0;2;1;1;1;1;1;1;2;0;3;3.0587070727153796;6.612108236876059;0;0;0.0
1;0;1;0;72;1;2;0;2;2;2;2;0;0;2;1;0;4.231203744939298;8.477547588009875;0;0;0.0
1;0;0;0;1;1;2;2;1;1;1;1;1;1;0;1;3;3.2208738275308737;3.2208738275308737;1;1;0.7
1;0;1;1;72;1;0;2;1;1;1;1;1;1;2;1;1;3.0349529867072724;7.255344068559612;0;0;0.0
1;0;1;0;55;1;2;2;1;1;1;1;1;1;2;0;0;3.2846635654062037;7.275622356674983;0;0;0.04
0;0;1;1;51;0;1;0;0;0;2;2;2;2;1;1;2;4.04567939024082;7.972448774446621;0;0;0.05
1;0;0;0;63;1;0;0;2;2;2;2;2;2;2;1;0;4.473921899378137;8.577441271761595;0;0;0.0
0;0;0;0;1;1;0;2;1;1;1;1;1;1;0;0;3;3.0633909220278057;3.0633909220278057;0;0;0.08273809523809524
0;0;1;1;23;1;0;2;1;1;1;1;1;1;2;1;3;3.027715319407042;6.11489825427318;0;0;0.01
0;0;0;0;1;1;0;0;0;2;0;0;0;0;0;0;2;3.942552210462969;3.942552210462969;1;1;0.87
0;0;0;0;2;1;2;0;0;0;0;2;0;0;0;1;3;4.013676659154646;4.771108263531522;0;1;0.61
0;1;0;0;52;1;2;1;2;2;2;0;2;2;0;0;1;4.692264892839025;8.6725374443659;0;0;0.05
0;0;0;0;36;1;2;0;2;0;0;0;0;0;1;0;3;4.015481713796376;7.546710230458656;0;0;0.0
0;0;0;0;1;1;0;0;0;0;0;0;0;0;0;0;3;3.836221292011864;3.836221292011864;0;0;0.24
0;0;0;0;28;1;2;0;2;0;2;0;0;0;1;0;3;4.0943445622221;7.411828154175417;0;0;0.0
0;0;1;1;7;1;0;0;2;2;2;0;2;0;1;0;2;4.254903238344689;6.1697153295314555;0;0;0.06
1;0;0;0;14;1;2;1;0;2;0;0;2;2;0;1;2;4.620551288026394;7.255979616917987;1;1;0.85
1;1;1;0;72;0;1;0;2;2;2;2;2;2;2;1;1;4.188896879163323;8.42222295382501;0;0;0.0
0;0;1;1;1;1;0;2;1;1;1;1;1;1;0;1;3;3.068052935133617;3.068052935133617;1;1;0.82
0;0;0;0;10;1;0;2;1;1;1;1;1;1;0;0;3;2.9882040071331994;5.101085197018328;0;0;0.03
1;0;0;0;42;1;0;2;1;1;1;1;1;1;1;0;0;3.0349529867072724;6.746294612855512;0;0;0.0
0;0;0;0;7;0;1;0;0;0;0;0;0;0;0;0;0;3.260017768199376;5.252011613671526;0;0;0.31
1;0;0;0;4;1;0;1;0;0;2;0;0;0;0;1;0;4.328098292648326;5.77734267776423;1;1;0.84
1;0;1;1;72;1;2;1;2;2;2;2;2;2;2;1;1;4.747537427275013;8.994613002676543;0;0;0.0
0;0;1;0;20;0;1;0;0;0;0;0;0;0;0;1;2;3.2367157429965316;6.181671598175927;1;1;0.79
1;0;0;0;63;1;0;1;2;2;2;2;2;2;2;0;1;4.702296896718814;8.86088927312677;0;0;0.12
0;0;0;0;56;0;1;0;2;2;2;2;0;0;2;0;0;3.829727762701316;7.84819213268437;0;0;0.03
0;0;0;1;5;1;0;0;0;0;0;2;0;0;0;1;3;3.9512437185814275;5.662265794453267;0;0;0.09
0;0;1;0;72;1;2;1;0;2;2;2;2;2;2;1;0;4.713576059831878;8.985132190779757;0;0;0.0
1;1;1;1;68;1;2;1;0;2;2;0;0;0;0;1;2;4.450269224770129;8.645516043111149;0;0;0.19
1;0;1;1;67;1;0;0;2;2;0;2;0;0;1;0;3;4.111693200556713;8.292811373766611;0;0;0.0
1;0;1;1;8;1;0;0;0;0;0;0;0;0;0;0;0;3.8210036070409776;5.913908328889107;0;0;0.13
1;0;1;1;52;1;2;1;0;2;0;2;0;2;0;1;0;4.54595082632812;8.440895130460174;0;0;0.16
0;0;1;1;18;1;0;2;1;1;1;1;1;1;0;1;3;3.056356895370426;5.998812484770521;0;0;0.03
0;0;1;1;59;1;2;2;1;1;1;1;1;1;2;0;3;3.2752561583043085;7.336318232780702;0;0;0.01
0;0;0;0;60;1;0;2;1;1;1;1;1;1;2;0;3;3.0726933146901194;6.9975959829819265;0;0;0.01
1;0;0;0;7;1;2;1;0;0;0;0;2;2;0;1;2;4.554928969551344;6.5543606631649745;0;0;0.36
1;0;1;1;59;0;1;0;2;0;2;0;0;0;1;0;3;3.5779478934066544;7.591508473900213;0;0;0.02
1;0;0;0;46;0;1;0;2;0;2;2;2;2;2;1;0;4.123093975508087;7.9705331146410305;0;0;0.0
1;0;0;0;5;1;0;0;0;2;0;0;0;0;0;1;2;3.9579519373165457;5.573294066502264;0;0;0.15
1;1;1;0;59;0;1;0;2;0;2;2;2;2;2;1;1;4.1751562049585145;8.265611584589179;0;0;0.02
0;0;1;0;70;1;2;0;0;2;2;2;2;2;2;1;0;4.4520190064939165;8.685846765444772;0;0;0.0
0;0;0;0;14;1;0;1;0;0;0;0;0;0;0;1;1;4.276666119016055;6.818924065275521;1;1;0.75
0;0;0;0;44;1;2;0;0;0;0;0;0;0;0;1;3;3.9347624923976356;7.668607835896095;0;0;0.24
0;0;1;0;64;1;2;1;2;0;2;0;2;0;2;1;1;4.560172820057356;8.691096077100468;0;0;0.12
0;0;1;1;58;0;1;0;2;0;2;2;2;2;2;0;3;4.1067670822206574;8.195706114352095;0;0;0.02
0;1;1;0;46;1;2;1;0;0;0;2;2;2;1;0;2;4.617592705986649;8.466920428740588;0;0;0.14
1;1;1;0;58;1;2;1;0;2;0;0;2;2;0;1;2;4.604169685654508;8.662453036069365;0;0;0.16
0;0;1;0;72;1;2;1;0;2;0;0;2;2;2;1;1;4.592084946439436;8.835021272311026;0;0;0.04
0;1;0;0;30;0;1;0;0;0;2;0;2;0;0;1;2;3.720862499966987;7.068129410043267;1;1;0.76
1;1;0;0;11;1;2;0;2;2;0;0;0;0;0;0;0;4.114963849424837;6.498206845436337;0;0;0.08
0;1;0;0;34;0;1;0;0;2;2;0;2;2;0;1;2;4.047427642434349;7.477010175371521;0;0;0.47
1;0;0;0;54;0;1;0;2;2;0;0;0;2;2;0;0;3.8543938925915096;7.796859791811975;0;0;0.03
0;0;0;0;3;0;1;0;0;2;0;0;2;2;0;1;2;3.9435216724875173;5.05209708390385;1;1;0.87
0;0;1;1;72;1;2;2;1;1;1;1;1;1;2;0;3;3.254242968705492;7.528439287808367;0;0;0.0
0;0;1;1;40;1;2;1;0;0;2;2;0;0;0;1;2;4.4526015873434845;8.102904267698277;1;1;0.78
0;0;1;1;2;1;0;0;0;0;0;0;2;2;0;0;3;4.200204952921578;4.90786401606031;1;1;0.78
1;0;1;1;54;1;2;0;0;0;2;0;0;2;2;0;1;4.164336934042136;8.134496895360774;0;0;0.0
0;0;0;0;14;1;0;0;2;0;0;0;0;0;0;0;0;3.933784497209659;6.565968947537155;0;0;0.15
0;0;0;0;1;1;0;1;0;0;0;0;0;0;0;0;2;4.269697449699962;4.269697449699962;1;1;0.93
0;0;0;0;10;1;2;1;0;2;2;0;0;2;0;1;2;4.562784469491653;6.861135258346911;1;1;0.78
0;0;0;0;1;1;0;0;2;0;0;0;0;0;0;0;2;3.9347624923976356;3.9347624923976356;0;0;0.09
1;0;0;0;1;1;0;2;1;1;1;1;1;1;0;0;3;3.0325462466767075;3.0325462466767075;1;1;0.7456666666666666
1;0;0;0;56;1;2;0;2;2;0;2;0;0;1;1;0;4.184337600748806;8.20700644442437;0;0;0.02
0;0;1;0;68;1;0;0;2;2;0;2;2;2;2;1;0;4.389498649512583;8.61555326102932;0;0;0.02
0;0;1;1;14;1;0;2;1;1;1;1;1;1;1;1;3;3.0204248861443626;5.60947179518496;0;0;0.01
1;0;1;1;68;1;0;1;2;0;0;2;2;2;2;1;2;4.610655116218661;8.805225202632306;0;0;0.02
1;1;1;0;55;1;2;1;0;0;0;0;0;0;0;1;2;4.31748811353631;8.307311314085213;0;0;0.1
0;0;0;0;16;0;1;0;2;0;0;0;2;0;0;1;2;3.686376323895818;6.500388363584376;0;0;0.48
1;1;0;0;9;1;0;1;0;0;0;0;0;2;0;1;2;4.388878109622984;6.578626016616183;0;0;0.28
1;0;1;1;14;1;0;0;2;2;0;0;2;0;0;1;2;4.196449785159254;6.844389403360317;1;1;0.67
1;1;1;0;58;1;2;1;0;0;2;0;2;2;0;1;2;4.602165676967792;8.667955279302426;1;1;0.72
1;0;0;0;53;0;1;0;2;2;0;0;0;2;0;1;0;3.856510295497887;7.843005145257438;0;0;0.03
1;0;1;0;70;1;2;1;2;2;2;0;2;0;2;1;1;4.608664075242347;8.845849246837444;0;0;0.04
0;1;1;1;14;1;2;1;0;0;0;0;2;2;0;1;2;4.572646994282532;7.205857868761802;0;0;0.27
1;0;1;1;22;1;0;0;2;0;2;2;2;0;1;1;0;4.22683374526818;7.342811551267739;1;0;0.07
0;0;1;0;10;1;2;1;2;0;0;0;0;0;0;1;1;4.371344786327021;6.641377973024185;0;0;0.14
0;0;1;1;29;1;2;2;1;1;1;1;1;1;2;0;3;3.299533727885655;6.541823335209299;0;0;0.1
0;0;0;0;1;1;0;1;0;0;0;0;0;0;0;1;2;4.257030144499196;4.257030144499196;1;1;1.0
1;0;1;0;49;1;2;0;2;0;2;2;2;2;1;0;2;4.4467604492404496;8.30902445577673;1;1;0.69
0;1;1;0;68;1;2;1;0;2;0;0;2;2;0;1;2;4.617098756853365;8.832390717758596;1;1;0.74
0;0;0;0;1;1;0;1;0;0;0;0;2;0;0;0;2;4.370080563655481;4.370080563655481;1;1;0.99
0;0;0;0;30;0;1;0;0;0;0;2;0;2;1;1;1;3.7220724214697003;7.080068586579022;0;0;0.05
0;0;1;0;72;1;2;0;2;2;2;2;2;0;2;0;1;4.384523514872469;8.59469112543662;0;0;0.01
0;0;0;0;10;1;0;2;1;1;1;1;1;1;0;1;3;3.086486636822455;5.5134287461649825;0;0;0.02
1;0;0;0;7;1;2;1;0;0;0;0;0;0;0;0;2;4.312140507209715;6.255750041753367;1;1;0.87
0;0;0;0;9;1;2;1;0;0;0;0;0;0;0;1;2;4.327438444389479;6.56187896228563;1;1;0.79
0;0;0;1;1;1;0;0;2;0;0;0;0;0;0;0;3;3.929862923556477;3.929862923556477;0;0;0.15
0;0;0;0;20;1;2;0;0;2;0;2;0;2;0;1;1;4.247065649239764;7.223550935092717;0;0;0.04
0;0;0;0;1;1;0;2;1;1;1;1;1;1;0;1;3;3.056356895370426;3.056356895370426;0;1;0.87
0;0;0;0;29;1;2;1;0;0;0;0;0;0;0;1;1;4.343805421853684;7.703571857388417;0;0;0.13
1;0;0;0;1;1;0;1;0;0;0;2;0;0;0;0;2;4.31748811353631;4.31748811353631;0;0;0.16
1;0;0;0;3;1;0;1;2;0;0;2;0;0;0;1;3;4.422448549172797;5.372496764722288;0;0;0.17
0;0;0;0;20;1;0;1;2;0;2;0;2;0;0;1;0;4.504244267398131;7.534842782032572;0;0;0.31
1;0;0;1;64;1;0;1;0;2;0;2;2;2;0;1;1;4.606669062111827;8.727810617365039;0;0;0.13
1;0;0;0;1;1;0;2;1;1;1;1;1;1;0;1;3;3.054001181677967;3.054001181677967;1;1;0.98
0;0;0;0;6;0;1;0;2;0;0;0;0;0;0;0;0;3.416085994155906;5.090370262115109;0;0;0.14
1;0;1;0;50;1;0;2;1;1;1;1;1;1;2;0;2;3.0349529867072724;6.921855403360919;0;0;0.0
1;0;0;0;6;1;0;0;2;0;0;0;0;2;0;1;0;4.096841442420688;5.822157927391522;0;0;0.05
1;0;1;1;7;1;0;0;0;0;0;0;0;0;0;0;2;3.82319179172153;5.813085209546651;0;0;0.1
1;0;1;1;72;1;2;1;0;0;2;0;0;2;2;1;1;4.519612297626445;8.781524750259768;0;0;0.07
1;0;1;0;8;1;0;0;0;2;0;0;0;0;0;1;0;3.9229629454664803;5.977492389541099;0;0;0.07
0;0;1;1;67;1;2;1;2;0;0;2;2;2;2;0;1;4.679349584162343;8.855164304161185;0;0;0.04
0;1;1;0;24;1;2;1;0;0;0;0;2;2;0;1;2;4.549128795104466;7.725352112728672;1;1;0.82
0;0;1;0;72;1;2;1;2;2;0;0;0;2;2;1;1;4.558602550171757;8.842561145924268;0;0;0.07
1;0;1;1;33;1;0;2;1;1;1;1;1;1;1;1;0;3.017982882488811;6.399010821419971;0;0;0.01
1;0;0;0;2;0;1;0;0;0;0;0;0;0;0;1;2;3.260017768199376;4.04917284357538;1;1;0.88
1;0;1;0;70;1;0;0;2;2;0;2;0;2;2;0;3;4.233381604239311;8.44787526710534;0;0;0.0
0;0;0;0;22;1;0;0;0;2;2;0;2;0;1;0;0;4.193435464866331;7.2743409490293836;0;0;0.02
0;0;0;0;59;1;2;1;2;2;2;0;0;2;0;1;0;4.609660091260944;8.634922892317014;0;0;0.08
1;0;0;0;36;1;0;2;1;1;1;1;1;1;1;1;1;3.0610517396746335;6.546570179565519;0;0;0.0
0;0;1;1;51;1;0;2;1;1;1;1;1;1;2;0;3;3.0421386463681466;6.93707133331619;0;0;0.0
1;0;1;0;53;1;2;0;2;0;2;2;2;0;1;0;0;4.361823927356363;8.332536911275563;0;0;0.02
0;0;1;1;20;1;0;2;1;1;1;1;1;1;1;0;0;3.0301337002713233;5.982928216085695;0;0;0.1
1;0;1;0;63;1;0;1;2;0;2;0;2;2;2;0;1;4.612145799724517;8.75327665972029;0;0;0.06
0;0;0;0;40;1;0;1;0;2;0;0;0;0;0;0;1;4.328098292648326;7.997225909732963;0;0;0.15
1;0;0;0;35;1;0;2;1;1;1;1;1;1;1;1;3;3.0032042883926917;6.459904454377535;0;0;0.0
1;0;1;1;26;1;0;1;0;0;0;0;0;2;1;0;0;4.381401439279963;7.618373940454087;0;0;0.09
1;1;1;0;27;1;2;1;0;2;2;0;0;2;0;1;2;4.570061008874523;7.828516005527744;1;1;0.67
1;0;0;1;53;1;0;0;2;2;0;2;0;0;1;0;1;4.156536582478548;8.137542018201053;0;0;0.01
1;1;1;0;34;1;0;1;0;0;0;0;0;0;0;0;1;4.2842759793301965;7.794967293355625;0;0;0.18
0;1;1;0;19;1;2;1;0;0;0;0;2;2;0;1;2;4.563827222453709;7.4737790632128895;0;0;0.14
1;0;1;0;43;1;0;1;2;2;2;0;0;0;0;1;1;4.467056883858457;8.175449082865923;0;0;0.13
1;0;1;1;6;1;0;2;1;1;1;1;1;1;0;0;3;3.022860940942244;4.819474788635096;0;0;0.04
1;0;0;1;56;1;2;2;1;1;1;1;1;1;2;1;3;3.250374491927572;7.262067433731681;0;0;0.01
1;0;0;0;57;0;1;0;0;2;0;0;2;0;0;1;2;3.696351468952637;7.6556036903121685;1;1;0.84
1;0;1;1;34;1;0;1;0;0;2;0;2;0;0;1;3;4.44323931884187;7.97623476737001;0;0;0.37
0;0;0;0;10;0;1;0;0;2;0;2;0;0;0;0;2;3.6176519448255684;5.926926025970411;0;0;0.04
0;0;0;0;1;1;0;2;1;1;1;1;1;1;0;1;3;3.056356895370426;3.056356895370426;1;1;0.87
0;0;0;0;13;0;1;0;0;0;0;0;0;0;0;1;2;3.214867803470662;5.709764546333749;1;1;0.63
1;0;0;0;56;1;2;1;0;2;0;0;2;2;0;0;2;4.601162164590552;8.627311371419102;0;0;0.06
0;0;1;0;55;1;2;1;0;2;2;0;2;2;0;1;1;4.650621448892009;8.64429269370997;0;0;0.27
0;0;1;1;36;1;2;0;2;2;2;2;2;2;2;1;1;4.542230386214217;8.125704950238868;0;0;0.03
1;0;1;0;47;1;0;2;1;1;1;1;1;1;1;0;0;3.039749158970765;6.850073198641052;0;0;0.0
0;0;1;1;12;1;0;2;1;1;1;1;1;1;0;1;1;3.0492730404820207;5.452753719852455;0;0;0.04
0;0;0;0;1;1;0;1;0;0;2;0;2;0;0;1;2;4.4595662121293;4.4595662121293;1;1;0.94
1;1;0;0;24;1;2;1;0;2;0;0;0;0;0;1;2;4.400603020246817;7.644656152432005;0;0;0.29
0;0;0;0;63;1;2;1;0;2;0;0;2;2;1;0;0;4.6141299273595635;8.722254235179681;1;0;0.1
0;1;0;0;35;0;1;0;0;0;2;0;2;0;0;1;2;3.709906821306012;7.2693381592734525;0;0;0.26
0;0;0;0;67;1;0;0;2;2;0;2;0;0;1;0;1;4.119037174812473;8.261268150577648;0;0;0.03
1;0;0;0;25;1;2;1;0;0;0;0;0;2;0;1;2;4.4520190064939165;7.6228840836484695;1;1;0.91
1;0;0;0;21;1;2;1;2;0;2;0;2;2;0;0;3;4.652530757347929;7.703459047867175;0;0;0.36
0;0;0;0;13;1;0;0;2;2;0;2;0;2;0;0;0;4.231203744939298;6.73726347394176;0;0;0.05
1;0;1;0;35;1;2;1;0;0;0;0;0;0;0;1;2;4.333361462692601;7.854458817264487;1;1;0.78
1;1;1;0;71;1;2;2;1;1;1;1;1;1;2;0;0;3.2523106009544382;7.550661243105336;0;0;0.0
0;0;0;0;29;1;0;2;1;1;1;1;1;1;0;0;1;3.013080911888604;6.401253626696201;0;0;0.01
1;0;1;0;71;0;1;0;0;2;0;0;2;2;2;0;2;3.9189986191645714;8.165150359804066;1;1;0.66
1;1;1;0;7;1;0;1;0;0;0;0;2;2;0;1;2;4.499809670330265;6.40762228475489;0;1;0.87
0;1;0;0;57;0;1;0;0;2;2;0;2;2;0;1;2;4.02535169073515;8.037559340077058;0;0;0.22
1;0;1;0;65;1;2;0;2;0;2;2;0;2;2;0;0;4.34575157880917;8.5032058226803;0;0;0.01
1;0;0;0;27;1;0;2;1;1;1;1;1;1;1;0;3;3.0587070727153796;6.3903245561640105;0;0;0.0
1;0;0;0;6;1;2;1;0;0;0;0;0;0;0;1;2;4.3294166844015844;6.154433375386121;1;1;0.69
0;1;0;0;72;1;2;1;2;2;2;2;2;2;2;1;1;4.7736463359599925;9.04041170511219;0;0;0.02
1;0;0;0;1;1;0;2;1;1;1;1;1;1;0;1;3;3.0325462466767075;3.0325462466767075;0;1;0.65
1;0;0;0;11;1;0;0;0;0;0;0;0;0;0;0;1;3.832979798087693;6.20050917404269;0;0;0.39
1;0;1;1;39;1;2;2;1;1;1;1;1;1;2;0;3;3.265759410767051;6.896643774227418;0;0;0.0
0;1;0;0;59;1;2;1;2;2;2;0;0;0;0;1;2;4.5081084731449605;8.612121480127623;0;0;0.13
1;0;0;0;26;1;0;0;2;0;0;2;2;2;1;0;0;4.330733340286331;7.554518148984553;0;0;0.05
1;1;0;0;2;1;0;0;0;0;2;0;0;0;0;0;3;3.9308447596687337;4.683056724645162;0;0;0.25
0;0;1;1;72;0;1;0;2;2;2;2;2;2;2;0;0;4.200204952921578;8.428657016148714;0;0;0.0
1;0;1;0;65;1;2;0;2;2;2;0;0;0;1;0;1;4.220242729097475;8.36882078516512;0;0;0.13
1;0;1;1;72;1;2;1;0;2;2;2;2;2;2;0;1;4.71760561531788;8.977619857598377;0;0;0.05
1;0;0;0;6;1;2;1;0;0;0;2;0;2;0;1;0;4.4880744141118445;6.260250456300893;0;0;0.18
1;1;0;0;32;1;0;2;1;1;1;1;1;1;1;0;1;3.0349529867072724;6.377916716034216;0;0;0.0
0;0;1;0;50;1;2;0;0;0;2;0;2;2;1;0;0;4.33990170837321;8.262868522618453;0;0;0.06
1;0;1;0;61;0;1;0;2;0;2;2;2;2;2;1;3;4.1455128487965;8.237439605286578;0;0;0.04
0;0;0;0;15;1;0;1;0;2;2;0;2;2;0;1;2;4.627420794922911;7.284992365633747;1;1;0.89
1;0;1;0;72;1;2;1;2;2;2;2;2;2;2;0;0;4.754882459216418;9.030070708608337;0;0;0.0
1;0;0;0;9;1;0;2;1;1;1;1;1;1;0;1;3;2.9932291433358724;5.228967288413243;1;0;0.02
0;0;0;0;1;1;0;2;1;1;1;1;1;1;0;0;3;3.0204248861443626;3.0204248861443626;0;0;0.42083333333333334
0;0;0;0;12;1;2;1;0;0;0;0;0;2;0;1;2;4.472210058731861;6.9734493821775;0;0;0.18
0;0;0;0;37;0;1;0;0;0;0;2;0;0;0;0;1;3.3877743613300146;6.881975825994649;1;1;0.75
1;0;1;1;61;1;0;2;1;1;1;1;1;1;1;0;3;3.0633909220278057;7.1126941256415;0;0;0.0
1;0;1;1;18;1;0;2;1;1;1;1;1;1;1;0;0;3.0349529867072724;5.838604700463646;0;0;0.07
1;0;0;1;21;1;0;0;0;0;0;0;0;0;0;0;3;3.8426729272933526;6.893707063256078;0;0;0.05
1;0;1;1;68;0;1;0;2;2;2;2;0;2;2;1;3;4.050044303325521;8.281331607693978;0;0;0.0
1;1;0;0;12;1;2;1;0;0;0;0;0;0;0;1;1;4.308110951723713;6.720280466947382;0;0;0.23
0;1;0;0;2;0;1;0;0;0;0;0;0;0;0;0;2;3.232778730037192;3.7577056450437887;1;1;0.87
0;0;1;0;62;1;2;1;0;0;2;0;2;2;0;1;2;4.628398312107299;8.726756953353926;0;0;0.2
0;1;0;0;29;1;2;1;0;0;0;2;2;2;0;0;2;4.6016640466588035;7.959887233767705;1;1;0.78
1;0;0;1;1;0;1;0;0;2;0;2;0;0;0;0;3;3.543853682063679;3.543853682063679;0;0;0.16
1;1;1;0;5;1;2;1;0;0;2;0;0;0;0;1;0;4.393213824064446;5.843399478992118;1;1;0.87
0;0;0;0;1;1;0;2;1;1;1;1;1;1;0;0;2;3.077312260546414;3.077312260546414;0;0;0.31440476190476185
1;0;0;1;62;1;2;1;0;0;2;2;2;2;2;1;2;4.654436427291009;8.793536219198025;0;0;0.11
0;0;1;1;36;1;0;2;1;1;1;1;1;1;2;0;0;3.056356895370426;6.57779181427375;0;0;0.0
0;1;0;0;28;1;2;1;0;0;2;2;2;2;0;1;2;4.647271362006727;7.9695825524415795;1;1;0.83
0;0;1;1;69;1;2;0;2;2;0;2;2;0;1;0;1;4.3134800921387715;8.494303203121992;0;0;0.01
0;0;1;0;11;1;2;1;2;0;0;2;2;0;0;1;1;4.576770711466393;7.109103017925889;1;1;0.82
0;0;1;0;63;1;2;1;0;2;2;2;2;2;0;1;2;4.698205051955281;8.835312321107413;0;0;0.16
1;0;0;0;23;1;0;2;1;1;1;1;1;1;1;0;0;3.0516399054922867;6.007829901194246;0;0;0.04
1;0;0;0;10;1;0;2;1;1;1;1;1;1;0;0;1;3.0325462466767075;5.343529709369585;0;0;0.01
0;0;1;0;71;1;2;2;1;1;1;1;1;1;2;1;1;3.2939832973550063;7.497151758548155;0;0;0.01
0;1;0;0;45;1;2;0;2;0;0;2;0;2;0;1;2;4.263383854543109;8.027297010831276;0;0;0.21
0;0;1;1;70;1;2;2;1;1;1;1;1;1;2;0;3;3.2208738275308737;7.476330808289032;0;0;0.0
0;0;0;1;22;1;2;1;0;0;0;0;0;2;0;1;2;4.45143608604605;7.505354751530167;0;0;0.16
0;0;1;1;52;1;2;2;1;1;1;1;1;1;2;0;3;3.1801349965517702;7.135766961693207;0;0;0.0
1;0;1;0;55;1;2;1;0;0;2;2;2;2;1;1;2;4.655387902148709;8.65591981542555;1;1;0.78
0;0;0;0;65;0;1;0;2;0;2;2;2;2;2;0;1;4.110053855927281;8.274382503626551;0;0;0.01
0;0;1;1;72;1;0;2;1;1;1;1;1;1;2;0;0;3.022860940942244;7.28923502433979;0;0;0.0
1;0;1;0;10;1;0;2;1;1;1;1;1;1;1;0;0;3.0252910757955354;5.249389692924613;0;0;0.03
0;0;0;1;7;1;0;2;1;1;1;1;1;1;1;0;3;3.0469005601283903;4.582924577040772;0;0;0.03
1;1;0;0;5;1;0;1;0;2;0;0;0;2;0;1;2;4.4607222816222185;6.014936903293124;0;0;0.29
0;0;1;1;24;1;2;0;2;0;2;0;2;2;2;0;1;4.377014092850337;7.521669840324939;0;0;0.01
0;0;1;1;72;1;2;1;2;2;2;2;2;2;2;1;1;4.768988271217486;9.042838459780507;0;0;0.0
1;0;0;0;21;0;1;0;2;0;0;2;2;0;0;1;3;3.796612153916818;6.920177798980694;0;0;0.15
1;0;1;0;69;0;1;0;0;2;2;2;2;2;1;1;1;4.123903364463645;8.35805677007632;0;0;0.14
1;0;1;1;44;1;0;0;0;2;0;2;0;0;0;1;0;4.023564380161053;7.843887853069831;0;0;0.03
0;1;1;1;61;1;2;0;0;0;2;0;2;0;1;1;2;4.192680462942962;8.28552591616114;0;0;0.05
1;1;0;0;24;1;2;1;0;2;2;0;2;2;0;1;1;4.643910014304022;7.82312558739655;1;1;0.85
0;0;0;0;1;1;0;1;0;0;0;0;2;2;0;0;2;4.517431271680085;4.517431271680085;1;1;0.99
0;0;0;0;6;1;0;0;0;0;0;2;0;0;0;1;0;3.9473901492654373;5.666599683528485;1;1;0.81
1;0;0;0;4;1;2;1;0;2;0;0;0;2;0;1;2;4.511408806173617;5.911067610035953;1;1;0.94
1;0;1;0;72;1;2;1;0;2;2;2;2;2;2;1;2;4.693181063310805;8.967198174155284;0;0;0.01
1;0;0;0;72;1;2;0;2;2;2;2;2;2;2;0;0;4.532599493153256;8.799925534142105;0;0;0.01
1;1;1;0;14;1;2;1;0;0;0;0;0;0;0;1;2;4.33204826486764;6.9220032922473385;0;1;0.63
1;0;0;0;7;1;2;2;1;1;1;1;1;1;0;1;0;3.260017768199376;5.0366278743705095;0;0;0.09
0;0;0;0;48;1;0;1;0;2;0;0;0;0;1;0;2;4.332705079341171;8.235797981829272;0;0;0.0
1;0;1;1;55;1;0;2;1;1;1;1;1;1;1;0;3;3.0204248861443626;6.934737950312024;0;0;0.01
1;0;0;0;1;1;0;2;1;1;1;1;1;1;0;0;1;3.0106208860477417;3.0106208860477417;0;0;0.15
1;0;0;0;45;1;0;1;2;2;2;2;2;2;1;0;1;4.729156165769083;8.523741703034002;0;0;0.09
1;0;0;0;3;1;0;1;0;0;0;0;0;0;0;1;3;4.26689632742025;5.399971020274537;0;0;0.31
0;0;1;0;71;1;0;2;1;1;1;1;1;1;2;0;3;3.0252910757955354;7.256650035601907;0;0;0.0
1;0;1;0;8;1;0;2;1;1;1;1;1;1;0;0;3;3.056356895370426;5.0711030408633455;0;0;0.14
0;0;1;0;3;1;2;1;0;0;0;0;0;0;0;1;2;4.341855469984605;5.551407994230199;1;1;0.85
1;0;1;1;69;1;0;0;2;2;0;2;2;2;2;0;0;4.402441819416474;8.620390368744202;0;0;0.02
1;0;1;1;1;1;0;1;0;0;0;0;0;0;0;1;2;4.241326752570746;4.241326752570746;1;1;0.96
0;1;1;0;72;1;2;1;2;2;2;2;2;2;2;1;1;4.760034896549007;9.041294304632224;0;0;0.0
1;0;0;0;11;1;0;1;2;0;0;0;0;0;0;1;2;4.310799125385514;6.675507913418457;1;1;0.74
1;0;0;0;71;1;2;0;2;2;2;2;0;2;2;0;0;4.401829261970061;8.649834187755614;0;0;0.01
0;0;0;0;1;1;0;1;0;0;0;0;0;0;0;1;3;4.261975403606051;4.261975403606051;1;1;0.98
0;0;1;0;33;0;1;0;2;0;2;2;2;2;2;0;0;4.1034694699991014;7.609515262640305;0;0;0.01
0;0;0;0;16;1;0;2;1;1;1;1;1;1;1;0;3;2.998229153752578;5.791945965485506;0;0;0.0
0;1;1;0;56;1;2;1;2;2;2;2;0;0;1;0;2;4.57109620565434;8.607536511313839;0;0;0.13
0;0;0;0;1;1;0;2;1;1;1;1;1;1;0;0;1;3.0421386463681466;3.0421386463681466;0;0;0.07333333333333333
1;0;0;0;5;1;0;0;0;0;2;0;2;2;0;1;2;4.263383854543109;5.850476853807004;1;1;0.77
1;0;1;1;57;1;0;2;1;1;1;1;1;1;1;0;3;3.0155349008501706;6.968474014016842;0;0;0.01
1;0;1;1;56;0;1;0;0;2;2;0;0;0;1;1;1;3.6136169696133895;7.587057052720029;0;0;0.02
1;0;0;0;8;1;2;1;0;2;2;0;2;0;0;1;2;4.553876891600541;6.6524113144423005;1;1;0.92
0;0;1;1;22;1;0;0;2;2;2;0;0;0;0;0;3;4.12955081795672;7.260557734506995;1;1;0.66
0;0;0;0;1;1;0;2;1;1;1;1;1;1;0;0;3;3.0325462466767075;3.0325462466767075;0;0;0.25167460317460316
0;0;0;1;40;1;0;0;2;0;0;2;2;0;0;1;1;4.175924549214524;7.808465258889269;0;0;0.02
1;0;1;1;46;1;0;2;1;1;1;1;1;1;2;0;1;3.0325462466767075;6.754021179040095;0;0;0.0
1;0;1;1;63;1;0;2;1;1;1;1;1;1;2;0;3;3.0301337002713233;7.152151386329798;0;0;0.0
1;0;1;1;68;1;2;1;2;2;2;0;2;2;2;1;2;4.711330381816482;8.918449454750347;0;0;0.03
1;0;1;1;69;1;0;1;2;2;0;2;2;2;2;1;1;4.67609452432479;8.890513823975612;0;0;0.03
0;0;1;0;56;1;2;1;0;2;2;2;0;0;0;0;2;4.51688527112052;8.540440858135929;0;0;0.14
0;0;1;1;10;1;0;0;0;2;2;0;0;2;1;1;3;4.203198967134183;6.493829479956106;0;0;0.07
1;0;0;0;63;1;2;1;2;2;2;2;2;0;1;0;1;4.658710952916121;8.793581731323222;0;0;0.08
0;0;1;1;24;0;1;0;2;2;2;2;0;2;2;1;3;3.979681653901961;7.097672912397719;0;0;0.0
0;0;0;0;19;1;2;0;0;0;2;0;0;0;0;1;3;4.044804116661965;6.942060082674128;0;0;0.06
1;0;1;1;22;1;2;1;0;0;2;0;2;0;0;1;2;4.497028027368389;7.542292993434819;0;0;0.23
1;0;1;0;29;1;2;1;2;2;0;0;0;0;0;1;2;4.4479314095616;7.811203902842994;1;1;0.74
1;0;1;0;13;1;2;0;0;0;2;0;2;2;1;1;3;4.334672938290411;6.89815938530869;1;1;0.75
0;0;1;0;70;1;2;2;1;1;1;1;1;1;2;1;0;3.295836866004329;7.604869580103194;0;0;0.0
0;0;1;0;49;1;0;1;0;2;2;0;2;2;0;0;2;4.609162207257629;8.522379718103538;0;0;0.12
0;1;1;0;43;1;2;1;2;0;2;2;2;2;1;1;3;4.705467907303455;8.482860512335732;1;1;0.74
0;0;0;0;3;1;0;2;1;1;1;1;1;1;0;1;3;3.0252910757955354;4.1067670822206574;1;0;0.26
1;0;1;1;42;1;0;0;0;0;2;2;2;2;1;0;2;4.306090068583941;8.0356836219843;0;0;0.23
1;0;0;0;57;1;0;0;0;2;0;2;0;0;1;1;3;4.019082077721554;8.05060771362897;0;0;0.05
1;1;0;0;2;1;0;0;2;0;2;0;2;0;0;0;0;4.210645017918261;4.559649670686282;1;1;0.77
0;0;1;0;72;1;2;1;2;2;2;2;2;2;2;1;1;4.758320365481766;9.025623949779954;0;0;0.0
0;1;0;0;46;1;2;1;0;2;2;0;2;2;0;1;2;4.658236906924784;8.489791161667899;0;0;0.17
1;1;1;0;66;1;2;1;0;0;0;2;2;2;0;1;1;4.61561544384963;8.835341421328575;1;1;0.68
1;0;0;0;62;1;2;1;2;2;0;2;0;2;1;0;2;4.634728988229636;8.784200506376834;1;0;0.11
0;0;1;0;72;1;2;0;2;2;2;2;2;2;2;1;0;4.523417684115833;8.800701566096304;0;0;0.0
1;0;1;1;35;1;0;1;0;2;0;2;2;0;1;1;2;4.507557357121091;8.060413736067334;0;0;0.14
1;0;1;0;17;1;2;1;2;2;2;0;0;0;0;0;1;4.513054897080286;7.282864267075403;1;1;0.75
0;0;1;0;72;1;2;0;2;2;2;2;2;2;2;1;2;4.536891345234797;8.822779030645604;0;0;0.0
0;0;1;1;28;1;0;2;1;1;1;1;1;1;1;0;3;3.039749158970765;6.298949246855942;0;0;0.0
1;0;1;0;56;1;2;2;1;1;1;1;1;1;2;1;1;3.263849190510932;7.191542275465033;1;1;0.63
0;0;0;0;31;1;2;1;0;0;0;2;0;0;0;1;1;4.392595586023115;7.7853675506573;1;1;0.69
1;0;0;0;45;1;0;2;1;1;1;1;1;1;1;0;0;2.9882040071331994;6.7665372770665995;0;0;0.0
0;0;0;0;1;1;2;2;1;1;1;1;1;1;0;1;3;3.2865344733420154;3.2865344733420154;0;0;0.145
0;0;0;0;2;1;0;0;0;2;0;0;0;0;0;1;3;3.92395157629342;4.751000634199631;1;1;0.8
0;0;0;0;6;1;0;2;1;1;1;1;1;1;0;1;3;3.08876713952118;4.705015520957808;0;0;0.05
0;0;1;0;48;1;0;1;0;2;2;0;2;2;1;1;2;4.585477552642355;8.454029724458199;0;0;0.25
1;0;1;1;25;1;2;2;1;1;1;1;1;1;0;1;0;3.2733640101522705;6.306001526851403;0;0;0.06
1;0;1;1;64;1;0;2;1;1;1;1;1;1;2;1;0;3.0301337002713233;7.150740672509886;0;0;0.0
1;0;0;0;50;0;1;0;2;2;0;0;0;0;0;1;3;3.58351893845611;7.486276933700779;0;0;0.07
0;0;1;1;52;1;2;1;0;0;2;0;2;2;1;0;0;4.627420794922911;8.575858247478351;0;0;0.09
1;1;1;0;4;1;0;1;0;0;0;0;0;0;0;1;2;4.26549281841793;5.639599445879288;0;0;0.5
0;1;0;0;32;1;0;1;0;0;0;0;2;2;0;0;2;4.52124495105033;7.972103881446254;0;0;0.11
1;0;1;1;45;1;2;0;2;2;0;2;2;0;2;0;1;4.3154861108656375;8.123261319121745;0;0;0.0
1;0;1;0;9;1;2;1;2;0;0;0;0;2;0;1;2;4.489198009735671;6.68748260275961;0;0;0.16
0;1;1;0;66;1;2;1;0;0;2;2;2;2;1;1;1;4.672361435528415;8.850266802102643;1;1;0.65
1;0;0;1;3;1;2;1;0;0;2;0;0;2;0;0;2;4.530985287798715;5.553153364594737;1;1;0.92
0;0;0;0;54;1;0;2;1;1;1;1;1;1;2;0;3;3.0492730404820207;6.985132900003482;0;0;0.02
0;0;1;1;1;0;1;0;0;0;0;2;2;0;0;0;2;3.716008121502189;3.716008121502189;1;1;0.84
0;0;1;1;64;1;2;1;2;2;0;2;2;2;2;0;0;4.712229258281499;8.853422541400022;0;0;0.11
0;1;0;0;31;1;2;1;0;0;0;0;0;0;0;1;2;4.316153890523174;7.704428794117748;1;1;0.73
0;0;0;0;14;1;0;1;0;0;0;0;2;2;0;1;3;4.508659285607248;7.030061403366105;1;1;0.87
0;0;0;0;12;1;0;1;2;0;0;0;2;0;1;1;1;4.456089962973938;6.887603590771284;0;0;0.06
1;1;1;0;67;1;0;0;2;2;0;2;0;0;1;1;0;4.126327608075152;8.323705525009538;0;0;0.03
0;0;1;1;35;1;2;0;2;0;2;2;2;0;0;0;2;4.293878247897177;7.851486065281684;1;0;0.15
0;0;0;0;45;1;2;0;2;0;0;2;0;2;2;0;3;4.311470041210748;8.116745475119856;0;0;0.02
1;0;0;0;10;1;0;0;0;0;0;0;0;0;0;0;3;3.8501476017100584;6.2007119932300805;0;0;0.16
0;1;0;0;29;1;2;0;2;2;0;0;0;0;0;1;0;4.0868162958013095;7.450050499617523;0;0;0.1
0;0;0;0;24;1;2;2;1;1;1;1;1;1;1;0;0;3.242592351485517;6.407292442251693;0;0;0.03
1;0;1;1;66;1;0;2;1;1;1;1;1;1;2;1;3;3.0325462466767075;7.204520970166961;0;0;0.0
1;0;0;0;51;1;0;1;2;0;0;0;2;0;1;0;3;4.469923036580066;8.358935757071167;0;0;0.04
0;0;1;0;45;1;2;2;1;1;1;1;1;1;2;0;3;3.2771447329921766;7.022912648369585;0;0;0.0
0;0;1;0;49;1;0;2;1;1;1;1;1;1;1;0;1;2.995732273553991;6.824047529908652;0;0;0.01
0;0;1;0;29;1;0;2;1;1;1;1;1;1;2;1;3;3.022860940942244;6.259198981750067;0;0;0.01
1;0;1;1;40;1;2;1;2;2;0;2;2;2;0;1;1;4.7104306966455844;8.405166058722033;0;0;0.11
0;1;0;0;37;1;2;1;0;0;0;0;2;2;0;1;2;4.5803650670691205;8.183481141971171;1;1;0.9
1;0;0;0;25;1;0;1;0;0;0;0;0;0;0;0;2;4.259152536523347;7.456078979168212;0;0;0.47
0;0;0;0;22;0;1;0;0;0;2;0;2;2;0;1;2;3.9435216724875173;6.979424565672496;0;0;0.38
1;0;0;0;72;0;1;0;2;2;2;2;2;2;2;1;0;4.198704577546343;8.426721288252162;0;0;0.0
0;0;0;0;7;0;1;0;0;2;0;0;0;2;0;1;1;3.716008121502189;5.684599655239428;1;1;0.69
1;0;1;1;33;1;0;0;0;2;2;2;2;2;2;0;1;4.420044701861403;7.8648424050488615;0;0;0.01
0;0;0;0;23;1;0;1;0;2;0;2;0;0;0;1;3;4.383275854074314;7.48703362838257;0;0;0.12
1;1;0;0;24;1;2;1;0;2;0;0;2;2;0;1;2;4.627420794922911;7.80022451873029;1;1;0.92
0;0;0;0;1;1;0;1;0;0;0;0;2;0;0;0;2;4.388878109622984;4.388878109622984;1;1;0.99
1;0;0;0;69;1;2;0;2;2;2;2;2;2;2;0;3;4.517976974285714;8.751964873211111;0;0;0.01
0;0;0;1;3;1;0;2;1;1;1;1;1;1;1;1;1;3.070375816549757;4.067315889834181;0;0;0.01
1;0;0;0;56;1;0;0;0;2;0;2;2;2;1;1;0;4.340553386467307;8.363027511476478;0;0;0.09
1;0;0;0;65;1;2;1;2;0;2;2;2;2;1;1;1;4.709530201312334;8.873419034524286;0;0;0.08
1;0;1;0;71;1;0;2;1;1;1;1;1;1;1;0;2;3.084200921541599;7.340024589842352;0;0;0.01
0;1;0;0;14;1;2;1;0;0;2;0;0;0;0;1;0;4.3987608336650466;6.965174769849623;0;0;0.19
0;0;0;0;2;1;0;1;0;0;0;0;0;0;0;1;2;4.264790324535862;4.826712455935327;0;0;0.2
0;0;0;0;32;1;2;1;0;0;0;0;2;0;1;0;2;4.44323931884187;7.931230861402805;1;1;0.65
1;0;0;0;40;1;0;0;2;0;2;0;0;2;0;0;2;4.226103551734458;7.912789220690681;0;0;0.07
1;0;0;0;1;1;0;2;1;1;1;1;1;1;0;0;1;3.079613757534693;3.079613757534693;0;0;0.02
1;0;0;0;1;1;0;1;0;0;0;0;2;2;0;1;2;4.500920164614292;4.500920164614292;1;1;0.79
0;0;0;0;7;1;0;1;0;0;0;0;0;0;0;1;3;4.2612704335380815;6.211202305287359;0;0;0.2
0;0;1;0;15;1;2;0;0;0;0;0;0;0;0;1;2;3.9531649487593215;6.568288563380595;0;0;0.2
0;0;1;1;17;1;2;1;2;0;2;0;2;0;0;0;2;4.558078578454241;7.382870820114048;1;1;0.83
1;0;0;0;19;1;0;1;0;2;2;0;0;0;0;1;2;4.37260741275739;7.307839268137821;1;1;0.74
1;0;0;0;71;1;2;2;1;1;1;1;1;1;2;0;0;3.279029747687948;7.549135368720199;0;0;0.01
0;0;1;1;54;1;2;0;2;0;0;2;0;0;2;0;0;4.110873864173311;8.094057880777235;0;0;0.02
1;0;1;0;31;1;2;1;2;2;0;2;0;0;0;1;1;4.51688527112052;7.9830136419519375;0;0;0.05
0;0;0;0;11;1;0;1;2;0;0;0;0;0;0;0;2;4.3489867805956814;6.733044685189517;0;0;0.16
0;1;0;0;18;1;0;1;0;0;2;0;0;2;0;1;2;4.453765731828859;7.275622356674983;0;0;0.42
0;1;0;0;72;1;2;1;2;2;0;2;2;2;2;1;0;4.7104306966455844;8.955151304107668;0;0;0.11
0;1;0;0;71;1;2;1;0;2;0;0;2;2;0;1;1;4.611649152085801;8.846806243237198;0;0;0.18
1;1;0;0;5;0;1;0;0;0;2;2;2;0;0;0;1;3.8372994592322094;5.374120329963537;0;0;0.2
1;0;1;0;38;1;2;0;0;0;2;2;0;2;1;0;1;4.248495242049359;7.890002276518981;0;0;0.01
1;0;0;1;5;1;0;0;0;0;0;2;0;0;0;1;0;3.9049983904911816;5.464678903763262;0;0;0.15
1;1;0;0;2;1;0;0;0;0;0;0;0;0;0;1;2;3.8099902798629945;4.539564428890097;1;1;0.9
0;1;0;0;52;1;2;0;2;0;2;0;0;0;2;0;0;4.108411819433536;8.040527419296952;0;0;0.02
0;1;0;0;8;1;2;1;0;0;0;0;0;0;0;1;2;4.340553386467307;6.408940567882282;1;1;0.57
0;0;0;0;68;1;2;0;0;2;2;0;2;2;2;1;2;4.402441819416474;8.58133163253247;0;0;0.05
1;0;1;1;69;1;0;2;1;1;1;1;1;1;1;1;1;3.070375816549757;7.247151807120597;0;0;0.0
0;0;1;0;42;1;2;0;2;2;0;2;0;0;0;1;1;4.210645017918261;7.911617231104436;0;0;0.06
0;0;0;0;50;1;0;1;0;2;0;2;2;2;2;1;3;4.617098756853365;8.525052228126505;0;0;0.1
0;0;0;0;1;1;0;2;1;1;1;1;1;1;0;1;3;3.0007198150650303;3.0007198150650303;1;1;0.68
1;1;1;0;1;1;2;1;2;0;0;0;0;0;0;1;2;4.398146016553765;4.398146016553765;1;1;0.9
1;0;1;0;33;1;0;0;0;0;0;0;0;0;0;1;1;3.8188106237059674;7.288654433145052;0;0;0.04
0;0;0;0;7;1;0;2;1;1;1;1;1;1;0;0;3;3.0610517396746335;5.021245473208271;0;0;0.25
1;0;1;1;64;1;2;1;2;2;2;0;0;0;0;1;2;4.530446639792155;8.693077406246188;0;0;0.12
0;0;0;0;1;1;0;1;0;0;2;0;0;0;0;1;2;4.3294166844015844;4.3294166844015844;1;1;0.92
1;0;0;0;59;1;0;2;1;1;1;1;1;1;2;1;0;3.054001181677967;7.08447785737561;0;0;0.01
0;0;1;0;6;1;2;0;0;0;0;0;0;0;0;0;2;3.9386649363745674;5.754317148030249;0;0;0.29
0;0;0;0;3;1;0;2;1;1;1;1;1;1;0;0;3;2.9856819377004897;4.04305126783455;0;0;0.01
0;0;1;0;15;1;0;2;1;1;1;1;1;1;0;0;1;3.065724645374026;5.8045323777563445;0;0;0.06
1;0;1;1;13;1;0;0;0;0;0;0;2;2;1;1;2;4.185859671057874;6.778045147459392;0;0;0.14
0;0;0;0;23;1;2;1;0;2;0;0;2;2;0;1;1;4.602165676967792;7.718729938655285;0;0;0.23
1;1;1;0;31;1;2;1;2;0;0;0;2;0;0;0;2;4.504797211841304;7.940459219839479;0;0;0.16
1;0;0;0;29;1;0;0;2;2;0;2;0;0;1;1;2;4.09016919081162;7.43673511332817;0;0;0.0
0;0;1;0;49;1;0;2;1;1;1;1;1;1;1;0;1;3.077312260546414;6.940270870658817;0;0;0.03
0;0;1;0;56;1;2;1;0;0;0;0;2;0;0;1;0;4.461299815568389;8.49776569375014;0;0;0.09
0;0;0;0;63;1;2;0;2;2;2;2;0;2;2;1;1;4.398146016553765;8.516462924836494;0;0;0.01
1;0;1;0;63;1;2;0;0;0;2;2;2;2;2;0;1;4.39197696552705;8.524178735589949;0;0;0.01
1;1;1;1;24;1;2;1;2;0;0;0;0;0;0;1;2;4.392595586023115;7.527659497774365;0;0;0.09
1;1;1;0;36;1;0;0;0;0;2;2;0;0;1;0;1;4.009149716158869;7.5978227220151595;0;0;0.05
0;1;0;0;9;1;0;1;0;0;0;0;2;0;0;1;2;4.404888303817144;6.623600312306513;1;1;0.85
1;0;0;0;3;0;1;0;0;0;0;0;0;0;0;0;2;3.248434627109745;4.218772140597153;1;1;0.81
0;0;1;0;21;1;0;0;2;0;2;2;2;2;1;0;3;4.405498990859024;7.447722142094264;0;0;0.04
1;0;1;1;13;1;2;2;1;1;1;1;1;1;1;0;0;3.2386784521643803;5.842384324093829;0;0;0.09
1;0;1;1;1;1;0;2;1;1;1;1;1;1;0;1;0;3.0516399054922867;3.0516399054922867;0;0;0.2
0;0;1;1;25;1;0;2;1;1;1;1;1;1;1;0;3;3.0469005601283903;6.255941961915169;0;0;0.0
1;0;1;1;71;1;0;2;1;1;1;1;1;1;2;1;0;3.0252910757955354;7.235943296015653;0;0;0.0
1;0;0;0;66;1;2;1;2;2;2;2;2;2;1;1;0;4.747537427275013;8.907165571256124;0;0;0.05
0;0;0;0;45;1;0;1;2;2;0;0;2;2;1;1;2;4.618086411254637;8.408482626158737;0;0;0.1
0;0;1;0;22;1;0;1;0;0;0;0;2;0;0;1;1;4.394449154672439;7.4427563084393356;0;0;0.11
0;0;1;0;67;1;0;2;1;1;1;1;1;1;1;1;0;3.084200921541599;7.191730489502592;0;0;0.0
0;0;1;0;68;1;2;1;0;0;2;0;2;0;2;1;0;4.5103099049641315;8.695389584744293;0;0;0.1
0;1;0;0;49;1;2;1;0;0;2;0;0;2;0;1;1;4.520156811661135;8.415570127221873;1;1;0.74
0;1;0;0;4;1;2;0;0;0;0;0;0;0;0;0;3;3.907010463604602;5.197667958398107;0;1;0.85
1;0;1;0;63;1;2;0;2;2;2;2;0;2;1;0;1;4.394449154672439;8.525399427963336;0;0;0.05
0;0;1;0;2;1;0;1;0;2;2;0;0;0;0;0;0;4.390738575275903;5.111987788356544;1;1;0.86
1;0;0;0;21;1;0;2;1;1;1;1;1;1;1;1;3;3.0610517396746335;6.049025657632513;0;0;0.0
1;0;1;1;55;1;0;0;2;2;0;2;0;0;2;0;0;4.069881090043726;8.022044047035255;1;0;0.0
1;0;0;1;1;1;0;2;1;1;1;1;1;1;0;1;3;3.056356895370426;3.056356895370426;0;0;0.02
0;0;0;0;17;1;0;2;1;1;1;1;1;1;2;0;3;3.0155349008501706;5.883461654556327;0;0;0.0
1;0;0;0;30;1;2;1;2;0;0;0;2;2;0;1;0;4.619073091157083;7.985229048447682;0;0;0.13
1;0;1;1;22;1;0;0;2;2;0;2;0;0;0;1;3;4.07668962698338;7.148974477023577;0;0;0.14
0;0;0;0;9;1;0;0;0;0;0;2;2;0;0;1;0;4.102643365036796;6.274856178767549;0;0;0.12
1;0;1;1;1;1;0;2;1;1;1;1;1;1;0;0;3;3.005682604407159;3.005682604407159;0;0;0.24
0;0;1;0;21;1;2;1;0;0;0;0;0;2;0;1;2;4.471638793363569;7.500916364666155;1;1;0.52
1;0;0;0;19;1;2;0;0;0;2;2;0;0;0;0;2;4.1034694699991014;7.043683796206381;0;0;0.06
0;0;1;1;69;1;2;1;0;2;2;0;2;2;0;1;2;4.653484046266642;8.915687392443568;1;1;0.87
1;1;0;0;1;0;1;0;0;0;0;0;0;0;0;1;2;3.261935314328648;3.261935314328648;1;1;0.96
0;0;1;0;72;1;2;1;2;2;2;2;2;0;2;1;0;4.653484046266642;8.930348652808409;0;0;0.01
1;0;1;1;70;1;2;0;2;0;2;0;2;0;2;0;1;4.24778070111149;8.488731986594201;0;0;0.01
0;0;0;0;66;1;2;1;2;2;2;2;0;2;0;1;0;4.645351975620923;8.794218683679489;0;0;0.04
0;0;1;1;7;0;1;0;0;0;0;0;0;0;0;1;2;3.246490991901174;5.010968571886377;0;0;0.2
0;1;1;1;46;1;2;1;2;2;0;2;2;2;0;1;2;4.711330381816482;8.51179866709893;0;0;0.32
1;0;0;0;39;0;1;0;2;2;0;2;2;0;0;1;1;3.9110225050945626;7.540010614524708;1;0;0.14
0;0;1;1;32;1;2;0;0;2;2;0;0;0;0;0;0;4.150252194160397;7.623910727591002;0;0;0.03
1;0;0;0;24;1;0;1;0;2;2;0;0;2;0;1;2;4.505902184329423;7.690811716950717;0;0;0.1
1;0;1;1;6;1;0;1;0;2;0;0;0;2;0;1;1;4.4373430753445895;6.1707606986419155;1;1;0.87
0;0;0;0;37;1;2;0;2;2;2;2;2;0;0;1;1;4.380775852772229;7.998990423311198;0;0;0.03
1;0;0;1;8;1;0;2;1;1;1;1;1;1;0;0;3;3.0610517396746335;5.191288793789513;0;0;0.04
0;0;1;1;72;1;2;0;2;0;2;0;2;0;2;1;0;4.282896668766692;8.522548824377285;0;0;0.01
1;1;1;0;71;0;1;0;2;2;2;2;0;0;2;0;1;3.8575668196320874;8.118028195856553;0;0;0.02
0;0;1;0;16;1;0;1;0;2;0;0;2;2;0;1;0;4.560695695886262;7.287663234225994;0;0;0.28
0;0;1;0;57;0;1;0;2;0;2;2;0;2;0;1;0;3.929862923556477;7.931428480985753;0;0;0.02
1;0;0;0;66;1;2;2;1;1;1;1;1;1;1;0;0;3.2752561583043085;7.43847176144592;0;0;0.12
0;1;0;0;17;1;0;1;0;2;2;0;2;0;0;1;2;4.501474949649326;7.311819406174673;1;1;0.77
0;0;0;1;21;1;0;2;1;1;1;1;1;1;0;0;3;3.079613757534693;6.116333529153851;0;0;0.02
1;0;1;0;66;1;2;0;2;2;2;0;0;0;2;1;1;4.206184043977636;8.396030701832627;0;0;0.02
0;0;1;0;17;1;2;0;0;2;0;0;2;2;0;1;0;4.335982696172475;7.188072799570865;0;0;0.04
1;0;0;1;1;1;0;1;0;0;0;0;0;0;0;1;3;4.268997904375876;4.268997904375876;1;1;0.97
1;0;1;0;58;1;0;0;2;2;2;0;0;0;1;0;1;4.115779842942166;8.17886323029291;1;1;0.7
0;0;1;1;8;1;0;2;1;1;1;1;1;1;0;0;1;3.093312601892855;4.9469852670198;0;0;0.17
1;0;0;0;27;1;0;0;2;0;2;2;2;0;1;0;1;4.253482783560398;7.564394064725559;0;0;0.01
1;0;1;0;34;1;2;1;0;2;0;0;0;2;0;0;3;4.498141613229568;8.006784147535463;0;0;0.06
1;0;0;0;30;1;0;1;0;2;0;0;2;2;1;1;0;4.584967478670572;8.01377340991084;0;0;0.11
1;0;0;0;33;1;0;0;0;2;2;0;2;0;0;1;1;4.210645017918261;7.717084213831492;0;0;0.06
1;0;0;1;1;0;1;0;0;0;0;0;0;0;0;0;2;3.248434627109745;3.248434627109745;1;1;0.77
1;0;1;1;14;1;2;0;2;2;0;0;0;2;0;0;3;4.251348311031766;6.851872521734463;0;0;0.06
0;0;0;1;16;1;2;1;0;0;0;2;0;0;1;1;1;4.388257184424518;7.142985491431494;0;0;0.16
0;0;0;0;49;1;0;1;0;0;2;2;2;2;2;0;1;4.621535540074356;8.500809712165713;0;0;0.02
1;0;1;1;19;1;2;1;0;0;2;2;2;2;0;0;2;4.647271362006727;7.60772910488436;1;1;0.86
0;0;1;1;70;1;2;0;2;2;2;2;2;0;2;0;0;4.390738575275903;8.65596333777646;0;0;0.0
0;0;1;1;32;1;0;0;2;2;0;2;0;0;0;0;0;4.133565275375382;7.531364796826192;0;0;0.04
0;0;0;0;18;1;0;1;0;0;0;0;0;0;0;1;2;4.259859000699674;7.108775913208576;0;0;0.07
1;0;0;0;37;0;1;0;2;2;0;2;0;0;2;1;3;3.7268975213014572;7.238389076467298;0;0;0.01
0;0;0;0;4;1;2;1;0;0;0;0;0;0;0;1;2;4.339249605317823;5.714887254388307;0;1;0.77
0;0;1;0;16;1;2;1;2;2;2;0;0;0;0;0;2;4.51852237926242;7.226863341433771;0;0;0.21
1;0;1;0;17;1;2;1;0;2;0;0;0;0;0;1;0;4.400603020246817;7.198856499479573;0;0;0.2
0;0;0;1;19;1;0;0;2;2;2;0;0;0;0;1;2;4.120661870539474;7.169196040228691;0;0;0.12
1;0;1;0;60;1;2;1;0;0;2;0;2;2;2;0;1;4.626442321263631;8.710850257873938;0;0;0.02
1;0;1;1;51;1;2;2;1;1;1;1;1;1;2;1;3;3.2561716096118976;7.109266530169233;0;0;0.04
1;0;1;1;28;1;0;2;1;1;1;1;1;1;2;1;1;3.0587070727153796;6.192260234758284;0;0;0.0
1;0;0;0;43;1;0;0;0;2;0;0;0;2;2;1;2;4.110873864173311;7.84367215199147;0;0;0.0
1;0;1;0;42;1;0;2;1;1;1;1;1;1;2;0;2;3.056356895370426;6.729226520426879;0;0;0.0
1;0;0;0;3;1;0;1;0;0;0;0;2;0;0;1;2;4.375757021660286;5.493267183491464;1;1;0.91
0;0;0;0;1;1;0;0;0;0;0;0;0;0;0;0;3;3.82319179172153;3.82319179172153;0;0;0.15
0;0;0;0;3;1;0;2;1;1;1;1;1;1;0;0;3;3.0373539482448106;4.1705337005796475;1;1;0.71
0;0;0;0;63;1;2;1;2;2;2;0;2;0;2;0;1;4.59511985013459;8.735436757386255;0;0;0.01
1;1;0;0;3;1;0;1;0;0;0;0;2;0;0;1;2;4.393213824064446;5.567962751513666;1;1;0.95
1;0;1;0;68;1;2;1;2;2;0;2;2;2;0;1;2;4.688591794127164;8.898625136116282;0;0;0.31
0;1;0;0;30;1;2;1;0;2;0;0;2;2;0;1;2;4.612145799724517;7.995761521863022;1;1;0.87
0;0;0;0;60;1;2;1;0;2;2;0;2;2;2;0;2;4.660604892876192;8.753813521617571;0;0;0.05
1;0;0;0;15;1;2;0;0;2;0;2;0;0;0;1;1;4.087655574071304;6.846624278977906;1;1;0.59
1;1;0;0;45;1;2;1;0;0;0;0;2;2;0;1;0;4.552823705615882;8.343137379039316;0;1;0.71
0;0;1;0;70;1;0;0;2;2;2;2;2;2;2;0;1;4.471067201464611;8.691348158877132;0;0;0.0
1;0;1;0;10;1;2;1;0;0;2;0;2;2;0;1;2;4.600157644164547;6.945773346169658;1;1;0.95
1;0;0;0;4;1;0;2;1;1;1;1;1;1;0;0;3;3.0155349008501706;4.547541073151455;0;0;0.02
0;0;0;0;1;1;0;0;0;0;2;0;0;0;0;1;3;3.9406104622800586;3.9406104622800586;1;1;0.8
0;0;1;0;68;1;2;2;1;1;1;1;1;1;2;1;1;3.2561716096118976;7.387647355978202;0;0;0.03
1;0;1;1;22;1;0;1;2;0;0;0;0;0;0;0;0;4.330733340286331;7.361978804724071;0;0;0.31
1;0;1;1;38;1;2;1;0;2;2;0;2;0;0;1;2;4.560695695886262;8.19569232248516;1;1;0.65
0;0;0;0;1;1;2;1;0;2;0;0;2;2;0;1;1;4.617592705986649;4.617592705986649;1;1;0.93
1;0;1;0;18;1;0;1;0;0;2;2;0;0;0;0;2;4.37197629882038;7.292847597282364;0;0;0.15
1;0;0;0;29;1;0;1;0;0;0;2;2;2;0;1;2;4.55597994179732;7.866568957936183;0;0;0.18
0;0;0;0;16;1;2;1;0;0;2;0;0;2;0;1;2;4.493679809954728;7.2605928696896145;1;1;0.91
1;0;0;0;1;1;0;1;0;0;0;0;0;0;0;1;2;4.260564966136689;4.260564966136689;1;1;1.0
1;0;0;0;12;1;0;1;2;0;2;0;0;0;0;0;0;4.415219602029645;6.756467164768355;1;0;0.18
1;0;0;0;31;0;1;0;0;0;2;0;2;2;1;1;2;3.9328055446106744;7.3293561689997055;0;0;0.04
1;0;0;0;4;1;0;1;0;0;0;0;0;2;0;1;2;4.393213824064446;5.784747833479305;1;1;0.89
0;0;1;0;48;1;2;0;0;0;2;2;0;2;1;1;3;4.256321678298823;8.142237889512645;0;0;0.03
0;0;0;0;15;1;2;2;1;1;1;1;1;1;0;1;1;3.2733640101522705;5.992963423231718;1;1;0.59
1;0;0;0;50;1;0;1;2;2;2;2;0;0;1;1;1;4.511957804265912;8.422981408153506;0;0;0.01
1;0;0;0;7;1;0;0;0;0;0;0;0;0;0;1;0;3.8210036070409776;5.7791991139409555;0;0;0.2
1;1;1;0;41;1;2;1;2;0;2;0;0;0;0;1;0;4.43970574626056;8.093935734048326;1;1;0.73
1;0;1;1;68;1;0;1;2;0;2;0;0;0;2;0;1;4.3987608336650466;8.589727783599452;0;0;0.02
0;1;1;0;26;1;2;1;0;0;2;0;2;2;0;1;0;4.596129441335942;7.828715093704554;0;0;0.26
1;0;0;0;57;0;1;0;0;0;2;2;2;2;2;0;1;3.9954446135672184;8.03626611799611;0;0;0.05
0;0;0;0;3;1;0;2;1;1;1;1;1;1;0;0;2;3.022860940942244;4.127940511650616;0;0;0.44
0;0;0;0;1;1;0;2;1;1;1;1;1;1;0;0;3;3.086486636822455;3.086486636822455;1;1;0.6547103174603176
1;0;1;1;19;1;0;0;2;0;0;0;0;0;1;1;0;3.9110225050945626;6.863385331246197;0;0;0.06
0;0;0;0;3;1;0;0;0;0;0;0;2;0;0;1;2;4.01096295328305;4.951592753462473;0;0;0.22
0;0;0;0;59;1;2;2;1;1;1;1;1;1;2;0;2;3.2367157429965316;7.309279297857039;0;0;0.01
0;0;1;0;1;1;0;1;0;0;0;0;0;0;0;1;3;4.254193263163997;4.254193263163997;1;1;1.0
1;0;1;0;42;0;1;0;2;0;0;0;2;0;0;1;0;3.717223927123079;7.394523838154337;0;0;0.03
0;0;0;0;7;1;2;1;0;0;0;0;0;0;0;1;2;4.3294166844015844;6.295542715918191;1;1;0.86
1;0;1;0;67;1;2;2;1;1;1;1;1;1;2;0;1;3.2809112157876537;7.487677768827454;0;0;0.0
1;0;0;0;1;1;0;1;0;0;0;0;0;0;0;1;2;4.267597343922845;4.267597343922845;0;1;0.98
1;0;1;0;66;1;2;0;2;2;2;2;2;2;2;0;0;4.529368472571809;8.712249976512057;0;0;0.04
0;0;0;0;61;1;2;1;0;0;2;0;0;2;0;0;3;4.502029427068578;8.612794238005627;0;0;0.22
1;0;1;1;4;1;2;2;1;1;1;1;1;1;1;0;1;3.2228678461377385;4.3054155323020415;0;0;0.0
0;1;1;0;42;1;0;1;2;0;0;0;0;0;0;1;1;4.319486116198983;8.080361247558573;1;1;0.89
0;0;1;1;64;1;2;0;0;2;0;0;0;0;1;1;0;4.00460218672124;8.13178067935946;0;0;0.05
0;1;1;0;54;1;2;1;2;2;2;2;2;2;1;1;0;4.758749273916392;8.769048584460428;0;0;0.06
1;0;0;0;1;1;0;2;1;1;1;1;1;1;0;1;1;3.0325462466767075;3.0325462466767075;0;0;0.2
1;0;1;1;54;1;2;2;1;1;1;1;1;1;2;1;0;3.2208738275308737;7.116312971967928;0;0;0.01
0;0;0;1;18;1;2;2;1;1;1;1;1;1;2;0;1;3.269568939183719;6.121724970942136;0;0;0.01
1;0;0;0;3;1;0;1;0;2;0;0;0;2;0;0;2;4.446174454497633;5.4640436469922955;0;0;0.16
0;0;0;0;1;1;0;1;0;0;0;0;0;0;0;1;2;4.264087336809195;4.264087336809195;1;1;0.98
0;0;1;1;72;1;2;0;2;2;2;2;2;2;2;0;1;4.5081084731449605;8.794355120702646;0;0;0.04
1;1;1;0;60;1;0;1;0;2;2;0;2;2;1;1;2;4.594614672048575;8.677269139262872;0;0;0.06
0;0;1;1;11;1;0;2;1;1;1;1;1;1;1;1;3;3.044522437723423;5.284978802108856;0;0;0.05
0;0;0;1;12;1;2;1;2;0;0;0;0;0;0;1;2;4.373238128640803;6.813719287055543;1;1;0.67
1;0;1;1;61;1;0;1;0;2;2;2;2;2;1;0;1;4.653007515402251;8.77185866533336;0;0;0.02
0;0;0;0;39;1;0;2;1;1;1;1;1;1;2;0;1;3.077312260546414;6.63784763462952;0;0;0.01
1;0;0;0;55;1;2;1;0;0;0;0;2;2;0;1;2;4.582924577040772;8.572618437521648;1;1;0.87
0;0;0;0;17;1;2;1;2;2;0;0;2;0;0;1;2;4.558078578454241;7.389255073366299;1;1;0.91
1;0;0;0;37;1;0;2;1;1;1;1;1;1;1;0;1;3.0516399054922867;6.667910535944516;0;0;0.0
0;0;1;0;72;1;2;2;1;1;1;1;1;1;2;1;3;3.295836866004329;7.482681828154651;0;0;0.0
1;1;1;0;72;1;2;0;0;2;2;2;2;0;2;0;1;4.36118596880203;8.593644843576568;0;0;0.03
0;0;0;0;8;1;0;0;2;0;0;2;0;2;0;0;0;4.205438609727688;6.355239228161937;0;0;0.1
0;0;1;1;22;1;0;2;1;1;1;1;1;1;0;0;3;3.039749158970765;5.994709277272871;0;0;0.01
0;0;0;0;1;1;0;1;0;2;0;0;2;0;0;0;2;4.446174454497633;4.446174454497633;1;1;0.95
0;0;0;0;38;1;2;0;0;2;0;2;0;2;0;0;1;4.236278058110767;7.885065848682237;0;0;0.03
1;0;0;1;17;1;0;0;0;2;2;2;2;2;1;0;2;4.404888303817144;7.277213171784299;0;0;0.08
0;1;0;0;70;1;2;0;0;2;2;2;2;0;2;1;0;4.33729074083249;8.55903546527447;0;0;0.02
0;1;1;1;72;1;2;0;2;2;2;2;2;2;2;0;1;4.537426533901572;8.770477899642435;1;1;0.65
0;0;0;0;28;1;0;1;0;0;0;0;0;2;0;1;2;4.401829261970061;7.716883873251837;0;0;0.11
0;0;0;0;15;1;0;1;0;2;0;0;2;0;0;1;0;4.4331949212482815;7.030857476116121;0;0;0.5
1;0;1;1;72;1;2;0;2;2;2;2;2;2;2;1;0;4.4835673642288425;8.774026805377234;0;0;0.0
0;1;1;0;11;1;2;1;0;0;2;0;2;2;0;1;2;4.610655116218661;7.03191792160256;1;1;0.99
1;1;0;0;8;1;2;1;0;0;2;0;0;0;0;1;2;4.409763389645481;6.374939637324531;1;1;0.83
0;0;1;0;57;1;2;1;0;2;2;2;2;2;1;1;0;4.704110133842995;8.740928567567575;0;0;0.06
1;0;1;1;1;1;0;2;1;1;1;1;1;1;0;0;0;3.0421386463681466;3.0421386463681466;1;1;0.77
0;0;1;0;46;0;1;0;2;2;0;0;2;0;0;0;2;3.840527003723076;7.63198922007418;0;0;0.16
1;0;1;0;30;1;0;2;1;1;1;1;1;1;1;0;1;3.077312260546414;6.3768970014659105;0;0;0.01
1;1;1;0;10;1;0;1;2;0;0;0;0;0;0;0;2;4.334672938290411;6.581263075743265;0;0;0.11
1;0;1;0;23;1;2;1;2;2;2;0;2;0;0;1;2;4.6076670661866785;7.6904689029011255;1;1;0.79
1;0;0;0;32;1;0;1;2;2;2;0;0;2;0;1;1;4.547541073151455;7.99977924557339;0;0;0.22
1;0;0;0;13;1;0;1;2;0;0;0;0;0;0;1;1;4.314149212270796;6.86448236674867;0;0;0.2
0;0;0;0;39;1;0;1;0;0;2;2;0;0;2;1;2;4.399989335048054;8.07170264645151;1;0;0.14
0;0;0;0;44;1;0;1;0;2;2;0;2;0;0;1;1;4.49032034430915;8.287578748971717;0;0;0.19
1;1;0;0;9;1;0;0;0;0;0;2;0;0;0;0;3;3.9160150266976834;6.106800145787886;0;0;0.07
0;0;1;0;67;1;0;2;1;1;1;1;1;1;2;0;3;3.027715319407042;7.197585043491377;0;0;0.0
1;0;1;1;9;1;2;1;0;0;2;0;0;0;0;1;0;4.386392092183521;6.495643128152179;1;1;0.89
0;0;0;0;15;1;2;1;0;2;0;0;0;0;0;1;2;4.391357962102766;7.0146795713036445;1;1;0.92
0;0;1;0;71;1;2;1;0;2;2;0;2;2;2;1;0;4.664853188149265;8.9300972286214;0;0;0.13
1;0;0;0;1;1;0;0;0;0;0;2;0;0;0;0;1;3.912023005428146;3.912023005428146;0;0;0.14
0;0;1;1;30;1;2;1;0;0;2;0;2;2;0;1;2;4.61561544384963;8.021962006523603;1;1;0.86
1;0;0;0;1;1;0;1;0;0;0;0;0;0;0;1;2;4.253482783560398;4.253482783560398;1;1;1.0
1;0;1;0;17;0;1;0;0;2;0;0;2;2;0;1;3;3.927896354584436;6.7302421431804875;0;0;0.14
0;0;0;0;3;1;0;1;0;0;0;2;0;2;0;0;2;4.463606621666305;5.610204127696635;1;1;0.95
1;0;1;1;67;1;2;0;2;0;2;0;2;2;2;1;2;4.390738575275903;8.574404937167348;1;1;0.66
1;0;0;0;1;1;0;2;1;1;1;1;1;1;0;0;0;3.08876713952118;3.08876713952118;0;0;0.10583333333333332
0;1;0;0;1;1;2;0;0;0;0;0;0;0;0;0;3;3.942552210462969;3.942552210462969;1;1;0.88
0;1;1;0;32;1;2;1;0;0;2;0;0;0;0;0;3;4.385769620952716;7.852050207265889;0;0;0.19
1;0;1;1;41;1;0;2;1;1;1;1;1;1;1;0;0;3.0204248861443626;6.683611227334344;0;0;0.0
1;0;1;0;1;1;0;1;0;0;0;0;2;0;0;1;2;4.401216329067023;4.401216329067023;1;1;0.84
0;0;0;0;1;1;0;0;0;0;0;0;0;0;0;0;0;3.8099902798629945;3.8099902798629945;0;0;0.11
0;0;1;1;12;1;2;1;0;2;2;0;0;0;0;1;2;4.448516375942715;6.822088452225045;1;1;0.85
1;0;1;1;62;1;2;1;2;2;0;0;2;2;0;1;2;4.66814498514948;8.7777404214607;0;0;0.16
0;0;0;0;22;1;0;1;0;2;0;0;0;2;0;1;3;4.446174454497633;7.526529067552247;1;1;0.78
0;0;0;1;17;1;2;1;0;2;2;2;0;0;0;1;1;4.540098189244376;7.351061944517177;0;0;0.38
0;0;1;1;72;1;2;2;1;1;1;1;1;1;2;1;0;3.305053521109253;7.595412416798443;0;0;0.0
1;0;1;1;56;1;2;1;0;2;0;2;2;0;0;1;1;4.58445714439055;8.600283557948336;0;0;0.15
0;0;0;0;9;1;0;2;1;1;1;1;1;1;0;1;1;3.065724645374026;5.000921601908617;0;0;0.01
1;0;1;0;72;1;2;1;2;2;2;2;2;2;2;1;0;4.760463070394127;9.039065574441002;0;0;0.01
1;0;0;0;20;1;0;1;2;2;2;2;2;2;0;1;0;4.693181063310805;7.698346724202935;0;0;0.37
1;0;1;1;19;1;0;2;1;1;1;1;1;1;2;0;3;3.054001181677967;5.96203573641717;0;0;0.0
1;0;0;0;2;1;0;1;0;0;0;0;0;0;0;1;2;4.230476736546681;4.767714115173372;1;1;0.64
1;0;0;0;53;0;1;0;0;0;2;2;2;2;1;0;1;4.023564380161053;8.021830727703612;0;0;0.05
0;1;0;0;27;1;2;1;0;0;0;0;0;2;0;1;2;4.457250055911469;7.735542612264889;1;1;0.88
1;0;0;0;6;1;0;2;1;1;1;1;1;1;0;0;0;3.0516399054922867;4.879006851617819;0;0;0.08
1;0;1;1;9;1;2;1;0;0;2;0;2;0;1;1;2;4.514698282824016;6.644960922038135;0;0;0.19
0;0;1;1;8;1;2;0;0;2;0;0;0;0;0;0;2;4.038655656361512;6.104346704164654;0;0;0.06
0;0;1;1;71;1;2;1;2;2;2;2;2;2;2;0;0;4.750135956238277;8.999773649741925;0;0;0.06
0;0;0;0;10;1;2;1;0;2;0;0;0;0;0;1;0;4.395066248181685;6.723471798874642;1;1;0.93
1;0;0;0;1;1;0;2;1;1;1;1;1;1;0;0;3;3.044522437723423;3.044522437723423;1;0;0.41671428571428565
0;0;1;0;71;0;1;0;2;2;2;2;2;2;1;0;0;4.216562194946349;8.453219843871313;0;0;0.03
1;0;1;0;68;1;0;1;0;2;0;2;2;2;1;1;2;4.618086411254637;8.818090062523531;0;0;0.23
1;0;0;0;34;1;2;1;0;2;0;2;2;2;0;1;2;4.666735541646246;8.172347999231082;0;0;0.11
1;0;0;0;26;1;0;1;0;2;2;2;0;0;1;1;2;4.456670177669648;7.689645669376471;0;0;0.06
0;0;0;0;22;1;0;0;2;0;0;0;0;0;0;1;1;3.9080149840306073;6.961864604629169;1;1;0.81
1;0;0;0;7;1;0;2;1;1;1;1;1;1;0;1;3;2.9932291433358724;4.879387007486302;0;0;0.02
0;0;1;0;20;1;0;1;0;0;0;0;0;0;0;1;0;4.259859000699674;7.340413934774431;0;0;0.16
0;0;1;0;60;1;2;1;0;2;2;0;2;2;0;1;2;4.674229721919586;8.765965502364262;0;0;0.16
1;0;1;1;72;1;0;2;1;1;1;1;1;1;2;0;2;3.070375816549757;7.267909164380298;0;0;0.0
0;1;1;0;72;1;2;1;0;2;2;0;2;2;1;1;1;4.670489652108734;8.93995452043283;0;0;0.08
1;0;0;0;4;1;2;2;1;1;1;1;1;1;0;0;3;3.2676659890376327;4.633757642840004;0;0;0.02
1;0;1;1;16;1;0;2;1;1;1;1;1;1;0;0;2;3.0325462466767075;5.7506660605550515;0;0;0.06
0;1;1;0;62;1;2;1;2;0;2;0;2;2;1;1;2;4.662022997580874;8.750508831171802;0;0;0.08
0;0;0;0;10;1;0;0;0;0;0;2;0;2;0;1;3;4.126327608075152;6.446592454401883;0;0;0.24
1;0;0;0;31;1;2;1;0;2;0;0;0;0;0;1;2;4.408546844483277;7.879121145064257;0;0;0.48
0;0;1;0;71;1;0;2;1;1;1;1;1;1;2;0;1;3.0007198150650303;7.225081101523602;0;0;0.0
1;0;0;0;58;1;0;2;1;1;1;1;1;1;2;0;3;3.0819099697950434;7.1010579882853255;0;0;0.03
1;0;1;1;70;1;2;0;2;2;2;2;2;2;2;1;1;4.512506501124672;8.738422912525174;0;0;0.0
0;0;1;0;71;1;2;0;2;2;2;2;2;2;2;0;2;4.511957804265912;8.750192019561174;0;0;0.0
1;1;0;0;69;1;2;0;2;0;2;2;0;2;2;0;1;4.318820558770089;8.523572798380277;0;0;0.03
0;1;0;0;1;1;2;1;0;0;0;0;0;2;0;1;2;4.454928522657548;4.454928522657548;1;1;0.91
0;0;1;1;72;1;2;1;2;2;2;2;2;2;2;1;0;4.785406236291025;9.068021914499312;0;0;0.2
0;0;1;0;26;1;0;1;0;0;0;2;0;2;0;0;1;4.464758032271346;7.69505287617192;0;0;0.1
0;0;1;0;33;1;2;1;0;0;2;2;0;2;0;1;1;4.564348191467836;8.009412925836207;0;0;0.3
0;0;1;1;10;1;0;2;1;1;1;1;1;1;2;0;3;3.0516399054922867;5.401776074916267;0;0;0.01
0;1;0;0;57;1;2;1;2;0;2;2;0;2;2;0;1;4.627909672957581;8.662262762507304;0;0;0.03
0;0;0;0;10;1;0;2;1;1;1;1;1;1;0;1;2;3.100092288878234;5.410082329878857;0;0;0.04
0;0;1;1;39;1;2;2;1;1;1;1;1;1;1;1;3;3.2268439945173775;6.819579588078412;0;0;0.0
0;0;0;0;11;1;0;2;1;1;1;1;1;1;0;0;0;3.0587070727153796;5.510602174527371;0;0;0.02
0;0;1;1;21;1;0;1;0;2;2;2;2;2;0;1;2;4.642465970731788;7.6549881016953245;1;1;0.75
0;0;1;1;68;1;2;0;0;2;2;2;2;2;2;0;0;4.457829598089382;8.623533227187563;0;0;0.0
1;0;0;0;18;1;2;1;0;0;2;0;2;0;1;1;1;4.506454213048934;7.3987862754199485;0;0;0.05
0;0;0;0;6;1;0;1;0;0;2;2;2;2;0;1;3;4.614625344758847;6.307460715436808;1;1;0.8
1;0;0;0;18;1;2;0;2;0;0;0;0;0;0;0;3;4.047427642434349;6.878171976440463;0;0;0.09
0;0;1;1;52;1;0;0;0;0;2;0;0;0;1;1;0;3.9502817175452365;7.867737484480717;0;0;0.02
1;0;1;1;56;1;2;1;2;2;2;2;2;2;2;0;3;4.760891060984867;8.7901016697594;0;0;0.03
1;0;0;0;45;1;2;1;0;0;2;2;2;2;0;1;0;4.650621448892009;8.465657762453318;0;0;0.26
0;0;0;0;67;1;2;2;1;1;1;1;1;1;2;1;3;3.299533727885655;7.473381539214243;0;0;0.01
1;0;1;0;3;0;1;0;2;0;0;2;0;0;0;0;3;3.586292865338835;4.625952725170619;0;0;0.44
1;1;0;0;65;1;0;1;0;2;2;0;2;2;0;1;0;4.6061696863211745;8.7791188981929;0;0;0.11
1;0;1;0;63;1;2;0;0;2;0;2;0;2;2;0;3;4.223177434065069;8.351174025585241;0;0;0.06
0;0;1;1;11;1;2;2;1;1;1;1;1;1;2;0;3;3.258096538021482;5.709433146165015;0;0;0.01
1;0;0;1;1;1;0;0;0;0;0;2;0;2;0;1;3;4.1034694699991014;4.1034694699991014;0;0;0.16
1;0;0;0;55;1;2;0;0;0;2;0;2;2;2;1;0;4.366912996863833;8.372017119054112;0;0;0.05
1;0;1;1;25;1;2;0;0;0;0;2;0;0;1;1;3;4.027135812528651;7.291042942145598;0;0;0.01
1;0;1;0;72;1;2;1;2;2;2;2;2;2;1;1;0;4.777441406928545;9.069444787271305;1;1;0.72
0;0;1;0;72;1;2;2;1;1;1;1;1;1;2;1;1;3.224857896545748;7.482935031886539;0;0;0.01
0;0;0;1;65;0;1;0;0;2;0;2;2;0;2;0;3;3.834061463958434;7.984445696341958;0;0;0.05
0;1;0;0;54;1;2;1;0;2;0;0;0;0;0;1;2;4.388257184424518;8.382804288377585;1;1;0.83
1;0;1;1;7;1;0;2;1;1;1;1;1;1;0;0;3;3.056356895370426;4.979144627004885;0;0;0.02
0;0;1;0;72;1;2;0;2;2;0;2;0;0;2;0;0;4.185859671057874;8.47756839663297;0;0;0.01
1;0;1;0;21;1;0;0;0;0;0;0;2;0;0;0;0;4.018183201256536;7.026604412820518;0;0;0.04
0;0;0;0;2;1;0;2;1;1;1;1;1;1;0;1;0;3.077312260546414;3.709906821306012;0;0;0.04
1;1;0;0;4;1;0;1;0;0;2;0;2;2;0;1;2;4.561740628060756;6.048317358700765;0;0;0.31
1;0;1;0;3;1;2;1;0;0;0;2;0;0;0;1;0;4.390118804571218;5.532400857900581;1;1;0.91
1;0;1;0;72;1;2;1;2;2;2;2;2;2;2;0;1;4.760463070394127;9.027996814940224;0;0;0.03
0;0;0;0;6;1;0;0;2;0;0;0;0;0;0;1;2;3.920982746799618;5.75447558897172;0;0;0.17
1;0;0;0;52;1;0;1;0;0;2;0;0;2;0;1;1;4.440295542797857;8.373876939961582;0;0;0.22
1;1;1;0;69;1;2;1;0;2;2;0;0;2;0;1;0;4.567987394860375;8.761393485256058;0;0;0.1
1;0;0;0;8;1;0;1;0;0;2;0;2;2;0;1;2;4.5612182984589085;6.608405401662674;1;1;0.82
0;1;0;0;8;1;0;1;0;0;2;0;0;0;0;1;0;4.318154558079471;6.398844487420918;0;0;0.17
0;1;0;0;63;1;2;1;0;0;2;0;0;2;0;1;0;4.506454213048934;8.619713678006637;0;0;0.15
1;0;0;0;60;1;2;1;2;2;2;2;2;2;1;1;1;4.767289035464526;8.860853815277284;0;0;0.04
0;0;1;0;12;1;0;0;2;0;0;2;0;0;0;0;0;4.01096295328305;6.538863151104813;0;0;0.06
0;0;0;0;13;1;0;2;1;1;1;1;1;1;0;1;3;3.0106208860477417;5.635860458170742;0;0;0.03
1;0;0;0;22;1;2;0;2;2;2;0;0;0;0;0;3;4.190412030968334;7.264415222808369;0;0;0.11
1;0;0;0;5;1;2;1;0;0;2;0;2;0;0;1;2;4.537961436294641;6.117436186669918;1;1;0.94
0;0;1;1;1;1;0;2;1;1;1;1;1;1;0;0;3;3.017982882488811;3.017982882488811;1;1;0.5466666666666667
0;0;1;1;72;1;2;2;1;1;1;1;1;1;2;1;0;3.2208738275308737;7.444336364947839;0;0;0.0
0;0;0;0;2;1;0;2;1;1;1;1;1;1;0;0;0;2.9831534913471307;3.9917579734469997;0;0;0.06
0;0;1;1;40;1;0;2;1;1;1;1;1;1;2;0;0;3.0516399054922867;6.657176294481858;0;0;0.0
1;0;1;1;44;1;0;2;1;1;1;1;1;1;1;0;0;3.044522437723423;6.7590812416004;0;0;0.0
1;1;1;0;71;1;0;0;2;2;0;2;2;0;1;1;0;4.276666119016055;8.519809765199392;0;0;0.08
0;0;0;0;2;1;2;1;0;0;0;0;0;0;0;1;2;4.337944122103693;5.119788607992779;1;1;0.95
1;1;0;0;26;1;2;1;0;0;0;0;2;2;0;1;2;4.549657476057832;7.785346761717015;0;0;0.35
1;0;1;1;1;1;0;1;0;0;0;0;0;0;0;1;2;4.2626798770413155;4.2626798770413155;1;1;0.83
0;0;0;0;1;0;1;0;0;0;0;0;0;0;0;0;3;3.2347491740244907;3.2347491740244907;0;0;0.39
1;0;1;1;65;1;0;0;2;0;0;2;2;2;2;1;0;4.328098292648326;8.480767767798385;1;0;0.01
1;0;0;0;3;1;2;0;0;0;0;2;2;0;0;1;3;4.193435464866331;5.351384087484729;0;0;0.4
1;0;0;0;13;1;0;0;0;0;0;2;0;0;0;1;3;3.942552210462969;6.4163237023227815;0;0;0.2
0;0;1;0;33;1;2;1;0;2;2;0;2;2;0;1;2;4.657762636107262;8.134643507878813;1;1;0.76
0;0;0;0;1;1;0;1;0;0;0;0;0;0;0;1;3;4.272490747605575;4.272490747605575;0;0;0.24
1;0;1;1;4;1;0;0;0;0;0;0;0;0;0;0;3;3.834061463958434;5.05209708390385;0;0;0.12
1;0;0;0;2;1;0;1;0;0;0;0;0;0;0;1;2;4.26689632742025;4.976733742420574;0;0;0.26
1;0;1;0;72;1;2;1;2;2;0;2;2;2;2;1;1;4.70002571700077;8.971575439759016;0;0;0.02
0;0;1;1;37;1;2;2;1;1;1;1;1;1;0;0;3;3.3123661679555396;6.816297668493302;0;0;0.04
0;0;0;0;15;1;0;1;2;0;0;0;2;0;0;0;2;4.468204330914934;7.147716615222507;1;0;0.42
0;0;0;0;23;1;0;2;1;1;1;1;1;1;1;1;1;3.027715319407042;6.171909343889077;0;0;0.0
0;0;1;1;30;0;1;0;0;0;0;2;2;2;0;0;1;3.955082494888593;7.354042381610556;1;0;0.12
0;0;1;1;42;1;0;2;1;1;1;1;1;1;1;1;2;2.998229153752578;6.6370614195592115;0;0;0.0
0;0;0;0;32;1;2;0;2;0;0;0;2;2;1;0;3;4.327438444389479;7.733661679117716;0;0;0.01
0;0;1;1;22;1;2;1;0;0;0;0;0;0;0;1;0;4.341204640153626;7.387771118354598;0;0;0.13
1;0;1;0;42;0;1;0;0;0;0;0;0;0;0;1;1;3.261935314328648;7.0013822247607616;0;0;0.12
0;0;0;0;8;1;0;0;0;0;0;0;0;0;0;0;3;3.816612820623488;5.914313487919567;0;0;0.27
0;0;1;1;65;1;2;1;2;0;2;0;2;2;2;1;1;4.6568134191399295;8.813780494338536;0;0;0.03
0;0;0;0;2;1;0;2;1;1;1;1;1;1;0;0;3;3.0204248861443626;3.482777368654578;1;1;0.66
0;0;1;1;70;1;2;0;2;2;2;2;2;2;2;1;0;4.499809670330265;8.74738385341438;0;0;0.0
1;0;0;1;22;1;0;2;1;1;1;1;1;1;0;0;1;3.0516399054922867;6.071891796220597;0;0;0.03
0;1;0;0;4;1;2;1;0;0;0;0;0;0;0;1;2;4.3294166844015844;5.776878029726752;1;1;0.84
0;0;0;0;2;1;2;1;0;0;0;0;0;0;0;0;1;4.3294166844015844;4.998225274019575;1;1;0.71
0;0;1;1;67;0;1;0;2;2;0;0;0;0;2;0;0;3.6149637711637683;7.7978868233704945;0;0;0.01
0;0;0;0;25;1;0;2;1;1;1;1;1;1;0;1;1;3.005682604407159;6.278709023828715;0;0;0.02
0;0;1;0;20;1;0;2;1;1;1;1;1;1;0;0;0;3.0081547935525483;5.930253816063085;0;0;0.08
0;0;0;1;2;1;0;0;2;0;0;0;0;2;0;1;1;4.130354999745133;4.843793308150688;0;0;0.17
1;0;0;0;51;1;0;2;1;1;1;1;1;1;2;0;3;3.065724645374026;6.950479463191916;0;0;0.0
0;0;1;1;46;0;1;0;2;2;0;0;0;0;0;0;0;3.584906863730958;7.390952735630654;0;0;0.1
0;0;0;0;25;1;2;1;0;2;0;0;2;2;0;1;2;4.617592705986649;7.778525495554483;1;1;0.87
1;0;0;1;13;1;0;0;0;0;0;0;0;0;0;0;3;3.8066624897703196;6.492769997489813;0;0;0.06
0;1;0;0;25;1;2;1;2;2;0;0;2;2;0;1;3;4.642465970731788;7.886532427867732;1;1;0.87
1;0;1;1;26;1;0;0;0;0;2;0;0;0;1;0;3;3.9386649363745674;7.159913795364871;0;0;0.03
1;0;0;0;43;1;2;1;0;0;0;2;2;2;1;1;2;4.61512051684126;8.345823444026378;1;1;0.76
1;0;0;1;19;1;0;2;1;1;1;1;1;1;0;1;2;3.044522437723423;5.936348164549315;0;0;0.41
1;0;1;0;10;1;0;1;0;2;0;2;2;2;0;1;2;4.613634264400221;6.899622295751948;1;1;0.76
0;0;0;1;2;1;2;1;0;0;0;0;2;2;0;1;0;4.55597994179732;5.271973391208435;1;1;0.87
0;0;1;0;72;1;2;0;2;2;0;2;2;2;2;1;0;4.470495282661489;8.709456828204239;0;0;0.01
1;1;0;0;18;1;2;0;2;2;0;0;0;0;0;1;1;4.084294226368599;6.8730603091852505;0;0;0.2
1;1;0;0;9;1;2;1;0;0;0;0;0;2;0;1;2;4.440884991680235;6.6734875831649925;1;1;0.95
0;1;0;0;27;1;2;1;0;0;2;0;0;2;0;0;1;4.492001487882454;7.811467228649432;1;1;0.76
1;0;0;0;24;1;2;1;0;0;0;0;2;2;0;1;2;4.554928969551344;7.750980571998911;0;0;0.16
1;0;0;0;69;1;0;1;0;2;2;2;2;2;1;1;0;4.654436427291009;8.890548245606167;1;1;0.75
0;0;1;0;46;1;2;1;0;2;2;2;2;2;2;1;1;4.699570861409576;8.487826170783425;0;0;0.16
0;1;0;0;72;1;2;1;2;2;2;2;0;2;2;1;0;4.685828089005546;8.955415863762575;0;0;0.01
1;0;1;0;22;1;0;1;0;0;2;0;2;2;0;1;1;4.5612182984589085;7.557942765101947;1;1;0.81
0;1;1;0;70;1;2;1;2;0;0;0;0;2;0;1;2;4.520156811661135;8.775101388499907;0;0;0.09
0;0;0;0;2;1;0;2;1;1;1;1;1;1;0;0;2;3.039749158970765;4.067315889834181;0;0;0.22666666666666666
1;0;1;0;31;1;0;0;0;0;2;2;0;2;0;1;1;4.210645017918261;7.611248751596227;0;0;0.12
0;1;1;0;56;1;2;1;0;0;2;0;2;2;0;1;0;4.621535540074356;8.646298553602866;1;1;0.77
0;0;1;1;16;1;0;1;2;0;2;0;2;2;0;0;0;4.622027303054514;7.328896866475309;0;0;0.14
1;0;0;1;52;1;2;2;1;1;1;1;1;1;2;0;1;3.2809112157876537;7.197061032550016;0;0;0.0
1;0;1;1;13;1;0;2;1;1;1;1;1;1;0;1;3;3.0373539482448106;5.53338948872752;0;0;0.1
0;0;0;0;35;1;0;2;1;1;1;1;1;1;1;0;3;3.079613757534693;6.553149621164781;0;0;0.0
0;0;0;0;59;1;0;1;0;0;2;0;2;2;2;0;2;4.572646994282532;8.64055176593914;0;0;0.35
1;0;1;0;72;1;0;1;0;0;2;0;2;2;0;1;2;4.560695695886262;8.817053309540718;0;0;0.19
0;1;1;0;66;1;2;0;0;2;2;0;2;2;2;1;0;4.401216329067023;8.56904532962149;1;0;0.01
0;0;1;0;49;1;2;1;2;2;2;2;0;2;2;0;1;4.678885223810372;8.551662248696813;0;0;0.07
0;0;0;0;2;1;0;0;0;0;0;0;0;0;0;1;3;3.846951008684431;4.669083511731744;0;0;0.1
1;1;0;0;21;1;2;1;0;2;2;0;2;2;0;1;2;4.6572881402501976;7.72878982959402;0;1;0.62
1;1;0;0;54;0;1;0;0;2;2;0;2;2;1;1;2;4.033355290595671;7.9956267577841835;0;0;0.37
1;1;1;0;24;1;2;1;2;0;0;0;0;0;0;1;2;4.380149874661021;7.4805693000821964;1;0;0.31
1;0;0;0;1;1;2;0;2;2;0;0;0;0;0;0;2;4.12955081795672;4.12955081795672;0;0;0.2
1;0;0;0;6;1;0;1;2;2;0;0;0;0;0;1;2;4.381401439279963;6.206475115192003;0;0;0.17
0;0;0;0;1;1;0;0;0;0;0;0;0;0;0;1;3;3.816612820623488;3.816612820623488;1;1;0.76
1;0;0;1;49;1;2;1;2;2;2;0;2;2;1;1;1;4.702296896718814;8.573847589372628;0;0;0.15
0;0;1;1;56;1;0;0;2;2;2;0;0;0;2;1;1;4.131961425793407;8.11605869266852;0;0;0.02
0;1;0;0;56;1;2;1;2;2;0;0;0;2;0;1;2;4.583435693842085;8.560377194197375;0;0;0.17
0;0;1;1;6;0;1;0;0;2;2;2;0;0;2;0;3;3.7268975213014572;5.3867860145356445;0;0;0.05
1;0;0;0;32;1;0;2;1;1;1;1;1;1;1;0;3;3.0349529867072724;6.411325535499879;0;0;0.0
1;0;1;1;50;1;2;1;2;2;2;0;2;2;1;1;2;4.693638833975699;8.600136304229913;0;0;0.1
1;0;1;1;58;1;2;1;0;0;2;2;2;2;1;1;0;4.663910681010692;8.70048927320642;0;0;0.11
0;0;1;1;65;1;2;0;2;2;2;2;2;2;2;1;3;4.515792374836875;8.692641179267019;0;0;0.0
0;0;0;0;64;1;2;0;2;2;2;2;2;2;2;1;1;4.470495282661489;8.60209484450261;0;0;0.0
0;0;1;0;66;1;2;0;2;2;2;0;0;0;2;0;0;4.21803603456465;8.382804288377585;0;0;0.01
1;0;1;0;38;1;2;1;2;0;2;2;2;2;1;1;2;4.715816706075155;8.396064565508757;0;0;0.14
0;0;1;0;20;1;0;2;1;1;1;1;1;1;1;1;3;3.044522437723423;6.03416477664001;0;0;0.01
1;0;0;0;36;1;2;1;0;0;0;0;0;2;0;1;2;4.45318382899021;8.028846349410673;1;1;0.92
1;1;0;0;64;1;2;1;0;0;2;2;2;2;1;0;2;4.635699391022914;8.808234614924435;0;0;0.09
1;0;0;0;1;1;0;2;1;1;1;1;1;1;0;0;3;3.056356895370426;3.056356895370426;1;0;0.03125000000000001
0;0;0;0;60;1;0;0;0;2;2;2;2;0;1;1;1;4.264790324535862;8.348940206541153;0;0;0.02
1;0;0;0;1;1;0;1;0;2;0;0;0;0;0;1;2;4.3221439250725044;4.3221439250725044;1;1;0.87
0;0;1;1;50;1;2;0;2;2;2;2;0;2;1;1;0;4.395066248181685;8.30479173663393;0;0;0.04
1;0;0;0;1;1;2;0;0;0;2;2;0;0;0;0;3;4.143928062410929;4.143928062410929;1;0;0.34
0;0;1;0;72;0;1;0;2;2;2;0;0;2;2;1;2;3.9160150266976834;8.183662623840933;0;0;0.03
1;0;1;0;60;1;0;2;1;1;1;1;1;1;2;1;0;3.068052935133617;7.089910155218993;0;0;0.0
1;0;0;0;46;0;1;0;2;0;2;2;0;0;2;0;3;3.6699514442284173;7.470993070962844;0;0;0.02
0;0;1;1;69;0;1;0;0;2;2;0;2;2;2;1;1;4.024458434757935;8.235758231724922;0;0;0.04
1;1;0;0;31;1;2;1;0;0;2;2;2;0;0;1;0;4.580877493419047;7.965180923319997;0;0;0.07
1;0;1;1;19;1;0;2;1;1;1;1;1;1;1;0;3;3.039749158970765;5.882486384538237;0;0;0.0
0;0;1;1;71;1;0;2;1;1;1;1;1;1;2;0;1;3.039749158970765;7.243012492046805;0;0;0.0
1;0;1;0;12;1;0;1;2;2;2;0;0;0;0;1;2;4.449685283147696;6.867870345283222;0;0;0.12
1;0;1;1;39;1;0;0;2;0;2;2;2;2;1;0;1;4.394449154672439;8.065877843323385;1;1;0.62
1;0;0;0;44;1;2;0;0;2;2;2;2;2;1;1;0;4.457250055911469;8.217479022740617;0;0;0.04
0;0;1;1;56;1;2;0;2;2;2;2;2;0;2;0;1;4.409763389645481;8.438452968474406;0;0;0.0
0;0;1;0;72;1;2;1;2;2;2;2;2;2;2;1;0;4.757891273005756;9.02566604959863;0;0;0.0
1;0;0;0;5;1;2;1;0;2;2;0;2;2;0;0;3;4.6549122778829055;6.296925140911405;1;1;0.74
0;0;0;0;11;1;2;1;2;0;0;0;0;0;0;1;0;4.382026634673881;6.835507114774513;0;0;0.12
1;1;1;0;24;0;1;0;2;0;0;0;0;2;0;0;0;3.6913763343125234;6.879664398815612;1;1;0.53
0;1;1;0;15;1;0;1;0;2;0;0;2;2;0;1;2;4.560695695886262;7.159330784290581;0;0;0.26
1;0;0;0;72;1;0;2;1;1;1;1;1;1;2;1;3;3.0819099697950434;7.327911935833291;0;0;0.0
1;0;1;0;56;1;2;0;0;2;2;0;0;0;2;0;1;4.102643365036796;8.128658943968055;0;0;0.02
1;1;0;0;64;1;0;2;1;1;1;1;1;1;2;1;0;3.0469005601283903;7.089284855575882;0;0;0.0
0;0;1;0;34;1;2;1;0;0;2;0;2;2;0;1;2;4.619566066271823;8.136123090642783;0;0;0.21
1;0;0;0;2;1;2;1;0;0;0;0;0;0;0;1;2;4.350277936359301;5.09650713317022;1;1;0.97
1;0;0;0;35;1;0;2;1;1;1;1;1;1;1;0;0;3.0726933146901194;6.626717749249025;0;0;0.01
1;0;0;0;22;1;0;2;1;1;1;1;1;1;1;0;1;3.0587070727153796;6.1487887573848985;0;0;0.0
1;0;0;0;5;1;0;0;0;0;0;2;0;0;0;1;2;3.9160150266976834;5.384036241950574;1;1;0.6
1;0;0;0;9;0;1;0;2;2;2;0;0;0;1;0;3;3.702535780561422;5.924255797414532;0;0;0.07
1;0;0;0;11;1;2;2;1;1;1;1;1;1;0;0;1;3.184284380098582;5.506144213750353;1;1;0.64
1;0;0;0;23;1;0;2;1;1;1;1;1;1;1;0;3;3.065724645374026;6.1781515614115765;0;0;0.0
0;0;1;1;4;1;0;1;0;0;0;0;0;2;0;0;2;4.404888303817144;5.716204994654758;1;1;0.91
1;0;1;0;68;1;2;2;1;1;1;1;1;1;2;0;0;3.2676659890376327;7.455414152793477;0;0;0.0
1;0;1;0;33;1;0;1;0;0;0;0;2;2;0;0;2;4.524502282920636;7.994649174696049;0;0;0.35
1;0;0;0;31;1;0;0;2;2;2;2;2;0;0;1;0;4.296604902619887;7.676589541388417;0;0;0.0
1;0;0;0;1;1;2;0;0;2;0;2;0;0;0;0;3;4.11251186617755;4.11251186617755;1;1;0.76
0;0;0;0;56;1;0;2;1;1;1;1;1;1;2;0;0;3.0301337002713233;6.959303540862714;0;0;0.05
1;0;0;0;1;1;0;1;0;0;0;0;2;0;0;1;2;4.381401439279963;4.381401439279963;1;1;0.99
1;0;1;1;66;1;0;0;2;2;2;2;2;0;1;1;2;4.33204826486764;8.519989278718239;0;0;0.01
1;0;1;1;72;1;2;2;1;1;1;1;1;1;2;0;0;3.258096538021482;7.46158291929267;0;0;0.0
1;1;0;0;34;1;0;1;0;0;0;0;0;0;0;0;1;4.25063580654847;7.730218731012139;0;0;0.29
0;0;1;1;58;1;0;1;0;2;2;0;2;0;0;1;2;4.527749039019507;8.614800730269245;0;0;0.08
1;0;0;0;2;1;0;0;0;0;0;0;0;0;0;1;2;3.8318969609488613;4.600157644164547;1;1;0.94
1;0;0;0;37;0;1;0;0;0;0;0;2;0;2;0;1;3.6054978451748854;7.183794839649844;0;0;0.04
0;0;0;0;71;1;2;1;2;2;2;2;2;2;2;1;1;4.737513372975805;8.986484066713215;0;0;0.01
1;0;1;1;1;1;0;2;1;1;1;1;1;1;1;0;1;3.0373539482448106;3.0373539482448106;0;0;0.05
1;1;1;1;71;1;0;2;1;1;1;1;1;1;2;0;1;3.0349529867072724;7.236663264368146;0;0;0.01
1;0;1;1;35;1;0;2;1;1;1;1;1;1;1;0;2;3.039749158970765;6.502790045915623;0;0;0.01
0;0;1;1;6;1;0;2;1;1;1;1;1;1;1;0;3;3.0301337002713233;4.558602550171757;0;0;0.05
0;0;0;0;3;1;0;1;0;0;0;0;2;0;0;1;2;4.387014176184921;5.503907758614657;1;1;0.92
0;0;1;1;69;1;0;0;0;2;2;2;0;0;1;0;0;4.096009841541162;8.327411879708428;0;0;0.0
1;0;0;0;44;0;1;0;0;2;2;0;2;2;1;1;3;4.006423680849631;7.773342016481586;1;1;0.69
0;0;1;0;53;1;2;1;0;0;0;2;0;2;1;1;2;4.523417684115833;8.489513622309495;0;0;0.02
0;0;1;0;24;1;0;1;0;2;2;0;2;2;0;1;1;4.60816569496789;7.796613147205047;1;1;0.76
0;0;1;0;5;1;0;1;0;0;0;0;0;0;0;1;2;4.24778070111149;5.8650506222523235;0;1;0.56
0;0;0;1;2;1;0;0;0;2;0;0;0;0;0;0;3;3.96176509732296;4.674696248636701;0;0;0.16
1;0;0;1;62;1;2;2;1;1;1;1;1;1;2;1;3;3.2347491740244907;7.254177846456518;0;0;0.0
0;0;1;0;19;1;0;1;0;0;2;0;2;2;0;1;2;4.582924577040772;7.463965273782727;0;0;0.2
1;0;0;0;9;1;0;1;0;0;0;0;0;0;0;0;3;4.263383854543109;6.489964521183336;0;0;0.1
1;0;0;0;53;1;0;2;1;1;1;1;1;1;2;0;1;3.0204248861443626;6.957972995142755;0;0;0.1
1;0;0;0;5;1;0;1;0;0;0;0;0;2;0;0;3;4.378896741664954;6.057603349612027;0;0;0.21
0;1;1;1;71;1;2;0;2;2;0;0;2;0;1;0;2;4.251348311031766;8.513887734407511;0;0;0.04
0;0;0;0;1;1;0;2;1;1;1;1;1;1;0;1;3;3.022860940942244;3.022860940942244;0;0;0.205
1;0;0;0;18;1;2;1;0;2;0;0;0;0;0;1;2;4.402441819416474;7.281316838077293;1;1;0.9
1;0;0;0;72;1;2;1;0;2;2;0;2;2;2;1;2;4.650621448892009;8.940602992779214;0;0;0.1
0;0;1;0;4;1;0;0;2;2;0;0;0;0;0;0;3;4.019980146933238;5.4640436469922955;0;0;0.05
1;0;0;0;59;1;2;0;0;0;2;0;0;0;2;0;1;4.0100567456995115;8.044674401804834;0;0;0.04
0;0;0;0;1;1;0;1;0;0;0;0;0;0;0;0;3;4.278054044290903;4.278054044290903;1;1;0.99
0;1;1;0;31;1;2;1;0;0;0;0;0;2;0;1;2;4.4526015873434845;7.876410731062155;0;0;0.33
1;0;1;0;3;1;0;2;1;1;1;1;1;1;0;0;0;3.044522437723423;3.9249392306946924;0;0;0.3
0;1;1;0;65;1;2;1;0;2;2;0;2;2;1;1;2;4.675162557808126;8.850918802369344;1;0;0.27
1;0;1;0;49;1;0;1;0;0;2;2;2;2;1;1;1;4.6076670661866785;8.50142959623676;0;0;0.21
1;0;0;0;2;1;0;2;1;1;1;1;1;1;0;0;3;3.013080911888604;3.8575668196320874;0;0;0.01
0;0;1;0;53;1;0;2;1;1;1;1;1;1;1;0;0;3.0819099697950434;6.930299243417031;1;1;0.51
0;0;1;0;55;1;0;1;2;0;0;0;2;2;1;1;2;4.561740628060756;8.571131983387192;0;0;0.11
1;0;1;1;72;1;2;1;2;2;2;2;2;2;2;1;1;4.745366816481375;9.022829373290678;0;0;0.0
0;1;0;0;36;1;2;1;0;0;0;0;0;0;0;1;0;4.3294166844015844;7.886250560399949;0;0;0.17
0;0;1;1;10;1;0;2;1;1;1;1;1;1;0;1;0;3.0349529867072724;5.2870036066477635;0;0;0.01
1;1;0;0;1;1;2;1;0;0;0;0;2;2;0;1;2;4.553876891600541;4.553876891600541;1;1;1.0
0;0;1;1;72;1;2;0;2;2;2;2;0;2;2;0;0;4.404888303817144;8.670043025510447;0;0;0.0
0;0;0;0;28;1;0;0;0;2;0;2;0;0;0;0;0;4.019082077721554;7.325478284485803;0;0;0.02
1;0;1;0;38;1;2;1;2;0;0;0;2;0;0;0;0;4.529368472571809;8.154801940481397;0;0;0.12
0;0;0;0;61;1;2;1;2;2;2;2;2;2;1;1;2;4.784152841516532;8.904725123714375;0;0;0.04
1;0;1;1;52;1;2;2;1;1;1;1;1;1;2;0;3;3.2406373166497136;7.194474387933356;0;0;0.0
1;0;0;0;67;1;0;2;1;1;1;1;1;1;1;1;3;3.017982882488811;7.087531933591134;0;0;0.0
0;0;0;1;34;1;2;1;2;2;2;2;2;2;2;1;1;4.763455164953805;8.280939070951932;0;0;0.05
0;0;0;0;54;1;0;0;2;0;2;2;2;2;2;0;2;4.401829261970061;8.366591207512721;0;0;0.01
0;0;1;0;1;1;0;2;1;1;1;1;1;1;0;1;0;3.0587070727153796;3.0587070727153796;0;0;0.18
0;1;0;0;15;1;2;1;0;2;0;0;0;2;0;0;2;4.50920979484218;7.262593537245912;1;1;0.53
0;0;0;0;4;1;0;0;0;0;0;0;0;0;0;1;3;3.8501476017100584;5.270946169751904;1;1;0.86
0;0;0;0;9;1;0;0;0;2;0;2;2;0;0;0;3;4.208417018481948;6.432216358237724;1;1;0.69
0;0;0;1;46;1;0;1;0;2;2;0;2;2;0;1;2;4.613138355637268;8.387596903245164;0;0;0.29
0;0;0;0;22;1;2;1;0;0;0;2;2;0;0;1;2;4.51085950651685;7.598299073671967;1;1;0.89
1;0;0;0;38;1;0;1;0;0;0;0;0;0;1;1;0;4.268997904375876;7.862728117448636;1;0;0.03
0;0;1;1;55;1;2;0;2;2;0;2;2;0;1;1;1;4.330733340286331;8.34638114536211;0;0;0.0
0;0;0;0;1;1;0;2;1;1;1;1;1;1;0;0;3;3.039749158970765;3.039749158970765;0;0;0.2990555555555555
1;1;1;0;64;1;0;1;2;0;2;0;0;0;1;0;1;4.398146016553765;8.520926215005344;0;0;0.01
1;0;0;1;53;1;0;2;1;1;1;1;1;1;2;0;0;3.0325462466767075;6.95973084057248;1;1;0.63
0;0;1;0;58;1;2;0;2;0;2;2;2;2;2;1;2;4.446174454497633;8.500535214520095;0;0;0.01
1;0;1;0;56;0;1;0;0;0;2;2;2;2;1;1;0;4.008241863168689;7.993214781071947;0;0;0.02
1;0;1;1;72;1;0;1;2;0;2;2;2;2;2;1;1;4.662495252607361;8.930699217850082;0;0;0.02
1;0;0;0;1;1;0;0;2;0;0;2;0;0;0;1;2;4.006423680849631;4.006423680849631;1;0;0.41
1;1;1;0;72;1;2;1;0;2;0;0;2;2;1;1;1;4.58751525074937;8.872641383202147;0;0;0.05
1;0;0;0;22;1;2;1;0;0;0;0;0;2;0;0;2;4.431411859854625;7.495708596663577;0;0;0.16
0;1;0;0;8;1;2;1;0;2;2;0;2;2;0;1;2;4.66814498514948;6.7220881319370855;1;1;0.95
0;0;0;1;16;1;0;1;0;0;0;0;2;0;0;1;2;4.406719247264253;7.180184109971104;1;1;0.74
0;0;0;0;39;0;1;0;0;2;2;2;0;0;0;0;0;3.7400477406883357;7.376539414948115;0;0;0.06
0;0;0;0;12;1;0;0;0;0;0;0;0;0;0;1;0;3.828641396489095;6.264064707134784;0;0;0.33
1;0;1;0;54;1;0;0;2;2;0;0;2;2;2;1;0;4.3247946887187485;8.341040567567811;0;0;0.0
0;0;0;0;18;0;1;0;2;2;0;2;0;0;1;1;3;3.7184382563554808;6.569411291728128;0;0;0.01
1;0;1;0;32;1;0;0;2;2;0;2;0;2;1;0;3;4.269697449699962;7.6974618587468395;0;0;0.0
0;0;0;0;41;1;0;2;1;1;1;1;1;1;1;1;3;3.0325462466767075;6.6945001754182565;0;0;0.0
1;0;1;1;67;1;2;2;1;1;1;1;1;1;2;0;0;3.2445435716167785;7.391076089625938;0;0;0.0
1;0;1;0;65;1;2;1;2;0;2;0;2;2;0;1;2;4.656338472562491;8.82672726036012;0;0;0.06
0;0;0;0;25;1;2;0;2;2;2;2;2;0;0;1;0;4.373868446972418;7.516922845746808;0;0;0.02
0;0;1;1;1;1;0;1;0;0;0;0;0;0;0;1;2;4.259859000699674;4.259859000699674;1;1;0.97
0;0;1;0;67;1;2;1;0;2;2;2;2;2;1;1;1;4.706823839714591;8.901836352898744;0;0;0.08
1;1;0;0;7;1;2;1;0;0;0;0;0;0;0;0;3;4.314149212270796;6.302893663289552;1;1;0.89
0;1;0;0;43;0;1;0;2;2;0;0;0;0;0;1;1;3.539508997459668;7.314053373394193;0;0;0.19
0;0;0;0;24;1;0;1;2;0;0;0;2;2;0;1;2;4.560172820057356;7.733749242875133;0;0;0.12
1;1;0;0;9;1;2;0;2;0;0;0;0;0;0;0;2;4.017283516085639;6.204658767568524;1;1;0.76
1;0;1;1;69;1;0;2;1;1;1;1;1;1;2;0;0;3.054001181677967;7.22802554102707;0;0;0.0
0;0;0;1;37;1;0;2;1;1;1;1;1;1;1;0;0;3.0587070727153796;6.6285703367843025;0;0;0.04
1;0;1;1;20;0;1;0;2;0;2;2;0;0;2;1;1;3.6988297849671046;6.717078917805429;0;0;0.02
1;0;0;0;7;1;0;1;0;0;0;0;0;0;0;0;0;4.25063580654847;6.193690850166804;0;0;0.15
0;1;0;0;37;1;2;1;0;0;0;0;0;0;0;1;2;4.347046915777855;7.952456815619502;1;0;0.5
0;0;0;0;5;1;2;1;0;0;0;0;2;2;0;1;3;4.552823705615882;6.1900079815539595;1;1;0.9
1;0;0;0;41;0;1;0;0;0;2;0;2;2;1;1;2;3.9579519373165457;7.638246412682504;0;0;0.04
0;0;0;0;54;1;0;1;2;2;0;0;2;2;1;1;1;4.61561544384963;8.575584733529793;0;0;0.27
0;1;0;0;3;1;0;1;0;0;0;0;0;0;0;1;2;4.268297869345539;5.326418796658912;1;1;0.71
1;1;0;0;69;1;0;2;1;1;1;1;1;1;2;0;1;3.0587070727153796;7.2132527113039195;0;0;0.0
0;0;0;0;53;1;0;1;0;2;2;2;0;2;1;1;1;4.558602550171757;8.52590513201826;0;0;0.05
1;0;1;1;18;0;1;0;0;2;2;0;2;0;1;0;1;3.858622228701031;6.701222993473124;0;0;0.05
1;0;1;0;64;1;0;1;2;2;0;2;2;2;2;1;1;4.654436427291009;8.795816860129575;0;0;0.02
0;0;1;1;31;1;2;1;0;2;0;0;0;2;0;1;2;4.523417684115833;8.005183533625202;1;0;0.31
0;0;0;0;20;0;1;0;0;0;0;0;0;0;0;0;1;3.254242968705492;6.228412379398589;0;0;0.36
1;0;1;1;57;1;0;0;2;2;0;2;0;0;1;0;3;4.104294893075269;8.163485270080912;0;0;0.0
1;1;1;0;63;1;2;1;2;2;2;0;2;2;2;0;1;4.695924549256556;8.852650627587321;0;0;0.11
1;0;1;1;13;0;1;0;2;2;0;2;0;0;2;0;3;3.7268975213014572;6.382408058697126;0;0;0.0
0;1;1;0;48;1;0;0;0;2;0;0;0;2;1;1;0;4.093510881473524;7.934047739403606;0;0;0.12
0;0;0;0;2;1;0;1;0;0;0;0;0;0;0;1;2;4.2759714333333765;4.934114156188513;1;1;0.52
1;0;1;1;57;1;0;2;1;1;1;1;1;1;2;0;3;3.079613757534693;7.0247824735070115;0;0;0.0
1;0;1;0;71;1;2;1;0;2;2;2;2;2;1;1;0;4.737513372975805;8.981461656000379;0;0;0.11
0;0;1;1;7;1;2;0;0;0;0;0;0;0;0;0;2;3.9080149840306073;5.860216260498028;0;0;0.27
0;0;0;0;16;1;2;0;0;0;0;0;0;2;0;1;0;4.1596640283427435;6.973589834903684;0;0;0.24
1;0;1;0;34;1;2;1;0;0;2;0;2;2;0;0;2;4.623501142672815;8.168571447525101;0;0;0.15
0;0;1;0;37;1;2;1;0;0;2;0;2;2;0;1;2;4.61015772749913;8.232971790593437;1;1;0.79
1;0;0;0;16;1;2;1;0;2;0;0;0;0;0;1;3;4.401216329067023;7.130818827096176;0;0;0.19
1;0;0;1;48;1;2;0;2;2;2;0;0;0;1;1;0;4.180522258463153;8.018411415138372;0;0;0.01
1;0;1;1;58;1;0;0;0;2;0;2;2;2;1;1;1;4.333361462692601;8.366788818742332;0;0;0.02
0;0;1;0;72;1;2;0;2;0;2;2;2;2;2;1;0;4.45318382899021;8.710504143009794;0;0;0.0
0;0;0;0;7;1;0;2;1;1;1;1;1;1;0;0;3;3.0106208860477417;4.983264097300124;0;0;0.06
0;0;0;0;38;1;0;1;2;2;2;0;0;0;0;1;1;4.441474093317302;8.081660551685678;1;1;0.77
0;1;1;0;48;1;2;1;2;2;2;2;2;2;0;0;2;4.774490930604794;8.60151595732809;1;1;0.76
1;0;0;0;10;1;0;1;2;2;2;0;2;2;0;1;2;4.657762636107262;6.986982269433439;1;1;0.81
0;0;0;0;30;1;0;0;2;2;2;2;2;0;1;0;1;4.326117440234365;7.744829628348725;0;0;0.08
1;0;1;0;31;1;2;0;0;0;0;0;2;0;0;1;1;4.095177548525992;7.5410462923887165;0;0;0.05
0;1;0;0;46;1;2;0;0;0;2;2;0;2;1;1;1;4.249922794040544;8.088362215202874;0;0;0.1
1;0;1;0;50;1;0;2;1;1;1;1;1;1;2;0;3;3.070375816549757;6.97415144862182;0;0;0.0
1;0;1;0;28;1;0;1;0;0;0;2;0;0;0;0;0;4.350922889622548;7.633563241781631;0;0;0.18
0;0;0;0;66;0;1;0;2;2;2;2;2;2;2;1;0;4.151039905898646;8.327822850208948;0;0;0.0
1;1;0;0;8;0;1;0;0;0;2;0;0;0;0;1;2;3.414442608412176;5.406723240391823;1;1;0.88
0;0;1;1;41;1;0;1;0;0;2;0;2;2;0;1;0;4.563305981889393;8.255568653283746;0;0;0.07
1;1;1;0;72;1;2;1;0;2;2;2;2;2;2;1;0;4.724285666878253;8.990173635548793;0;0;0.01
0;0;0;0;7;1;0;2;1;1;1;1;1;1;1;0;3;3.039749158970765;5.159916996812011;0;0;0.06
0;0;1;1;38;1;0;2;1;1;1;1;1;1;0;0;3;3.065724645374026;6.662174382548992;0;0;0.0
1;0;0;0;44;1;0;1;2;2;2;0;2;2;1;1;2;4.6732960150356915;8.414451465954324;0;0;0.33
1;0;1;1;47;1;2;1;2;2;2;2;2;2;1;1;0;4.740138046398576;8.57900299298255;0;0;0.07
1;0;1;1;53;1;0;1;0;2;0;2;2;0;0;1;2;4.538496052720099;8.472289963313811;0;0;0.07
1;0;1;0;4;1;2;0;0;0;2;0;2;0;0;0;2;4.198704577546343;5.5258512661635395;0;0;0.13
1;1;0;0;20;1;2;1;0;0;0;0;2;0;0;1;2;4.4467604492404496;7.465197277376707;0;0;0.3
1;0;0;0;2;1;0;0;0;0;0;0;0;0;0;0;3;3.8210036070409776;4.3294166844015844;1;1;0.84
1;1;1;0;57;1;2;0;0;2;2;0;2;0;1;1;1;4.278054044290903;8.32871673201033;0;0;0.02
0;1;1;0;44;1;0;1;2;2;0;2;0;0;0;1;2;4.456089962973938;8.208355576891664;0;0;0.06
1;0;0;0;24;1;0;0;0;0;2;0;0;0;0;1;3;3.9259259105971376;7.06373286043649;0;0;0.07
1;0;1;1;15;0;1;0;2;0;0;0;0;0;0;1;0;3.4404180948154366;6.154114717993229;0;0;0.1
0;0;0;0;3;0;1;0;0;0;0;0;0;0;0;0;2;3.2676659890376327;4.092676505121403;1;0;0.48
0;0;0;1;4;1;2;1;0;2;2;0;0;0;0;0;0;4.44323931884187;5.812786345228826;1;1;0.91
1;1;1;0;37;1;2;1;0;0;0;0;2;0;0;1;2;4.462453883786496;8.062164870413456;1;1;0.8
0;0;0;0;1;1;0;1;0;2;0;0;0;0;0;1;2;4.3267781604434035;4.3267781604434035;1;1;0.95
0;0;0;0;24;1;0;0;2;0;0;2;0;0;0;0;1;4.04917284357538;7.231431711657294;0;0;0.03
0;0;0;0;5;1;2;1;0;2;0;0;2;0;0;1;2;4.519612297626445;6.1235887000350235;1;1;0.93
0;0;0;0;33;1;2;1;0;2;2;0;2;2;0;0;2;4.6872108963243;8.201523082424288;0;0;0.18
0;0;1;1;58;1;0;2;1;1;1;1;1;1;2;1;3;3.0373539482448106;7.056045965394279;0;0;0.0
0;0;1;1;72;1;2;1;2;2;0;0;2;0;2;1;0;4.5736795188967205;8.847237671342803;0;0;0.03
0;0;1;0;71;1;2;2;1;1;1;1;1;1;2;0;3;3.2128577525426376;7.422433472063617;0;0;0.0
0;1;0;0;28;1;2;1;0;2;2;0;2;2;0;1;2;4.674229721919586;8.056268226103706;1;1;0.8
1;0;1;0;51;1;0;0;2;2;2;2;2;2;2;1;1;4.440884991680235;8.36825225063454;0;0;0.0
0;0;0;0;30;1;0;0;2;2;2;2;2;2;1;0;0;4.458408804592688;7.836527788358348;1;1;0.67
1;1;1;0;72;1;0;1;2;2;0;2;0;0;2;1;1;4.4520190064939165;8.72301152412159;0;0;0.02
1;1;0;0;36;1;2;1;2;0;0;0;2;0;0;1;2;4.520156811661135;8.06705493259633;1;0;0.37
1;0;0;1;14;1;0;0;2;2;2;2;0;2;2;0;0;4.345103280569283;6.962054052389516;0;0;0.03
0;0;1;1;72;1;2;0;2;2;0;2;2;0;2;0;3;4.3247946887187485;8.599998234172947;0;0;0.01
0;0;1;1;22;0;1;0;0;2;0;0;2;0;0;0;2;3.6938669956249757;6.746294612855512;0;0;0.08
0;0;0;0;2;1;2;1;0;2;0;0;0;0;0;0;2;4.388878109622984;5.028802598051705;0;0;0.24
0;0;0;0;15;1;0;2;1;1;1;1;1;1;0;0;3;3.0252910757955354;5.705114919889979;0;0;0.06
1;0;1;1;51;1;0;2;1;1;1;1;1;1;2;0;1;3.022860940942244;6.991866621600789;0;0;0.0
1;0;1;0;70;0;1;0;2;0;2;2;0;0;2;1;1;3.6926224403927708;7.898689553852058;0;0;0.02
0;0;1;1;71;1;0;2;1;1;1;1;1;1;2;0;0;3.0492730404820207;7.237490587664918;0;0;0.0
0;0;1;1;39;1;2;1;0;0;0;2;2;2;0;1;1;4.614625344758847;8.234405787174513;0;0;0.18
0;0;1;1;61;1;2;0;2;2;0;0;0;0;0;0;2;4.107589788972121;8.20042553806936;0;0;0.19
0;0;0;0;52;1;0;0;2;0;0;0;0;0;0;1;0;3.926911617921897;7.838560169014315;0;0;0.08
0;0;0;0;1;0;1;0;0;0;0;0;2;0;0;1;2;3.6041382256588457;3.6041382256588457;1;1;0.94
1;0;1;0;64;1;2;1;2;0;2;2;2;2;1;1;3;4.695924549256556;8.836642790130352;0;0;0.06
1;0;1;0;62;1;0;0;0;2;2;2;0;0;2;1;1;4.113329862133181;8.230630492232374;0;0;0.01
1;0;1;0;30;1;0;2;1;1;1;1;1;1;2;0;3;2.998229153752578;6.459199980942271;0;0;0.0
0;1;1;1;4;1;0;0;0;0;0;0;0;0;0;0;2;3.8501476017100584;5.207297968160868;1;1;0.77
1;1;1;0;63;1;0;0;2;2;2;2;2;2;1;1;0;4.442651256490317;8.581209701329653;0;0;0.02
0;0;0;0;1;1;0;0;0;0;0;0;0;0;0;1;1;3.8188106237059674;3.8188106237059674;0;0;0.28
1;0;1;0;15;1;2;1;0;0;2;2;2;2;0;1;2;4.648708488002574;7.3400570410438615;0;0;0.26
1;0;1;1;27;1;0;1;2;2;0;0;0;0;1;1;1;4.402441819416474;7.701087103455844;0;0;0.02
0;0;0;1;4;0;1;0;2;2;2;0;2;2;0;1;3;4.063885354737392;5.41498867335173;0;1;0.52
0;0;1;0;72;1;2;1;2;2;2;0;2;2;2;1;2;4.716264233493678;8.955796448771473;0;0;0.02
1;1;1;0;45;1;2;2;1;1;1;1;1;1;1;0;1;3.246490991901174;7.069321254563527;0;0;0.01
0;1;0;0;45;1;2;1;2;2;0;2;2;0;0;1;2;4.585477552642355;8.386184328821656;0;0;0.09
0;0;0;0;36;1;0;0;2;2;2;2;2;0;1;1;3;4.348340577019075;7.866089658853971;0;0;0.04
1;0;1;1;17;1;0;1;2;0;2;0;2;0;0;1;2;4.504244267398131;7.339829860515501;1;1;0.69
1;0;0;0;1;1;0;2;1;1;1;1;1;1;0;0;3;2.990719731730447;2.990719731730447;0;0;0.01
1;1;0;0;16;1;2;1;0;0;0;0;0;0;0;1;0;4.323470185213858;7.140730342209636;0;0;0.26
1;0;0;0;3;1;0;2;1;1;1;1;1;1;0;1;3;3.0349529867072724;4.080076590424396;1;1;0.69
1;0;1;1;4;1;2;0;0;0;0;0;0;0;0;1;2;3.949318790171843;5.423186348593906;1;1;0.8
0;0;1;0;71;1;0;0;2;2;2;2;2;2;2;1;1;4.447346100794524;8.694552456380377;0;0;0.0
1;0;1;1;10;1;2;2;1;1;1;1;1;1;0;1;3;3.2347491740244907;5.54087131138207;0;0;0.06
1;0;1;1;20;1;0;2;1;1;1;1;1;1;2;0;3;3.0469005601283903;5.993961427306569;0;0;0.0
1;0;0;0;4;1;0;1;0;0;0;0;2;0;0;1;2;4.406719247264253;5.834372044359803;1;1;0.87
1;0;0;0;26;1;2;1;0;0;2;0;2;2;0;1;2;4.598648968997826;7.830544847596122;1;1;0.77
0;0;0;0;4;1;0;0;0;0;0;0;2;0;0;0;1;4.034240638152395;5.430879539631008;0;0;0.17
1;0;0;0;5;0;1;0;0;2;0;0;2;2;0;1;3;3.9512437185814275;5.726684867873505;1;1;0.68
0;0;1;0;4;1;2;1;0;2;0;0;2;0;0;1;2;4.528828952731369;5.903725632799975;1;1;0.94
1;1;1;0;29;1;2;1;0;0;0;0;0;2;0;1;2;4.446174454497633;7.76588709668276;0;0;0.27
1;0;0;0;2;1;0;1;2;2;0;0;2;2;0;0;2;4.617098756853365;5.295814236329918;0;0;0.2
0;0;0;0;29;1;0;2;1;1;1;1;1;1;2;0;3;3.0155349008501706;6.319418462774537;0;0;0.0
1;0;0;1;1;1;0;1;0;0;0;0;2;2;0;1;2;4.520156811661135;4.520156811661135;1;1;0.8
1;0;0;0;1;1;0;1;0;0;0;0;0;0;0;0;3;4.254193263163997;4.254193263163997;1;1;0.97
0;1;0;0;8;1;0;1;0;0;2;0;2;2;0;1;1;4.558602550171757;6.611973828273706;1;1;0.87
1;0;0;0;13;1;0;2;1;1;1;1;1;1;0;1;2;3.0633909220278057;5.532005131737917;0;0;0.0
0;0;1;0;59;1;2;1;2;2;0;0;2;0;0;1;2;4.561740628060756;8.630280776232281;0;0;0.08
0;0;1;1;1;1;0;2;1;1;1;1;1;1;0;1;1;3.0516399054922867;3.0516399054922867;1;1;0.77
1;1;0;0;50;1;2;1;0;0;0;0;2;2;0;1;2;4.571613402459248;8.480051914735554;1;1;0.96
1;0;1;0;18;1;0;0;0;0;0;0;0;0;0;1;0;3.814410176561146;6.645155986897819;0;0;0.06
0;0;1;1;17;1;0;0;2;2;0;0;2;2;0;0;3;4.3247946887187485;7.103979740945083;0;0;0.09
1;0;1;0;47;1;0;0;0;2;2;0;2;2;2;0;2;4.312140507209715;8.167252663167885;0;0;0.05
0;0;0;0;26;1;2;1;0;0;0;0;0;0;0;1;0;4.330075229041782;7.51531733769414;1;1;0.73
0;0;0;0;6;0;1;0;0;0;2;0;2;2;0;1;2;3.8907993689765195;5.723911845951367;1;1;0.86
1;0;1;1;19;1;2;0;0;0;0;0;0;0;0;0;1;3.933784497209659;6.8150367379789305;0;0;0.07
0;0;0;0;3;1;2;0;0;0;0;2;2;0;0;1;2;4.168214410788556;5.054014017398201;1;1;0.78
0;1;1;1;68;0;1;0;0;2;2;0;2;2;2;1;2;3.9889840465642745;8.204466777858196;0;0;0.11
0;0;1;0;2;1;0;2;1;1;1;1;1;1;0;0;0;3.0373539482448106;3.970291913552122;0;0;0.03
1;0;0;0;7;0;1;0;0;0;0;0;0;0;1;1;1;3.232778730037192;5.022893191491757;0;0;0.2
0;0;0;0;18;1;0;2;1;1;1;1;1;1;0;1;3;3.022860940942244;5.9667875593955415;0;0;0.02
0;0;1;0;71;1;2;2;1;1;1;1;1;1;2;0;1;3.260017768199376;7.536203925603146;0;0;0.0
1;1;1;0;13;1;2;1;2;2;0;0;0;2;0;0;1;4.551769409260976;7.140453043101158;0;0;0.19
1;0;0;0;3;0;1;0;0;2;0;2;0;0;0;1;3;3.6336309798834576;4.697749367281185;1;1;0.79
1;0;1;0;72;1;2;1;0;2;2;0;2;2;2;1;0;4.6515765588022475;8.902074567245139;0;0;0.05
1;0;1;1;66;0;1;0;0;2;2;0;2;2;2;1;1;4.056123349401903;8.218625417455186;0;0;0.0
1;0;1;1;24;1;0;2;1;1;1;1;1;1;1;1;1;3.0819099697950434;6.154114717993229;0;0;0.0
0;0;0;0;1;1;0;0;0;0;0;0;0;0;0;1;2;3.8088822465086327;3.8088822465086327;1;1;0.79
0;0;1;1;56;1;2;2;1;1;1;1;1;1;2;1;3;3.2367157429965316;7.234790267386486;0;0;0.0
0;1;1;0;22;1;2;2;1;1;1;1;1;1;1;0;0;3.2809112157876537;6.309554575731145;0;0;0.04
1;0;0;0;14;0;1;0;0;0;2;0;2;2;0;1;2;3.9464244321454784;6.57053276097022;1;1;0.73
0;1;1;0;61;1;2;1;0;2;2;0;2;2;1;1;1;4.657762636107262;8.764990330169104;1;0;0.2
0;1;1;0;40;0;1;0;0;2;0;0;2;0;0;1;2;3.696351468952637;7.401475434845189;1;1;0.67
0;0;0;0;42;1;0;0;2;2;2;0;0;0;0;0;0;4.105119635390059;7.838954327589411;0;0;0.05
0;0;1;1;72;1;2;0;2;0;2;2;2;2;2;1;0;4.4343818650078095;8.706771686158076;0;0;0.0
0;0;0;0;12;1;2;1;0;0;0;2;0;0;0;1;1;4.388878109622984;6.866151729127062;0;0;0.17
1;0;1;0;71;1;2;2;1;1;1;1;1;1;2;0;0;3.2367157429965316;7.456829990179825;0;0;0.0
0;0;1;0;26;1;0;2;1;1;1;1;1;1;1;0;3;3.005682604407159;6.132529987386585;0;0;0.0
0;0;0;1;7;0;1;0;2;0;0;0;0;0;0;0;3;3.427514689979529;5.312959643284906;0;0;0.25
0;0;1;1;6;1;0;0;0;0;0;0;0;0;0;0;3;3.8394523125933104;5.65669086712235;0;0;0.07
0;0;0;0;58;1;0;1;2;2;2;0;2;2;1;1;2;4.67702562308852;8.723695034461883;1;1;0.64
1;0;1;0;51;0;1;0;0;2;0;0;0;0;0;1;1;3.435598808379488;7.333317088789424;0;0;0.09
1;0;1;1;72;0;1;0;2;2;2;2;2;2;2;1;0;4.199455046624718;8.447950288674077;0;0;0.0
0;0;0;0;18;1;0;1;2;0;0;0;2;2;0;1;2;4.57522630961502;7.46261692673774;1;1;0.54
0;0;0;0;7;1;2;1;0;0;0;0;0;0;0;1;0;4.33204826486764;6.317074429966682;1;0;0.48
0;0;0;0;47;1;2;0;2;2;0;2;0;2;2;0;3;4.318154558079471;8.15974652120194;0;0;0.01
1;1;0;0;2;1;0;0;0;0;0;0;0;0;0;1;2;3.822098297900159;4.550714000192032;1;1;0.87
1;1;0;0;62;1;2;1;0;2;2;2;2;2;1;1;0;4.716264233493678;8.86139972680355;0;0;0.36
0;0;1;1;16;1;0;2;1;1;1;1;1;1;2;0;3;3.0301337002713233;5.71224655306833;0;0;0.0
1;0;0;0;6;1;0;0;0;0;0;2;0;0;0;1;1;3.9219733362813143;5.748437115196633;0;0;0.16
1;0;0;0;19;1;0;0;0;0;2;2;0;0;0;1;1;4.02535169073515;6.9541616517962925;1;1;0.71
0;0;1;1;69;0;1;0;2;0;2;0;0;2;2;1;1;3.8055507609176296;7.993316099905515;0;0;0.01
1;0;1;1;11;1;2;1;0;0;0;0;0;0;0;1;2;4.3221439250725044;6.727671217128374;1;1;0.58
0;0;1;0;64;1;2;1;0;2;2;2;2;2;0;1;2;4.719837260966218;8.847129831764855;0;0;0.13
0;0;1;0;39;1;0;1;2;0;2;2;2;2;1;1;1;4.660604892876192;8.32744814860604;1;1;0.75
0;0;0;0;15;1;2;0;2;0;0;0;0;0;0;1;3;4.037774210733707;6.803283257385426;1;0;0.21
1;0;0;0;25;1;0;2;1;1;1;1;1;1;0;0;3;3.0726933146901194;6.296188085414615;0;0;0.0
0;0;0;0;6;1;0;2;1;1;1;1;1;1;2;0;1;3.027715319407042;4.76941262938214;0;0;0.02
1;0;1;0;66;1;2;1;2;2;2;2;2;2;1;0;0;4.760463070394127;8.980065201007257;0;0;0.2
0;0;0;0;61;1;2;0;0;2;2;2;2;2;2;0;1;4.495913200051142;8.579651425255848;0;0;0.0
0;1;1;0;43;1;2;1;2;2;0;0;2;0;0;1;2;4.5591262474866845;8.332741367213014;0;0;0.14
0;0;0;0;12;1;0;2;1;1;1;1;1;1;0;0;3;3.0492730404820207;5.414321042304342;0;0;0.09
1;1;0;0;23;0;1;0;0;0;0;0;0;2;0;1;0;3.573749146860305;6.645675973909861;0;0;0.17
1;1;1;0;71;0;1;0;0;2;2;0;2;2;0;1;0;3.975936331171799;8.233781985815103;0;0;0.06
0;0;0;0;34;1;2;0;0;0;0;2;2;0;0;0;3;4.189654742026425;7.677168814995532;0;0;0.06
0;0;0;0;5;1;0;2;1;1;1;1;1;1;0;0;1;3.0373539482448106;4.691806492647638;1;1;0.72
0;0;1;0;41;0;1;0;0;2;0;2;0;0;1;0;3;3.5959414584546674;7.238963685928251;0;0;0.16
0;0;1;1;72;1;0;2;1;1;1;1;1;1;2;0;1;3.0301337002713233;7.230418320329163;0;0;0.0
1;1;0;0;14;1;2;1;0;0;0;0;2;2;0;1;2;4.570578741218473;7.1501522872182335;0;0;0.28
0;0;0;0;41;1;0;2;1;1;1;1;1;1;2;1;3;3.0373539482448106;6.698822770761891;0;0;0.0
0;0;1;1;23;1;2;1;2;0;0;0;0;0;1;0;1;4.417031743872572;7.502103701719397;0;0;0.1
1;0;1;1;71;1;0;1;2;2;2;2;2;2;2;0;1;4.703203926259457;8.959806353382119;0;0;0.0
0;0;0;0;1;1;0;1;0;0;0;0;0;0;0;1;2;4.26689632742025;4.26689632742025;1;1;0.93
1;0;1;0;72;1;2;2;1;1;1;1;1;1;2;0;3;3.2733640101522705;7.494485830837592;0;0;0.0
1;0;1;1;6;1;0;1;0;0;0;0;0;0;0;1;2;4.259859000699674;5.937140348377382;0;0;0.2
1;0;1;1;23;1;0;2;1;1;1;1;1;1;1;1;1;3.044522437723423;6.100991371635224;0;0;0.0
1;1;1;0;10;1;2;1;0;0;0;0;0;2;0;0;2;4.4607222816222185;6.7484664212987555;1;1;0.91
0;0;0;0;72;1;0;1;2;2;2;2;2;2;2;1;2;4.7086288943563215;8.939213830639822;0;0;0.01
0;0;1;0;7;1;0;0;2;0;0;0;0;0;0;1;0;3.937690752176724;5.875211590283732;0;0;0.19
1;0;0;1;6;1;0;1;0;0;2;0;2;2;0;0;3;4.5591262474866845;6.356888605678963;1;1;0.84
1;0;1;1;9;1;0;1;0;2;0;2;2;2;0;1;2;4.629862798578463;6.811079166716676;0;0;0.19
0;0;0;0;12;1;2;1;0;2;0;0;0;2;0;1;2;4.501474949649326;6.964655326114949;0;0;0.25
0;0;0;0;1;1;0;2;1;1;1;1;1;1;0;1;3;3.0155349008501706;3.0155349008501706;0;0;0.045
0;1;1;1;48;0;1;0;0;2;0;0;0;0;1;0;0;3.4307561839036995;7.236879153833579;0;0;0.09
1;0;0;0;20;1;0;1;0;0;0;0;2;0;0;0;2;4.379523504455763;7.403852977343515;0;0;0.15
0;1;1;0;16;1;2;1;0;0;0;0;0;2;0;1;1;4.458408804592688;7.22704502417986;1;1;0.89
0;0;0;0;2;1;0;1;0;0;0;0;2;0;0;1;3;4.390118804571218;5.03500265054455;1;1;0.86
0;0;0;0;10;1;0;2;1;1;1;1;1;1;1;1;3;3.0106208860477417;5.226821364842967;0;0;0.01
0;1;0;0;2;1;0;1;0;0;0;0;0;2;0;1;2;4.389498649512583;5.27836972873834;1;1;0.84
1;0;1;1;20;1;2;1;0;2;0;2;2;0;0;0;3;4.582924577040772;7.510813624760397;0;0;0.16
1;0;1;0;20;1;0;2;1;1;1;1;1;1;1;0;3;3.075005454448499;6.03667688992953;0;0;0.0
1;0;1;1;19;1;0;2;1;1;1;1;1;1;1;0;3;3.0349529867072724;5.844992643207725;0;0;0.0
1;1;0;0;19;1;2;1;2;0;0;0;2;0;0;1;2;4.517431271680085;7.415175109613295;1;1;0.81
1;0;1;0;22;1;0;1;2;2;0;2;2;2;0;1;2;4.659658371272161;7.687790912310173;0;0;0.18
0;0;0;0;35;1;2;1;0;0;0;2;0;0;0;0;1;4.395066248181685;7.950467185685669;0;0;0.25
0;0;0;0;1;1;0;0;0;0;0;0;0;0;0;0;3;3.8318969609488613;3.8318969609488613;0;1;0.57
1;0;0;0;39;1;2;1;0;0;0;0;0;0;0;1;1;4.306090068583941;7.91273431435173;0;0;0.17
0;1;1;0;54;1;0;1;0;0;2;2;2;2;1;1;2;4.6061696863211745;8.601185014136982;0;0;0.13
0;0;0;0;1;1;0;2;1;1;1;1;1;1;0;1;0;3.054001181677967;3.054001181677967;1;1;0.71
1;0;1;0;66;1;2;1;2;0;2;0;2;2;2;1;1;4.6732960150356915;8.851140815311464;1;1;0.65
1;0;0;0;56;1;2;1;2;0;0;2;2;2;0;1;3;4.666735541646246;8.664828405908269;0;0;0.11
1;0;0;1;18;1;0;0;0;0;0;0;0;0;0;1;1;3.8426729272933526;6.617670321914046;0;0;0.05
0;0;1;1;16;1;2;1;0;2;0;0;0;0;0;1;1;4.393831680123644;7.145945065834913;0;0;0.21
0;0;0;0;68;1;0;0;2;0;2;0;0;0;1;1;1;4.015481713796376;8.20956688164205;0;0;0.08
0;1;1;0;53;1;2;2;1;1;1;1;1;1;2;0;1;3.261935314328648;7.151955572821957;0;0;0.02
0;0;1;1;72;1;2;0;2;0;2;2;2;2;2;0;1;4.450852825603734;8.681842849299175;0;0;0.01
1;0;0;0;9;1;2;1;0;0;0;0;0;0;0;1;2;4.341855469984605;6.587067804916372;0;0;0.21
0;0;0;0;30;1;0;0;2;0;0;0;0;0;0;1;3;3.9080149840306073;7.338075588088477;0;0;0.11
0;0;0;0;36;1;2;1;0;2;0;0;2;2;0;1;2;4.606669062111827;8.19328963695088;1;1;0.81
0;0;0;0;18;0;1;0;0;0;2;2;0;0;0;1;2;3.5890591188317256;6.41066818132666;0;0;0.14
0;1;1;1;55;1;2;0;2;0;2;2;2;0;1;0;2;4.347046915777855;8.332200069167115;0;0;0.06
0;0;1;0;39;0;1;0;2;0;2;0;2;2;0;0;2;4.041295341132285;7.689531277768115;1;1;0.67
1;0;0;0;21;1;2;1;0;2;0;0;0;0;0;1;2;4.423048609196803;7.525019836703854;1;1;0.91
1;0;0;0;2;0;1;0;0;2;2;2;0;0;0;1;1;3.7232808808312687;4.358630056867486;1;1;0.83
1;1;0;0;33;1;2;2;1;1;1;1;1;1;1;1;0;3.254242968705492;6.743823587299773;0;0;0.04
1;0;1;0;44;0;1;0;0;2;2;0;2;2;2;0;0;4.012772908528289;7.779655155521484;0;0;0.06
0;0;1;1;30;1;0;0;2;0;0;2;0;2;0;0;0;4.209160236650682;7.562421472723801;0;0;0.03
0;0;1;0;71;1;0;2;1;1;1;1;1;1;2;1;0;3.086486636822455;7.3093462255417005;0;0;0.0
0;0;0;0;4;1;2;1;0;0;0;0;0;0;0;0;2;4.335328031664641;5.826295049131593;1;1;0.88
1;0;0;1;35;1;0;1;0;0;2;0;2;0;1;1;2;4.456089962973938;8.016845811937873;1;1;0.68
1;0;1;0;1;1;0;1;0;0;2;0;0;0;0;0;1;4.335328031664641;4.335328031664641;0;1;0.66
1;1;1;0;23;1;2;1;0;2;2;0;2;2;0;1;2;4.658236906924784;7.689760047900884;0;0;0.25
0;0;0;1;22;0;1;0;0;0;2;0;2;2;1;1;1;3.920982746799618;6.939641467844459;0;0;0.17
0;0;0;1;49;1;0;2;1;1;1;1;1;1;1;0;1;3.017982882488811;6.826870550241673;0;0;0.0
0;0;1;1;42;1;0;1;0;0;2;0;2;2;0;1;2;4.5342110970475975;8.262662166860395;0;0;0.13
0;0;1;1;33;1;0;1;0;0;2;0;2;2;1;1;2;4.551769409260976;8.047349549371868;1;1;0.85
0;0;1;1;7;1;0;2;1;1;1;1;1;1;2;0;3;3.0373539482448106;4.977767690470639;0;0;0.08
0;0;1;1;67;1;2;1;2;0;2;2;0;2;1;1;0;4.617592705986649;8.808369153122275;0;0;0.2
1;0;0;0;15;1;2;1;0;2;0;2;0;2;0;0;2;4.571613402459248;7.280766063536691;0;0;0.18
1;0;1;0;67;1;2;1;0;2;2;0;0;2;2;1;2;4.544889255103161;8.759229151982272;0;0;0.07
1;0;1;1;53;1;0;0;2;2;0;2;2;0;2;1;3;4.258445572902527;8.224324357610461;0;0;0.0
1;0;1;1;21;1;0;2;1;1;1;1;1;1;1;0;3;3.0349529867072724;5.861071083174386;0;0;0.0
0;0;1;1;40;1;0;0;2;2;0;2;0;2;0;1;3;4.281515453077493;7.954442494785328;0;0;0.03
0;0;1;1;22;1;0;2;1;1;1;1;1;1;1;0;0;3.079613757534693;6.116664454092065;0;0;0.0
1;0;0;0;39;0;1;0;0;0;0;2;0;2;0;1;2;3.728100167267218;7.310215878070003;0;0;0.07
1;0;0;0;45;1;0;2;1;1;1;1;1;1;1;1;2;3.0633909220278057;6.836742511735718;1;0;0.0
0;0;1;0;2;1;0;2;1;1;1;1;1;1;0;0;3;3.0610517396746335;3.7577056450437887;0;0;0.09
0;0;1;1;57;1;0;2;1;1;1;1;1;1;2;0;0;3.0325462466767075;7.1491708750837955;0;0;0.01
1;0;1;1;8;1;0;0;0;0;0;0;2;0;0;1;2;4.014579593753238;6.1656279162004735;0;0;0.35
1;1;1;0;7;1;2;1;2;2;0;0;0;2;0;1;1;4.5612182984589085;6.513378467859393;1;1;0.82
1;0;0;0;6;0;1;0;0;2;0;0;0;0;0;1;1;3.449987545831587;5.345677937907874;1;0;0.43
0;0;1;1;7;1;0;2;1;1;1;1;1;1;0;0;3;3.065724645374026;5.022234429939608;0;0;0.03
1;0;0;0;49;1;2;0;0;0;0;2;2;0;2;1;0;4.206928922969246;8.070906088787819;0;0;0.02
0;0;0;0;65;1;2;1;2;2;0;2;0;0;1;1;2;4.50920979484218;8.673453073882332;0;0;0.02
0;0;0;0;55;1;0;0;0;0;0;0;0;0;1;0;0;3.829727762701316;7.809378973812888;0;0;0.01
1;0;1;1;71;1;2;0;2;2;2;2;2;2;2;0;0;4.4756308146331065;8.742701943436728;0;0;0.0
1;0;0;0;35;1;2;1;2;2;2;2;0;0;0;1;3;4.582413198865475;8.132823991602805;0;0;0.04
1;1;0;0;3;1;2;1;0;0;0;0;0;0;0;1;2;4.356708826689592;5.47541697936084;1;1;0.94
0;0;0;1;11;1;0;2;1;1;1;1;1;1;0;0;1;3.0492730404820207;5.404252716956705;1;1;0.59
0;0;0;0;1;1;0;1;0;0;2;0;0;0;0;0;2;4.334672938290411;4.334672938290411;1;0;0.36
1;0;0;0;17;1;2;1;2;2;2;2;2;0;0;1;0;4.678885223810372;7.422433472063617;0;0;0.2
0;0;1;0;72;1;2;1;2;0;2;2;2;2;2;1;1;4.710880640410205;8.972362331703517;0;0;0.0
0;0;1;1;28;1;0;1;2;0;0;0;0;2;1;1;0;4.429029488269218;7.750098025903935;0;0;0.02
0;0;1;0;18;1;0;2;1;1;1;1;1;1;2;0;3;3.0492730404820207;5.917548864157814;0;0;0.0
0;1;1;0;40;1;0;1;0;2;0;2;2;2;1;1;1;4.607168188650764;8.309726119487035;1;0;0.18
0;0;0;0;52;1;0;0;0;0;2;0;0;2;0;1;2;4.101816577060802;8.021157653122883;0;0;0.12
0;0;1;0;47;1;0;0;0;2;0;0;2;0;0;1;0;4.087655574071304;7.910003499367163;0;0;0.05
0;0;0;0;23;1;0;0;0;0;2;0;0;0;0;0;1;3.9259259105971376;6.98679748632209;0;0;0.06
1;0;1;1;66;1;0;0;2;2;2;2;0;0;2;0;3;4.202451303547952;8.318266529798107;0;0;0.0
0;0;0;0;8;1;2;1;0;0;0;0;0;0;0;1;2;4.310799125385514;6.450786328006857;0;0;0.18
1;1;0;0;47;1;0;1;2;0;0;0;0;2;0;0;3;4.460144413937834;8.304816469212922;1;1;0.73
0;0;0;0;7;1;0;2;1;1;1;1;1;1;0;0;3;3.0469005601283903;5.111083765393062;1;1;0.68
0;0;1;1;71;1;2;1;2;2;2;2;2;2;2;0;1;4.741884009303914;9.007954873746483;0;0;0.0
0;1;0;0;50;1;2;1;2;2;0;0;0;0;0;1;2;4.4355674016019115;8.322321206443823;0;0;0.45
1;0;1;0;46;1;0;0;2;2;2;2;0;0;2;0;3;4.199455046624718;8.022290128194062;0;0;0.01
1;0;0;0;1;1;0;1;0;0;0;0;0;0;0;0;2;4.268297869345539;4.268297869345539;1;1;1.0
0;0;0;0;66;0;1;0;2;0;2;2;2;2;2;1;0;4.132763672126045;8.341505581258323;0;0;0.0
0;0;1;0;42;1;2;1;0;0;2;2;0;0;0;1;1;4.464758032271346;8.224364564811577;0;0;0.49
0;0;0;0;5;1;0;1;0;0;0;2;0;0;0;1;3;4.339249605317823;5.992588914769692;0;0;0.15
1;0;1;1;7;1;0;0;2;0;0;0;0;0;1;1;2;3.926911617921897;5.806038175360548;1;1;0.66
1;0;0;0;29;1;2;0;0;2;2;0;0;2;1;0;1;4.275276264727001;7.583552821206969;0;0;0.03
0;0;1;1;27;1;0;0;0;2;0;0;0;0;0;0;3;3.928880122494569;7.198295762282399;0;0;0.04
0;1;0;0;15;1;0;1;0;2;0;0;0;0;0;1;1;4.334672938290411;7.046168486135763;1;1;0.82
0;0;1;1;25;1;0;2;1;1;1;1;1;1;2;0;3;3.0492730404820207;6.188366787216965;0;0;0.0
0;0;1;0;11;1;2;1;0;0;0;0;2;2;0;1;2;4.553876891600541;6.984623723238714;1;1;0.97
1;0;1;0;57;1;2;1;2;2;2;2;2;0;0;1;2;4.644871552839644;8.687231281043342;0;0;0.21
1;0;0;0;67;1;2;1;2;2;2;2;2;2;1;1;0;4.782060352784839;8.962539051214572;1;1;0.68
0;1;1;0;47;1;2;1;0;0;2;0;2;2;0;0;2;4.612145799724517;8.465520877841568;0;0;0.38
0;0;0;0;13;1;0;1;0;0;0;0;2;0;0;1;3;4.417635062141249;6.937216989131756;0;0;0.25
1;0;0;0;8;0;1;0;2;0;0;0;0;0;0;1;2;3.4483989831464497;5.426930434016013;1;1;0.71
0;0;1;0;44;1;2;1;0;0;0;0;2;2;0;1;2;4.575741375297279;8.38139637751873;1;1;0.81
1;0;1;1;71;1;2;0;2;0;0;0;2;0;1;1;2;4.207673247529104;8.45394450475109;0;0;0.02
1;1;1;0;24;1;2;1;0;2;2;0;2;2;0;1;2;4.656338472562491;7.79766096691158;1;1;0.54
1;1;0;0;15;1;2;1;0;2;0;0;0;0;0;1;2;4.396915247167632;7.1051706817236155;1;1;0.83
0;0;0;0;1;1;0;2;1;1;1;1;1;1;0;0;2;3.0325462466767075;3.0325462466767075;0;0;0.3011666666666667
1;1;0;0;2;1;2;1;0;0;0;0;0;0;0;1;3;4.298645025734831;5.045358730154642;0;0;0.29
1;1;0;0;55;1;2;1;2;2;2;2;2;2;0;1;2;4.7664383335842135;8.761479647923393;0;0;0.25
1;1;0;0;71;1;2;1;0;2;0;2;2;2;2;1;2;4.680277658474897;8.939082677938543;0;0;0.08
1;0;1;1;50;1;2;2;1;1;1;1;1;1;2;0;3;3.2561716096118976;7.140809556404862;0;0;0.01
1;0;0;0;1;1;0;1;0;0;0;0;2;2;0;1;2;4.502583597212991;4.502583597212991;0;0;0.34
1;0;0;0;5;1;0;2;1;1;1;1;1;1;0;1;3;3.0081547935525483;4.466482666214198;0;0;0.04
0;0;0;0;66;1;2;1;2;2;2;2;2;0;1;1;0;4.65918477429433;8.821739755538518;0;0;0.03
0;0;1;1;49;1;0;0;2;2;2;2;2;2;1;1;3;4.4796069630127455;8.377011160816375;0;0;0.01
0;1;1;0;3;0;1;0;0;2;0;0;0;0;0;1;2;3.457892725338701;4.429029488269218;0;0;0.26
1;0;1;1;66;1;2;2;1;1;1;1;1;1;1;1;1;3.2846635654062037;7.447489007895335;0;0;0.01
1;0;0;1;11;1;2;1;0;0;0;0;0;2;0;0;2;4.468204330914934;6.79592946379988;0;0;0.23
1;0;0;0;28;0;1;0;0;0;0;2;0;0;0;1;1;3.4372078191851885;6.6993155940331235;0;0;0.12
1;0;1;0;65;1;2;1;2;2;2;0;2;0;2;1;2;4.608664075242347;8.755981719355022;0;0;0.05
0;0;0;0;62;1;0;2;1;1;1;1;1;1;2;1;1;3.005682604407159;7.025227155122308;0;0;0.0
0;0;1;0;2;1;0;2;1;1;1;1;1;1;0;0;0;3.0492730404820207;3.787592927049969;0;0;0.04
0;0;0;0;2;1;0;2;1;1;1;1;1;1;0;0;1;3.0610517396746335;3.586292865338835;0;0;0.1
0;0;1;1;55;1;2;2;1;1;1;1;1;1;2;1;1;3.2827891506118534;7.236339342754344;0;0;0.02
1;1;1;0;41;1;0;1;0;2;0;0;2;2;0;1;2;4.559649670686282;8.256464588524715;0;0;0.12
0;0;1;1;17;1;2;1;2;0;2;0;2;2;0;1;2;4.65586330030361;7.464223260626829;1;1;0.82
0;0;0;0;30;1;0;1;0;0;0;2;2;2;1;1;0;4.558078578454241;7.8781932289267385;0;0;0.06
1;0;0;0;17;1;0;0;2;2;0;0;0;0;1;0;3;4.044804116661965;6.854301758248047;0;0;0.02
0;0;1;1;16;1;0;0;2;2;0;2;0;2;2;0;0;4.237723145067448;7.01737172530546;0;0;0.01
1;0;0;0;72;1;2;2;1;1;1;1;1;1;2;0;0;3.248434627109745;7.48358181696554;0;0;0.0
1;0;0;0;9;1;2;1;0;0;0;0;0;0;0;1;2;4.347046915777855;6.530658944924416;0;0;0.25
0;0;0;0;1;1;0;1;0;2;0;0;0;0;0;0;2;4.3221439250725044;4.3221439250725044;0;0;0.36
1;0;0;1;23;1;0;0;0;2;0;2;0;0;0;0;2;4.0100567456995115;7.180412542165808;0;0;0.07
1;0;0;1;8;1;0;2;1;1;1;1;1;1;0;0;0;3.017982882488811;5.076423034634259;0;0;0.03
1;0;1;1;19;0;1;0;2;2;0;0;0;0;0;1;3;3.5821290841670557;6.415424237852311;0;0;0.07
0;0;0;0;7;1;2;0;2;0;0;0;0;0;0;1;2;4.000949214622548;6.004750891433717;0;0;0.13
1;1;0;0;1;1;0;1;0;0;0;0;0;0;0;1;2;4.257738109130536;4.257738109130536;1;1;1.0
1;0;0;0;61;1;2;1;2;0;2;0;2;2;1;0;2;4.653960350157523;8.758483097202955;0;0;0.05
0;0;1;0;57;1;0;0;2;2;0;2;2;0;2;1;1;4.267597343922845;8.324978862112602;0;0;0.0
1;0;0;0;9;1;0;1;0;0;0;0;0;2;0;1;2;4.404277243608702;6.5710230085550645;1;0;0.42
1;0;0;1;15;1;0;0;2;0;2;0;0;2;1;0;3;4.18737942818929;6.858302395262607;0;0;0.04
0;0;0;0;1;1;0;2;1;1;1;1;1;1;0;0;3;3.027715319407042;3.027715319407042;0;0;0.3667142857142857
0;0;1;0;12;1;0;0;0;0;0;0;0;0;0;0;0;3.8480176754522337;6.228412379398589;0;0;0.09
1;0;0;0;54;1;0;2;1;1;1;1;1;1;2;0;3;3.044522437723423;7.048082279073415;0;0;0.0
1;0;1;1;4;1;0;0;0;0;0;0;0;0;0;0;2;3.824284091120139;5.139614675352716;0;0;0.11
0;0;0;0;7;1;0;1;0;0;0;0;2;0;0;1;3;4.398146016553765;6.268527940411622;1;1;0.84
0;0;1;0;20;1;0;2;1;1;1;1;1;1;1;0;3;3.0610517396746335;5.976731547505917;0;0;0.01
0;0;0;1;26;0;1;0;2;0;0;2;0;2;0;0;3;3.845883202923601;7.045776576879511;0;0;0.15
1;1;1;0;36;1;2;1;0;0;0;0;0;2;0;1;2;4.443827035579329;8.01387266713602;1;1;0.59
0;0;1;0;53;1;2;1;0;2;2;2;2;2;1;1;0;4.70002571700077;8.651584214452642;0;0;0.04
1;0;0;0;3;1;0;0;0;0;0;2;2;2;0;1;2;4.253482783560398;5.259316629198304;1;0;0.23
0;0;0;0;68;0;1;0;2;2;2;2;2;2;2;0;1;4.179757440070231;8.420814440893524;0;0;0.0
1;0;1;1;72;1;2;0;2;2;2;2;2;2;2;1;1;4.519612297626445;8.763834495418493;0;0;0.0
1;0;0;0;12;1;2;2;1;1;1;1;1;1;1;0;1;3.2561716096118976;5.639777144680289;0;0;0.05
0;1;1;1;34;1;2;1;0;2;0;0;0;0;0;1;3;4.389498649512583;7.908129773227916;1;0;0.22
0;0;1;0;68;1;2;1;2;2;0;0;0;0;2;1;0;4.450852825603734;8.65033325748251;0;0;0.01
0;0;0;1;50;1;0;0;2;0;2;2;2;0;1;1;1;4.273884476054178;8.154543290060365;0;0;0.03
0;1;0;0;1;0;1;0;0;0;0;0;2;0;0;1;2;3.6230067099632284;3.6230067099632284;1;1;0.99
0;1;0;0;41;1;2;1;0;2;2;0;2;2;0;1;2;4.657762636107262;8.327230515486256;0;0;0.19
1;1;1;0;30;1;2;1;0;0;0;2;2;2;0;1;2;4.629862798578463;7.9788764595883075;0;0;0.17
1;0;0;0;1;1;2;0;0;2;0;0;0;0;0;0;2;4.012772908528289;4.012772908528289;0;0;0.26
1;1;1;1;29;1;2;1;0;0;2;0;2;2;0;1;2;4.653484046266642;7.994902089540969;0;0;0.34
0;0;1;1;23;1;2;0;2;2;2;2;2;2;2;1;1;4.522874943261261;7.695894406897651;0;0;0.07
1;0;0;1;60;1;0;2;1;1;1;1;1;1;2;0;3;3.0421386463681466;7.082464602773951;0;0;0.0
0;0;1;0;72;1;2;2;1;1;1;1;1;1;2;0;1;3.3123661679555396;7.557733964140704;0;0;0.0
1;0;0;1;22;1;0;1;0;2;2;0;2;0;0;1;2;4.504244267398131;7.602151678942514;1;0;0.42
1;0;0;0;72;1;0;0;2;2;2;2;2;0;2;1;0;4.33204826486764;8.582484554097485;0;0;0.01
0;1;0;0;66;1;2;1;0;2;2;0;2;2;1;0;0;4.692264892839025;8.887321235234717;0;0;0.11
0;0;1;0;72;1;2;1;0;2;2;2;2;2;2;1;2;4.710880640410205;8.987171820349468;0;0;0.01
0;1;1;0;47;1;2;1;2;0;0;0;0;0;0;0;2;4.3987608336650466;8.249797289465494;1;1;0.86
0;0;0;0;51;1;2;1;0;2;2;2;2;2;1;1;2;4.722953221644475;8.64896679002568;0;0;0.13
0;0;1;1;70;1;2;1;0;2;2;0;2;2;1;1;2;4.677490847567717;8.908964972392399;0;0;0.07
1;0;0;0;9;1;0;2;1;1;1;1;1;1;1;1;2;3.039749158970765;5.109575241951159;0;0;0.01
1;0;1;1;59;1;2;1;2;2;0;2;2;2;2;1;3;4.719391330078114;8.788166445804755;0;0;0.06
1;0;0;1;3;1;0;0;0;0;0;2;2;2;0;0;3;4.272490747605575;5.4234069773868585;0;0;0.12
1;1;1;0;38;0;1;0;0;0;0;0;0;0;0;1;2;3.2523106009544382;6.863542124305812;0;0;0.16
0;0;0;0;37;1;2;1;2;2;2;0;0;0;0;0;0;4.523960130562548;8.12660684353654;0;0;0.14
1;0;0;0;37;1;0;0;2;2;2;2;0;0;2;0;0;4.198704577546343;7.747078569699684;0;0;0.01
0;1;1;0;24;0;1;0;0;0;2;0;0;2;0;1;1;3.7293013686128518;6.83979758579891;1;1;0.66
0;0;1;1;14;1;0;0;2;2;0;2;0;0;0;0;0;4.101816577060802;6.66166290628952;0;0;0.04
1;0;1;0;72;1;2;1;2;2;0;2;2;2;2;1;1;4.709079649378603;8.968701838025728;0;0;0.01
1;0;1;0;53;0;1;0;0;2;2;2;2;2;1;1;2;4.118223836012044;8.06628605786149;1;1;0.66
0;0;1;0;8;1;2;1;0;0;0;0;0;2;0;1;2;4.45318382899021;6.6411168934587055;1;1;0.91
1;0;1;1;72;0;1;0;2;2;2;0;0;0;2;0;1;3.676300671907076;7.92443418488756;0;0;0.0
0;1;1;0;17;1;2;1;0;0;0;0;2;2;0;1;2;4.538496052720099;7.387523578282785;0;0;0.43
0;0;1;1;2;1;0;1;0;2;0;0;0;0;0;1;0;4.311470041210748;4.986342601527212;1;1;0.8
0;0;1;0;8;1;0;2;1;1;1;1;1;1;0;0;0;3.0516399054922867;5.05783689558055;1;1;0.69
0;0;1;0;48;0;1;0;0;2;2;0;0;0;1;0;3;3.5751506887855933;7.381190513529568;1;1;0.67
0;0;0;0;10;1;2;2;1;1;1;1;1;1;0;1;3;3.2386784521643803;5.602672173287069;0;0;0.03
1;0;0;0;1;1;0;2;1;1;1;1;1;1;0;0;3;3.0726933146901194;3.0726933146901194;0;0;0.15
0;0;0;0;29;1;0;0;2;0;2;2;0;0;1;0;1;4.07753744390572;7.4590508353018405;0;0;0.03
0;1;1;1;65;1;2;1;0;2;2;0;2;2;1;1;2;4.6862892372728835;8.86057010721098;0;0;0.15
0;0;0;0;8;1;2;0;2;2;2;0;0;0;0;1;0;4.197201947661808;6.3528906862221985;0;0;0.07
1;0;1;0;61;1;2;2;1;1;1;1;1;1;2;0;0;3.2752561583043085;7.339277921409591;0;0;0.0
0;1;0;0;45;1;2;1;0;0;2;0;2;2;1;1;0;4.6166045636137545;8.40308340112615;0;0;0.13
1;0;1;1;72;1;2;1;0;2;2;0;2;2;1;1;1;4.658236906924784;8.917310693197807;0;0;0.03
1;0;1;1;12;1;0;2;1;1;1;1;1;1;0;1;2;3.0978374964911444;5.727010600775408;0;0;0.03
1;0;0;0;7;1;2;1;0;0;0;0;2;2;0;0;2;4.576770711466393;6.462561328644976;0;1;0.88
1;0;0;0;9;1;0;0;0;0;0;0;0;0;0;1;3;3.8155121050473024;5.8555016292920445;0;0;0.5
0;1;1;0;43;1;2;1;0;0;2;2;2;2;1;1;2;4.6872108963243;8.419558311589467;1;1;0.74
1;0;1;1;58;1;2;1;0;0;2;2;0;2;2;0;0;4.557554332046428;8.62418936865003;0;0;0.06
1;1;1;0;16;1;2;1;0;0;2;0;2;2;0;1;2;4.602667055769973;7.370576929449647;1;1;0.89
1;0;1;1;2;1;0;2;1;1;1;1;1;1;0;0;3;3.0587070727153796;3.71965111278069;0;0;0.06
0;0;1;0;8;1;0;1;0;2;2;0;2;2;0;0;2;4.626442321263631;6.738034004163921;1;1;0.86
0;0;1;0;40;1;2;1;2;0;2;0;2;2;1;0;0;4.670489652108734;8.34985088340253;0;0;0.22
1;0;0;0;9;1;2;1;2;0;0;0;0;0;0;1;2;4.408546844483277;6.6662568019459485;0;0;0.09
1;0;0;0;41;1;0;1;0;2;0;2;2;0;1;1;2;4.505902184329423;8.224364564811577;0;0;0.04
0;0;0;0;26;1;0;0;0;2;2;0;0;0;0;1;1;4.020877410340228;7.249854511468482;0;0;0.06
0;0;1;0;33;1;0;0;0;2;0;2;0;0;1;1;1;4.00277736869661;7.527417370279605;0;0;0.0
1;0;1;1;68;1;0;1;0;2;2;2;2;2;1;0;1;4.670489652108734;8.898843634758363;0;0;0.03
0;1;1;0;65;1;0;1;0;2;2;2;2;2;2;1;1;4.671425981765156;8.813810227925597;0;0;0.05
1;0;0;0;55;1;0;0;0;2;0;2;0;2;1;1;2;4.177459468932607;8.196519498003813;0;0;0.06
1;0;0;0;20;1;2;1;0;0;2;0;2;0;0;1;2;4.49647076906475;7.474460165489695;1;1;0.83
1;0;0;0;19;1;0;1;0;0;0;2;0;2;1;1;1;4.485259889315534;7.454112125787783;0;0;0.09
0;0;0;0;45;1;2;1;0;0;2;0;0;2;0;1;1;4.5031374604229395;8.341207520439788;0;0;0.47
0;0;1;1;70;1;0;2;1;1;1;1;1;1;2;1;1;3.0516399054922867;7.252904051082247;0;0;0.0
0;0;0;0;2;1;0;1;0;0;0;0;2;0;0;1;2;4.391357962102766;5.1089711948171175;1;1;0.96
0;0;0;0;27;1;2;1;0;0;0;0;2;2;0;1;3;4.559649670686282;7.910443866346757;1;1;0.85
0;0;1;0;12;1;0;2;1;1;1;1;1;1;2;1;2;3.0469005601283903;5.581803146868408;0;0;0.0
1;0;0;1;72;0;1;0;2;2;2;2;2;2;2;0;1;4.222444564849416;8.449492342051977;0;0;0.0
1;0;0;0;12;1;2;1;0;0;0;0;2;2;0;0;2;4.559649670686282;7.068640374499775;0;0;0.22
0;1;0;0;5;1;0;1;0;0;0;0;0;0;0;1;3;4.249209272783016;5.766757273817589;1;1;0.81
1;1;1;0;71;1;2;1;2;2;2;0;2;2;0;1;2;4.686750172980514;8.950863435163523;0;0;0.15
1;1;0;0;35;1;0;0;0;0;2;2;2;2;1;1;2;4.30406509320417;7.8128839461501;0;0;0.07
1;0;1;1;70;1;2;1;2;2;2;2;2;2;2;0;1;4.751432692966343;8.967414943150516;0;0;0.01
0;0;0;0;31;1;2;1;0;0;0;0;0;0;0;1;2;4.344454561766125;7.709218603025541;0;0;0.14
1;0;1;1;52;1;2;1;0;0;2;2;0;2;2;1;0;4.577284982498556;8.515441658377432;1;1;0.7
1;1;0;0;37;1;2;1;0;0;2;0;2;2;0;1;2;4.625952725170619;8.228190246997041;1;1;0.9
1;0;0;0;69;1;2;1;0;2;0;2;2;2;1;1;0;4.660604892876192;8.884797195017596;1;1;0.71
1;1;1;0;30;1;2;1;0;0;0;0;0;0;0;0;3;4.368181227851829;7.763212617248543;0;0;0.17
0;0;0;0;33;1;2;1;2;0;0;0;0;2;0;1;2;4.517976974285714;8.003229315149744;0;0;0.09
1;1;1;0;54;1;2;1;0;2;2;2;2;2;2;1;2;4.713576059831878;8.712554361717995;0;0;0.09
0;0;0;0;59;1;2;0;2;0;0;2;0;2;1;0;0;4.244200317766478;8.311877279176583;0;0;0.0
1;1;0;0;55;0;1;0;2;2;0;0;2;0;0;1;2;3.825375198702474;7.816034000246114;0;0;0.39
1;1;1;0;69;0;1;0;0;0;2;0;0;0;1;1;1;3.427514689979529;7.6663624310138685;0;0;0.07
0;0;0;0;66;1;2;1;0;2;0;0;2;0;1;1;0;4.498697941477575;8.699698064740023;0;0;0.01
1;0;1;1;37;1;0;0;2;0;2;2;0;0;1;1;3;4.09016919081162;7.698074541294341;0;0;0.0
1;1;1;0;9;1;0;2;1;1;1;1;1;1;1;0;1;3.0373539482448106;5.2157506428910745;0;0;0.02
1;0;1;1;69;1;2;0;2;0;2;2;2;2;2;0;0;4.476199804691132;8.731513935983001;0;0;0.01
1;0;0;0;10;1;0;0;0;2;0;0;2;0;0;1;3;4.105119635390059;6.4613900483018005;0;0;0.09
1;0;0;1;40;1;0;0;2;2;0;0;0;0;0;1;3;4.029806041084529;7.668654561592901;1;0;0.08
1;0;0;1;13;1;0;0;0;0;0;0;2;2;0;0;1;4.210645017918261;6.724733477073789;0;0;0.06
0;0;0;0;6;1;2;1;0;2;0;0;2;0;0;1;2;4.511957804265912;6.258242135442253;1;1;0.76
0;0;1;1;69;1;0;2;1;1;1;1;1;1;2;0;0;3.0516399054922867;7.199304862960407;0;0;0.0
0;1;1;0;66;1;2;1;0;2;2;2;2;2;1;1;1;4.692264892839025;8.87946544117072;0;0;0.07
1;0;0;0;11;1;2;0;0;0;2;0;0;0;0;0;2;4.00277736869661;6.411818267709897;1;1;0.81
1;0;1;1;46;1;0;0;2;0;2;2;0;0;1;0;3;4.05871738457895;7.84819213268437;0;0;0.01
0;0;0;0;6;1;0;1;0;0;0;0;2;2;0;0;2;4.5031374604229395;6.360611392542035;1;1;0.9
0;0;1;1;56;1;2;1;2;0;2;2;2;2;0;1;3;4.7059200890882344;8.691818541575723;0;0;0.12
1;0;1;1;70;1;2;2;1;1;1;1;1;1;2;0;1;3.263849190510932;7.490613150647503;0;0;0.01
0;0;1;1;33;1;2;0;0;0;2;2;2;2;1;1;2;4.383899879055562;7.836922748669972;0;0;0.05
0;0;1;1;72;1;2;0;2;2;0;2;0;0;2;0;1;4.21582445975981;8.468276019181623;0;0;0.03
0;0;1;0;3;1;2;1;0;0;0;0;2;2;0;1;2;4.566429357671661;5.68306943305866;1;1;0.96
0;0;0;1;19;1;0;0;0;0;0;2;0;0;0;0;3;3.9080149840306073;6.861344781159474;0;0;0.03
0;1;0;0;5;0;1;0;0;0;0;0;2;2;0;0;2;3.8437441646748516;5.293304824724492;1;1;0.83
0;0;1;0;71;1;0;0;0;2;2;2;2;2;2;1;1;4.403054001865957;8.649282294440976;0;0;0.0
1;0;1;0;8;1;0;1;2;0;0;0;0;0;0;1;2;4.324132656254979;6.414933279655721;1;1;0.8
1;0;0;0;1;1;0;2;1;1;1;1;1;1;0;0;1;3.070375816549757;3.070375816549757;0;0;0.05
0;0;0;0;1;1;0;1;0;0;0;0;2;0;0;1;2;4.390118804571218;4.390118804571218;1;1;0.99
0;0;0;0;61;1;2;1;2;2;2;2;2;2;1;1;3;4.754451888703846;8.852900850107938;0;0;0.0
0;0;1;1;71;0;1;0;2;2;0;2;2;2;2;0;0;4.1059436980654525;8.324493972476102;0;0;0.0
0;0;1;0;68;1;2;1;0;2;2;0;0;0;1;0;1;4.471067201464611;8.659378282550213;0;0;0.05
1;0;0;0;46;0;1;0;0;0;2;2;0;0;1;0;1;3.5467396869528134;7.338790663201832;0;0;0.05
1;0;0;0;33;1;2;1;2;0;0;0;0;0;1;0;0;4.395682961121367;7.864919204065872;0;0;0.01
0;0;1;1;53;1;2;1;2;2;2;2;0;2;2;1;0;4.654436427291009;8.624683437587189;0;0;0.02
0;1;1;0;50;1;2;1;2;2;2;0;2;2;0;0;0;4.698205051955281;8.60022834034495;0;0;0.35
0;0;0;0;57;0;1;0;2;0;2;2;0;0;1;1;1;3.7400477406883357;7.722788178782065;0;0;0.0
0;0;1;1;54;1;0;2;1;1;1;1;1;1;2;1;0;3.0610517396746335;6.997001656496332;0;0;0.0
0;1;1;0;60;1;2;1;0;2;2;0;2;2;0;1;2;4.671893818030999;8.764404770064148;0;0;0.07
0;1;1;0;28;1;2;1;0;0;0;2;2;2;0;1;1;4.627909672957581;7.942077904433863;1;1;0.86
0;0;1;1;1;1;0;1;0;0;0;0;2;0;0;1;3;4.395066248181685;4.395066248181685;1;1;0.87
1;0;1;1;29;1;2;1;0;0;2;0;0;2;0;1;2;4.502029427068578;7.900766282268976;1;1;0.8
0;0;1;1;10;1;0;0;0;2;0;2;0;2;0;1;2;4.197201947661808;6.426326632066933;0;0;0.07
1;0;0;1;43;0;1;0;2;2;2;0;0;0;0;1;2;3.724487881581304;7.556872199035862;0;0;0.11
1;1;1;0;13;1;0;1;0;0;0;0;0;0;0;0;0;4.268997904375876;6.745353989623313;0;0;0.12
0;0;1;0;43;1;0;0;2;0;2;2;2;2;2;1;2;4.379523504455763;8.149399520029084;0;0;0.02
1;0;1;1;19;1;2;1;0;0;0;0;0;2;0;1;2;4.438525108579144;7.290804347805969;1;1;0.83
1;0;1;1;1;1;0;1;0;0;0;0;2;2;0;1;2;4.511957804265912;4.511957804265912;0;0;0.35
0;0;0;0;69;1;0;0;2;0;2;2;2;2;2;1;1;4.424247650107844;8.622687698096867;0;0;0.0
0;0;1;0;61;1;0;2;1;1;1;1;1;1;2;0;1;3.056356895370426;7.15445909470536;0;0;0.0
1;0;1;0;43;1;2;0;2;2;0;2;0;0;0;0;0;4.208417018481948;7.975341189045124;0;0;0.09
0;0;1;0;6;1;0;2;1;1;1;1;1;1;0;0;0;3.0204248861443626;4.9924713234685845;1;0;0.31
1;0;0;0;1;1;0;0;0;0;0;2;0;0;0;0;3;3.9560398908449206;3.9560398908449206;1;1;0.77
1;0;1;0;56;1;0;1;0;0;0;0;2;2;0;0;3;4.507557357121091;8.507940517144112;0;0;0.14
0;0;1;0;70;0;1;0;2;2;2;2;2;2;2;0;0;4.182813210209709;8.413142928113883;0;0;0.01
1;0;0;0;1;1;0;0;0;0;0;0;0;0;0;1;2;3.8416005411316;3.8416005411316;1;1;0.91
1;0;1;1;49;1;2;1;0;2;2;0;2;0;1;1;2;4.550185877655332;8.416521665244543;0;0;0.05
0;0;0;0;6;1;0;0;0;0;0;2;0;0;0;1;0;3.9249392306946924;5.592292098622838;1;1;0.88
0;0;1;1;32;1;0;0;2;2;2;2;0;2;2;0;3;4.312140507209715;7.748395310848131;0;0;0.01
0;1;1;0;72;1;2;1;2;0;2;2;2;2;2;1;3;4.707275408925245;8.996695316779933;0;0;0.04
1;0;0;1;37;1;0;0;2;2;0;2;0;0;2;0;1;4.134366236571586;7.742119863957441;0;0;0.0
0;0;1;0;69;1;0;1;2;2;0;2;2;2;1;1;1;4.676560182074764;8.889156667870047;0;0;0.07
0;0;1;0;26;1;0;0;0;2;2;2;2;2;0;0;0;4.417635062141249;7.639906803135313;0;0;0.04
0;0;1;1;58;1;2;1;0;2;2;0;2;2;1;1;1;4.665324108807838;8.736553595645178;0;0;0.08
1;0;0;0;24;1;2;0;0;0;0;2;0;0;1;0;0;4.018183201256536;7.125484197594848;0;0;0.01
1;0;1;1;5;1;0;2;1;1;1;1;1;1;1;0;2;3.070375816549757;4.609660091260944;0;0;0.0
1;0;1;1;15;1;0;2;1;1;1;1;1;1;0;1;2;3.044522437723423;5.666599683528485;1;1;0.66
0;0;1;1;30;1;0;2;1;1;1;1;1;1;2;0;3;3.0301337002713233;6.397346235101363;0;0;0.0
0;0;1;0;55;1;2;0;2;2;0;2;0;0;1;1;1;4.205438609727688;8.149919420682004;0;0;0.0
0;0;1;0;25;0;1;0;0;0;0;0;2;0;0;1;0;3.5553480614894135;6.74993119378857;1;1;0.8
1;1;1;0;10;1;0;1;0;2;2;2;2;0;0;1;3;4.537961436294641;6.8406534754414015;1;1;0.87
1;0;1;1;44;0;1;0;2;2;2;2;0;2;2;1;1;4.008241863168689;7.773257852024187;0;0;0.01
0;0;0;0;47;1;0;0;2;2;0;2;0;0;1;1;3;4.092676505121403;7.942380005817831;0;0;0.0
0;0;1;1;13;1;0;1;0;0;0;0;2;2;0;0;2;4.492561241605437;7.10971605102844;1;1;0.87
0;0;1;1;49;1;2;1;0;2;2;2;2;2;2;1;0;4.690889061390629;8.574367160690755;1;1;0.65
0;0;1;0;64;1;0;1;2;0;0;2;2;2;1;1;3;4.583946549536464;8.750738456843377;0;0;0.02
1;0;0;0;1;1;0;2;1;1;1;1;1;1;0;0;3;3.0007198150650303;3.0007198150650303;0;0;0.01
1;0;0;0;20;1;0;0;0;0;0;2;0;0;0;0;3;3.9318256327243257;6.911797099808469;0;0;0.08
0;0;1;0;37;0;1;0;2;0;0;2;2;0;2;0;2;3.8372994592322094;7.374064592639601;0;0;0.0
1;0;1;1;30;1;2;1;0;0;0;0;2;0;0;0;2;4.4595662121293;7.828416446573827;0;0;0.2
0;0;0;0;38;1;2;0;2;2;2;0;2;2;1;0;0;4.443827035579329;8.067352908713396;0;0;0.08
0;1;0;0;1;1;2;1;0;0;0;0;0;0;0;1;3;4.323470185213858;4.323470185213858;1;1;0.93
0;0;0;0;37;1;0;0;0;0;0;0;2;2;0;1;2;4.185859671057874;7.7605522770716195;1;1;0.72
0;0;1;0;52;0;1;0;2;2;2;2;2;2;2;0;1;4.208417018481948;8.111057858757768;0;0;0.01
1;0;0;1;71;1;0;0;2;2;2;2;2;0;2;1;1;4.355425952876702;8.616803204582302;0;0;0.01
1;0;0;0;26;1;0;1;0;2;2;0;2;0;0;0;2;4.508659285607248;7.756323760359912;1;1;0.8
1;0;0;0;66;1;2;0;2;2;2;0;0;2;2;1;1;4.3254562831854875;8.476246189082831;0;0;0.0
1;0;1;0;72;1;2;1;2;2;2;2;2;2;2;1;1;4.770260805853684;9.05898245541934;0;0;0.0
1;0;0;1;25;0;1;0;2;0;0;0;2;0;1;1;1;3.7293013686128518;6.878892734297036;0;0;0.05
1;0;1;1;69;1;2;1;2;2;2;2;2;2;2;1;0;4.747970984619762;8.944654597396298;0;0;0.1
1;0;1;1;53;1;2;0;2;2;0;0;0;2;2;0;0;4.258445572902527;8.212581959303028;0;0;0.0
0;0;0;0;12;1;0;1;0;0;2;0;2;2;1;0;3;4.56954300834494;7.01764054251138;1;1;0.79
1;0;0;0;26;1;0;1;0;0;2;2;2;2;0;1;2;4.6016640466588035;7.839131648274333;0;0;0.18
1;0;0;0;21;1;0;0;0;0;2;0;0;2;0;0;3;4.137563681342077;7.24036291478691;0;0;0.07
0;0;0;1;1;1;0;1;0;0;0;0;2;2;0;1;2;4.503691017038237;4.503691017038237;0;0;0.3
1;0;0;0;48;1;2;1;2;0;0;2;0;2;0;1;2;4.5685062016165;8.399827568630979;0;0;0.21
0;0;1;0;26;0;1;0;2;0;2;0;0;0;1;0;1;3.594568774642695;6.887144325078013;0;0;0.06
1;0;1;0;60;1;0;2;1;1;1;1;1;1;2;0;3;3.0421386463681466;7.138192169123812;0;0;0.0
1;0;0;0;18;1;0;2;1;1;1;1;1;1;0;0;3;3.0081547935525483;5.806188630487591;0;0;0.03
0;1;0;0;10;0;1;0;0;0;0;2;0;0;0;1;2;3.4226326623822203;5.678122727875623;1;1;0.8
1;0;1;1;5;1;2;1;2;0;2;0;0;0;0;1;2;4.448516375942715;6.119747817398232;1;0;0.43
0;0;0;1;4;1;0;2;1;1;1;1;1;1;1;1;3;3.0633909220278057;4.45143608604605;0;0;0.01
1;0;1;1;65;1;2;2;1;1;1;1;1;1;2;0;1;3.248434627109745;7.447809553408257;0;0;0.0
1;0;1;1;70;1;2;2;1;1;1;1;1;1;2;0;3;3.2714682749873716;7.447838688815063;0;0;0.0
1;0;0;0;18;1;2;1;0;0;2;0;0;2;0;1;1;4.51852237926242;7.376664559646836;1;0;0.39
1;0;0;1;62;1;0;2;1;1;1;1;1;1;2;0;0;3.044522437723423;7.131778443323355;0;0;0.02
0;0;1;1;66;1;0;0;2;0;0;0;2;0;2;1;2;4.1067670822206574;8.293499488796547;0;0;0.01
0;0;1;1;65;1;2;0;2;2;0;2;2;2;2;1;0;4.42484663185681;8.559505275201854;0;0;0.06
0;1;0;0;3;1;0;1;0;0;0;0;0;0;0;1;2;4.26689632742025;5.465948207931988;1;1;0.81
0;0;0;0;34;1;0;2;1;1;1;1;1;1;0;0;3;3.0610517396746335;6.51352680279996;0;0;0.05
1;0;1;1;16;1;2;1;0;0;2;0;2;0;0;1;0;4.519612297626445;7.274618149308359;0;0;0.21
0;0;0;0;54;1;2;1;2;0;2;0;2;2;1;1;0;4.653484046266642;8.637648209701036;1;1;0.69
0;1;0;0;50;1;2;1;0;0;2;2;2;2;0;1;2;4.662967284714308;8.560894237487332;0;0;0.16
1;0;1;0;71;1;0;1;0;2;2;2;2;2;2;1;2;4.665794807804526;8.894635982950636;0;0;0.08
0;0;0;0;10;1;2;1;0;0;0;0;0;0;0;1;2;4.327438444389479;6.6854238977684854;1;1;0.94
0;0;0;0;1;1;0;0;0;0;0;2;0;0;0;1;2;3.9473901492654373;3.9473901492654373;1;1;0.77
1;0;0;0;18;1;2;2;1;1;1;1;1;1;1;0;3;3.2088254890146994;6.053264948013429;0;0;0.01
1;0;0;0;4;1;0;0;0;0;0;2;2;0;0;1;2;4.131961425793407;5.523059639225943;0;0;0.09
0;0;1;1;58;1;2;0;2;0;2;2;2;0;2;0;3;4.341204640153626;8.39315941049279;0;0;0.0
0;0;1;0;56;1;2;1;2;0;0;0;2;2;1;1;2;4.59511985013459;8.570089200769734;0;0;0.03
1;0;0;0;2;1;0;1;0;0;0;0;2;0;0;1;2;4.3975308212098465;4.980519670191632;1;1;0.95
1;0;1;0;32;1;2;1;0;0;2;0;0;0;0;1;2;4.380775852772229;7.803414640247219;1;0;0.36
1;0;1;1;56;0;1;0;2;2;0;2;2;0;1;1;3;3.970291913552122;7.96759208869884;0;0;0.0
1;0;0;0;36;1;2;1;0;0;0;0;0;2;0;1;2;4.45143608604605;8.023273847716606;1;1;0.92
0;0;0;0;4;1;2;0;0;0;0;2;2;0;0;1;3;4.180522258463153;5.537334267018537;0;0;0.43
1;0;0;0;53;1;2;1;0;0;0;0;2;0;0;0;0;4.4595662121293;8.415880029715748;1;1;0.7
1;0;0;0;10;1;0;0;0;0;0;0;0;0;0;1;1;3.845883202923601;6.080390756302384;0;0;0.23
1;0;0;0;4;0;1;0;0;0;0;2;0;0;0;0;2;3.449987545831587;4.782479200958502;0;0;0.1
1;0;1;1;1;1;0;2;1;1;1;1;1;1;0;0;3;3.039749158970765;3.039749158970765;1;1;0.74
0;0;1;0;51;1;0;1;0;0;0;0;0;0;0;0;3;4.25063580654847;8.202646816628684;0;0;0.14
1;1;0;0;12;1;2;1;0;0;2;0;2;2;0;1;2;4.609660091260944;7.091034710201204;1;1;0.95
0;0;0;0;6;0;1;0;0;0;0;2;2;2;1;1;3;3.917010546939185;5.547518452181536;0;0;0.08
1;0;1;1;63;0;1;0;0;2;2;2;0;0;2;0;0;3.6975913947159578;7.7815768271311265;0;0;0.0
0;0;0;0;1;1;0;1;0;0;0;0;0;0;0;1;2;4.2710950739666;4.2710950739666;1;1;0.78
0;0;1;0;48;1;2;1;0;2;0;2;2;2;0;1;1;4.664382045619937;8.533961808991474;0;0;0.19
0;0;0;0;5;1;0;1;0;0;0;0;2;0;0;1;1;4.406719247264253;5.967684018442578;1;1;0.91
0;0;0;1;35;1;0;2;1;1;1;1;1;1;1;1;1;3.0492730404820207;6.470025210286697;0;0;0.01
1;0;0;0;6;1;0;1;0;2;0;0;2;0;0;1;2;4.4526015873434845;6.262445427836352;1;1;0.93
1;0;0;0;2;1;0;2;1;1;1;1;1;1;0;0;3;3.0325462466767075;3.696351468952637;0;0;0.03
0;0;0;0;50;1;0;2;1;1;1;1;1;1;1;0;0;3.0325462466767075;6.897755446903804;0;0;0.0
0;0;0;0;33;1;0;1;0;0;0;0;0;0;0;1;0;4.268297869345539;7.786177982412396;0;0;0.25
1;0;0;0;31;1;0;2;1;1;1;1;1;1;2;0;3;3.065724645374026;6.460764804045402;0;0;0.0
0;0;1;1;9;1;0;2;1;1;1;1;1;1;2;0;3;3.0610517396746335;5.258016069774511;0;0;0.0
0;0;1;1;54;1;2;0;0;2;2;2;2;2;0;1;2;4.468204330914934;8.417383905796736;0;0;0.08
0;0;0;0;46;1;0;1;2;2;2;0;2;0;1;1;1;4.57109620565434;8.447885984816894;0;0;0.04
1;0;0;1;34;1;2;1;2;2;0;0;2;2;1;1;2;4.6520537718869415;8.15242847043445;0;0;0.04
1;0;1;1;71;1;2;1;2;0;0;0;2;2;2;1;2;4.58700621536042;8.840913032207272;0;0;0.01
0;0;1;1;63;1;0;0;2;2;2;2;0;0;2;0;3;4.167440117292651;8.297842438340723;0;0;0.01
0;0;0;0;51;1;2;2;1;1;1;1;1;1;2;0;0;3.2561716096118976;7.161622002939187;0;0;0.02
0;1;0;0;26;1;2;1;0;2;0;0;2;0;0;1;2;4.501474949649326;7.731338441321782;1;1;0.97
0;0;1;0;64;1;0;1;2;0;2;0;2;2;2;1;0;4.605170185988092;8.760421683113714;0;0;0.1
0;1;1;0;1;0;1;0;0;0;0;0;0;0;0;1;2;3.250374491927572;3.250374491927572;1;1;0.95
1;1;1;0;61;1;2;1;0;2;0;2;0;0;1;1;0;4.4607222816222185;8.566507027969159;0;0;0.01
0;0;0;0;15;1;0;1;0;0;2;0;2;2;0;1;1;4.553876891600541;7.317511168507457;0;1;0.62
1;0;0;0;64;1;2;1;0;2;0;2;2;2;1;1;1;4.669552444917359;8.83987071701526;1;1;0.64
0;0;0;0;18;1;2;0;0;0;0;0;0;0;0;1;2;3.937690752176724;6.818158745170381;0;0;0.12
0;0;1;1;57;1;0;1;0;2;0;0;2;2;1;1;2;4.564348191467836;8.619171995527653;0;0;0.07
1;0;1;1;14;1;0;0;2;2;0;0;0;2;2;1;0;4.133565275375382;6.705088147522752;0;0;0.01
1;1;0;0;18;1;2;1;0;2;0;0;0;0;0;1;1;4.401216329067023;7.253222652072605;0;1;0.55
0;1;1;0;72;1;2;1;2;0;0;0;0;0;2;0;0;4.375757021660286;8.63110206552402;0;0;0.0
1;0;1;0;70;1;2;1;2;2;2;2;2;2;2;0;1;4.747537427275013;9.017398620020051;0;0;0.03
0;0;0;0;38;1;0;2;1;1;1;1;1;1;2;0;3;3.0469005601283903;6.610022870676855;0;0;0.0
1;0;1;1;68;1;0;0;2;2;2;2;0;0;2;0;1;4.153399325003416;8.384073142749616;0;0;0.03
1;0;0;0;13;1;0;1;0;0;0;0;0;2;0;1;2;4.404888303817144;6.917408536010275;1;0;0.18
1;1;1;0;65;1;2;1;2;2;0;0;2;0;2;1;1;4.540098189244376;8.694401698823368;0;0;0.01
0;0;0;0;30;1;2;1;0;0;2;0;2;2;0;0;2;4.619566066271823;8.038479741566233;0;0;0.34
1;0;1;0;51;1;2;0;0;0;0;2;2;2;2;1;0;4.333361462692601;8.269308588838523;0;0;0.01
0;0;0;0;31;1;2;1;2;0;2;0;0;0;0;1;1;4.45143608604605;7.868789904665684;0;0;0.11
0;0;1;0;9;1;0;1;0;0;0;0;2;2;0;0;2;4.504797211841304;6.750048282952101;1;1;0.84
0;0;1;1;72;1;2;0;2;2;2;2;0;2;2;1;0;4.388257184424518;8.64165608925585;0;0;0.01
1;0;0;0;10;1;2;0;0;0;0;0;2;2;0;1;1;4.292512127466133;6.678656530629254;1;0;0.39
0;0;0;0;37;1;0;2;1;1;1;1;1;1;1;1;2;3.0349529867072724;6.545421496834576;0;0;0.0
0;0;0;0;2;1;0;0;0;0;2;2;2;2;0;0;2;4.3489867805956814;5.086361004624392;1;1;0.84
1;0;0;0;55;1;0;1;2;2;0;0;2;2;1;1;3;4.623991940228679;8.622102605342976;0;0;0.09
1;0;0;1;33;1;2;1;2;0;2;0;0;2;0;1;0;4.56746831880408;8.09442423147053;0;0;0.12
0;0;1;1;46;1;0;1;0;0;2;2;0;2;1;0;0;4.52124495105033;8.351752350230317;0;0;0.1
0;0;0;1;1;1;0;0;2;0;0;2;0;0;0;0;2;4.0163830207523885;4.0163830207523885;0;0;0.17
0;1;0;0;20;1;2;0;0;0;0;0;0;2;0;1;3;4.136765278106052;7.069321254563527;1;1;0.69
1;0;1;0;9;1;0;1;0;2;2;0;0;0;0;1;2;4.393213824064446;6.61029219467525;1;1;0.86
1;1;0;0;32;1;2;1;0;0;0;0;2;2;0;1;1;4.576256175823449;8.013094888399673;1;1;0.88
0;0;1;1;19;1;0;0;0;0;2;0;0;0;0;1;0;3.92395157629342;6.870987554789923;0;0;0.04
0;0;1;0;70;1;2;0;2;0;2;2;0;0;2;0;1;4.194189897191817;8.468160497838927;1;1;0.66
0;0;0;1;61;1;2;2;1;1;1;1;1;1;2;1;1;3.258096538021482;7.312786959840947;0;0;0.0
1;0;0;0;26;1;0;0;0;0;0;0;0;0;0;0;2;3.8383764652598478;7.118137752993733;0;0;0.06
1;0;1;0;45;1;2;1;0;2;2;0;2;2;0;1;0;4.689051669968793;8.49367888435117;0;0;0.24
1;0;1;1;62;1;2;1;0;0;2;0;2;0;2;1;1;4.500920164614292;8.596494085552596;0;0;0.01
1;0;0;0;1;1;0;2;1;1;1;1;1;1;0;0;3;3.027715319407042;3.027715319407042;1;1;0.8395
0;0;0;0;3;1;0;0;0;0;0;0;0;0;0;0;3;3.82319179172153;5.00428182012408;0;0;0.45
0;0;1;1;41;1;2;1;2;2;2;0;0;2;1;1;0;4.630837932736669;8.276789029142892;0;0;0.02
1;0;1;1;67;1;0;1;0;2;2;2;2;2;2;0;0;4.645832167706981;8.838769315515574;0;0;0.04
1;0;0;0;1;1;2;1;0;0;0;0;2;0;0;1;3;4.450269224770129;4.450269224770129;1;1;0.93
0;0;1;0;71;1;2;1;2;2;0;0;2;0;1;0;3;4.57109620565434;8.833163842240966;0;0;0.03
0;0;1;1;37;1;0;0;2;2;0;0;2;2;1;0;0;4.33204826486764;7.886006210979063;0;0;0.05
1;0;1;0;60;1;0;0;2;2;0;2;0;0;2;1;3;4.132763672126045;8.234087298929344;0;0;0.0
0;1;1;0;1;1;0;1;0;0;0;0;0;0;0;1;2;4.256321678298823;4.256321678298823;1;1;0.99
0;0;0;0;6;1;0;2;1;1;1;1;1;1;0;0;1;3.0301337002713233;4.871756295145138;0;0;0.18
0;0;0;0;13;0;1;0;0;2;0;0;0;0;0;1;2;3.467297183366679;5.852920612659915;1;1;0.57
0;0;1;1;11;1;0;0;2;0;0;0;0;0;0;0;0;3.9512437185814275;6.367672474149028;0;0;0.14
1;0;0;0;7;1;0;0;2;0;0;0;0;0;0;1;3;3.9512437185814275;5.8722586246281026;1;1;0.67
0;0;1;1;10;1;0;1;0;0;0;0;2;2;0;1;2;4.498141613229568;6.835668340087237;0;0;0.25
1;0;1;0;34;1;0;2;1;1;1;1;1;1;2;0;1;3.0469005601283903;6.522092798170152;0;0;0.0
0;0;0;0;62;1;0;0;2;0;0;2;0;2;2;1;3;4.191168746857641;8.255243840860063;0;0;0.0
1;0;1;0;64;1;2;0;0;2;0;2;0;2;1;1;3;4.264790324535862;8.40775771771638;0;0;0.1
0;0;1;1;1;1;0;0;0;0;0;0;0;0;0;1;0;3.814410176561146;3.814410176561146;1;1;0.85
1;0;0;0;25;1;0;2;1;1;1;1;1;1;2;1;3;3.079613757534693;6.215407778592756;0;0;0.0
0;0;0;0;26;1;0;0;0;2;2;0;0;0;1;1;3;4.0439280763080845;7.348716222775142;0;0;0.05
1;0;0;1;10;1;0;2;1;1;1;1;1;1;1;1;0;3.0421386463681466;5.395897694886901;0;0;0.09
0;0;0;0;53;1;2;1;2;2;2;0;2;0;1;0;3;4.601162164590552;8.577883693415467;0;0;0.09
0;0;0;0;7;1;0;1;0;0;0;0;2;0;0;1;2;4.390738575275903;6.375109995076221;1;1;0.93
1;0;0;0;33;1;0;1;0;2;2;0;0;0;0;1;1;4.382026634673881;7.854691600970679;0;0;0.14
0;1;1;0;71;1;0;1;0;2;2;0;0;2;2;0;1;4.504797211841304;8.769701351360352;0;0;0.04
0;0;0;0;29;1;2;1;0;0;0;0;0;0;0;1;2;4.320151230955794;7.598023318791239;0;0;0.17
1;0;1;1;24;1;2;0;2;0;0;2;2;2;0;0;0;4.406719247264253;7.56260332160788;0;0;0.09
1;0;1;1;20;1;0;0;0;0;2;0;0;0;0;1;2;3.92395157629342;6.8467305771443625;0;0;0.24
0;0;0;0;1;1;2;1;0;0;0;0;2;0;0;1;2;4.449685283147696;4.449685283147696;0;0;0.29
1;0;0;1;54;1;2;0;0;2;0;0;0;0;0;1;1;4.02535169073515;8.03710690256227;1;1;0.76
0;1;0;0;5;1;0;1;0;0;2;0;2;0;0;1;3;4.4526015873434845;6.032006502420918;1;1;0.89
0;0;1;1;72;1;2;0;2;0;2;2;2;2;2;1;0;4.44500143383527;8.697437592414992;0;0;0.0
1;0;1;0;52;1;0;1;2;2;2;2;2;2;2;1;2;4.675628649636653;8.610319169405722;0;0;0.11
0;0;0;0;9;1;0;1;0;0;0;0;0;0;0;0;2;4.249209272783016;6.480811139196849;0;0;0.18
0;0;0;0;1;1;0;0;0;0;0;0;0;0;0;1;3;3.8372994592322094;3.8372994592322094;0;0;0.32
1;1;0;0;1;1;2;1;0;0;0;0;0;0;0;1;2;4.312810523985199;4.312810523985199;1;1;0.97
1;0;1;1;33;1;0;0;0;0;2;2;2;2;1;1;3;4.316153890523174;7.785741677698578;1;1;0.64
0;0;1;0;55;1;2;1;0;0;2;0;0;0;0;1;2;4.366278277705742;8.402713443891228;1;1;0.77
1;0;1;1;69;1;2;1;0;0;0;2;2;2;2;1;2;4.608664075242347;8.833090931498264;0;0;0.06
1;0;0;0;1;1;0;0;2;0;0;0;0;0;0;1;3;3.9464244321454784;3.9464244321454784;0;0;0.14
1;0;0;0;54;1;2;0;2;0;2;2;2;2;2;0;0;4.478472532942134;8.462990405401921;0;0;0.01
1;0;0;1;33;1;0;2;1;1;1;1;1;1;1;1;3;3.0516399054922867;6.526714454784496;0;0;0.01
1;1;1;0;45;1;2;1;0;2;2;2;2;0;1;1;0;4.602165676967792;8.417770567091786;0;0;0.05
0;0;0;1;11;0;1;0;0;0;0;0;0;0;0;0;2;3.265759410767051;5.7747068129929;0;0;0.14
1;0;0;0;6;1;0;0;2;2;0;0;0;0;0;1;0;4.037774210733707;5.81904381499129;0;0;0.04
1;0;0;0;21;1;0;0;2;0;2;0;2;0;0;0;0;4.194943760778217;7.26220775506777;0;0;0.05
0;0;1;1;65;1;2;2;1;1;1;1;1;1;2;1;0;3.269568939183719;7.467113890993524;0;0;0.0
0;1;1;0;6;1;2;1;0;0;0;0;0;2;0;1;2;4.4467604492404496;6.165207748127065;1;1;0.97
0;0;0;0;8;1;0;1;2;0;0;0;2;0;0;0;2;4.453765731828859;6.506381788777226;1;1;0.75
1;0;0;0;11;1;0;1;0;0;0;2;0;0;0;1;2;4.3154861108656375;6.8322232163697;1;1;0.73
1;0;1;1;43;1;2;2;1;1;1;1;1;1;2;0;3;3.228826155721369;6.983743624981475;0;0;0.0
1;0;1;1;49;0;1;0;0;2;0;0;2;2;1;1;0;3.966511190712216;7.8408047946712465;1;1;0.59
0;1;1;0;1;1;0;0;0;0;0;0;0;0;0;0;2;3.8501476017100584;3.8501476017100584;1;1;0.89
1;1;0;0;15;1;0;1;0;0;0;0;0;2;0;1;2;4.387014176184921;7.0536721538822915;1;0;0.5
1;0;1;1;60;1;0;0;2;2;2;0;0;0;2;0;0;4.119037174812473;8.21485761216453;0;0;0.04
1;0;0;0;17;0;1;0;0;0;0;0;0;0;0;0;1;3.261935314328648;5.950121583573599;0;0;0.1
1;1;1;0;16;1;0;1;0;0;0;0;0;0;0;1;0;4.28771595520264;7.06373286043649;1;1;0.75
1;0;1;1;35;1;0;2;1;1;1;1;1;1;1;0;0;3.0469005601283903;6.617068697510057;0;0;0.0
1;1;1;0;44;1;2;1;0;2;0;0;0;2;1;0;3;4.493120682179469;8.272289598319464;1;0;0.12
0;0;1;1;12;0;1;0;0;0;0;2;0;0;1;0;1;3.4420193761824107;5.913097518033877;0;0;0.06
1;0;0;0;1;1;0;2;1;1;1;1;1;1;0;0;3;3.054001181677967;3.054001181677967;0;0;0.2801865079365078
0;0;0;0;28;1;0;0;2;2;0;2;0;0;1;1;2;4.109233174715851;7.4119791591135655;0;0;0.0
1;0;1;0;70;1;2;2;1;1;1;1;1;1;2;0;0;3.263849190510932;7.571396405909305;0;0;0.02
0;0;0;1;5;1;0;0;0;0;0;0;0;0;0;0;3;3.8501476017100584;5.405825574263322;1;0;0.37
1;0;0;0;18;1;0;1;0;2;2;0;2;2;0;0;1;4.627909672957581;7.493122352365488;0;0;0.11
1;0;1;0;70;1;2;0;2;0;0;2;2;2;2;1;1;4.356067595503785;8.573724742151892;0;0;0.01
0;0;1;1;9;1;2;0;0;2;0;0;0;0;0;1;3;4.030694535145645;6.218998446723485;0;0;0.01
0;1;0;0;67;1;0;1;2;2;0;2;2;0;2;1;0;4.537426533901572;8.722881278690172;0;0;0.07
0;0;0;0;1;1;0;0;2;0;0;0;0;0;0;1;0;3.900962058068721;3.900962058068721;0;0;0.35
0;0;1;1;18;1;0;2;1;1;1;1;1;1;2;0;3;3.013080911888604;5.737378424084716;0;0;0.0
1;0;0;0;4;1;2;0;0;0;0;0;0;0;0;0;1;3.965563772356176;5.308762624409575;1;1;0.82
1;1;1;1;71;1;0;1;2;2;2;0;0;0;1;1;0;4.473921899378137;8.729130183152282;0;0;0.02
1;0;1;1;30;1;2;1;2;2;0;0;2;0;0;1;2;4.558078578454241;7.951453691772792;1;1;0.73
1;0;1;0;1;1;0;0;2;0;2;0;0;0;0;0;3;4.037774210733707;4.037774210733707;0;0;0.39
0;0;0;0;55;1;2;1;2;0;2;0;0;0;1;1;1;4.445588116163626;8.431820471095117;0;0;0.02
1;0;0;0;59;1;0;0;0;0;2;2;2;0;0;1;2;4.184337600748806;8.225891241774054;0;0;0.05
0;0;0;0;1;1;0;1;0;0;0;0;0;0;0;1;3;4.264790324535862;4.264790324535862;1;1;0.96
0;0;1;0;7;1;0;1;0;0;0;0;0;0;0;1;0;4.251348311031766;6.1707606986419155;0;0;0.13
1;0;1;1;45;1;0;0;2;0;0;2;0;0;2;0;0;4.019082077721554;7.8456900789141635;0;0;0.02
0;0;1;1;54;1;2;2;1;1;1;1;1;1;1;1;0;3.248434627109745;7.202772880532065;0;0;0.0
1;0;1;1;51;1;2;2;1;1;1;1;1;1;1;1;3;3.2168738221975275;7.104431644081176;0;0;0.0
0;1;1;0;72;1;2;1;0;2;2;0;2;2;1;0;1;4.663439094112067;8.933143140966676;0;0;0.19
1;0;1;0;44;1;0;0;2;2;0;2;0;0;1;1;0;4.108411819433536;7.8651687601452975;0;0;0.0
1;0;0;0;2;1;0;2;1;1;1;1;1;1;0;0;3;3.0469005601283903;3.7773481021015445;0;0;0.0
0;0;0;0;66;1;2;1;0;0;2;0;2;0;1;1;0;4.5342110970475975;8.709118484352887;0;0;0.15
1;0;1;1;68;0;1;0;2;2;0;0;2;0;1;0;3;3.824284091120139;8.001237766020717;0;0;0.01
0;0;0;0;31;1;0;2;1;1;1;1;1;1;2;0;1;3.086486636822455;6.537198715362162;0;0;0.0
0;1;0;0;21;1;2;1;0;0;0;0;2;2;0;1;0;4.5685062016165;7.613868041932106;0;1;0.66
1;0;0;1;21;1;2;1;2;0;0;0;0;0;0;0;2;4.3987608336650466;7.466341966146388;0;0;0.15
0;0;1;1;55;1;2;0;2;0;2;2;2;2;2;1;0;4.455509411433685;8.446545379842489;0;0;0.0
1;0;0;0;9;0;1;0;0;0;0;0;2;0;0;1;1;3.5751506887855933;5.694068782468562;1;0;0.34
1;1;1;0;71;1;2;1;2;2;2;2;2;2;2;1;0;4.754021132720446;8.989394404205461;0;0;0.01
0;0;0;0;1;1;0;1;0;0;0;0;0;2;0;1;2;4.407938016458383;4.407938016458383;1;1;0.97
1;0;1;1;22;1;0;2;1;1;1;1;1;1;1;0;3;3.0421386463681466;6.074195944705447;0;0;0.0
0;0;1;1;1;1;0;2;1;1;1;1;1;1;0;0;3;3.070375816549757;3.070375816549757;1;1;0.75
0;0;0;0;61;1;2;1;0;0;2;2;2;2;2;1;2;4.678420647727684;8.768636500280573;1;1;0.67
0;0;1;0;67;1;2;0;0;2;2;2;2;2;2;0;0;4.46763077196603;8.680136530839377;0;0;0.0
0;1;0;0;14;1;0;1;2;2;0;0;0;0;0;0;2;4.380149874661021;6.951580758522167;0;0;0.07
1;0;1;0;59;1;2;1;2;2;2;2;2;0;0;1;2;4.6798137289838575;8.7409605481234;1;1;0.73
1;1;1;0;21;1;0;1;0;0;2;0;2;0;0;0;0;4.472210058731861;7.5273904636054025;0;0;0.09
1;0;0;0;4;0;1;0;2;2;0;2;0;0;0;0;3;3.770459441106359;4.993149979755236;0;0;0.21
0;0;0;0;3;1;0;1;0;0;0;0;2;2;0;1;2;4.504797211841304;5.486662412319551;1;1;0.63
1;0;1;0;70;1;2;2;1;1;1;1;1;1;2;0;0;3.228826155721369;7.4530692822067;0;0;0.0
0;0;0;0;3;1;0;1;0;2;0;2;2;2;0;1;2;4.594109238628667;5.756691130311603;1;1;0.86
1;1;0;0;21;1;0;2;1;1;1;1;1;1;1;0;0;3.068052935133617;6.0650634611421745;0;0;0.01
1;0;0;0;20;1;0;2;1;1;1;1;1;1;0;1;1;3.0252910757955354;5.878155861600981;0;0;0.06
1;0;1;1;22;1;0;2;1;1;1;1;1;1;1;0;0;3.056356895370426;6.192873606276185;0;0;0.0
1;0;0;0;1;1;0;0;0;0;0;0;0;2;0;1;3;4.037774210733707;4.037774210733707;1;1;0.75
0;0;0;0;63;1;0;2;1;1;1;1;1;1;2;1;3;3.0726933146901194;7.169888747587542;0;0;0.0
0;0;1;1;70;1;0;2;1;1;1;1;1;1;2;0;0;3.0349529867072724;7.229657602319611;0;0;0.0
1;0;0;0;13;1;0;1;0;2;2;0;0;0;0;1;2;4.39197696552705;6.881873209268033;1;1;0.72
0;0;0;0;5;1;0;1;0;0;0;0;2;0;0;0;2;4.396915247167632;5.9538924742002255;0;0;0.25
0;0;1;1;72;1;2;1;2;2;2;2;2;2;2;1;1;4.765586907393996;9.053013821071527;0;0;0.0
0;0;0;0;13;0;1;0;0;2;0;0;0;0;0;1;2;3.48584485572244;5.968579674570523;0;0;0.2
1;0;1;0;61;1;0;1;0;2;2;2;0;2;0;0;1;4.555454593742159;8.653968068254212;0;0;0.03
1;0;0;0;1;1;0;2;1;1;1;1;1;1;0;0;2;3.075005454448499;3.075005454448499;0;0;0.02
0;1;1;0;56;1;2;1;0;0;0;2;0;0;0;1;0;4.354783898280007;8.360948654332402;0;0;0.21
0;0;0;0;4;1;0;2;1;1;1;1;1;1;0;0;3;3.0516399054922867;4.448516375942715;0;0;0.04
1;0;0;0;35;1;2;0;2;0;0;0;0;0;2;0;3;4.029806041084529;7.562733193424579;0;0;0.0
0;0;1;0;18;0;1;0;0;0;2;0;2;0;0;1;2;3.6901286735143684;6.5085455650364805;1;1;0.78
1;0;1;0;72;1;2;0;0;2;2;0;2;2;2;0;0;4.420646205638937;8.66307549653729;0;0;0.0
0;1;0;0;49;1;2;1;2;2;2;2;0;2;1;0;0;4.6443908991413725;8.550086234718263;0;0;0.06
0;0;1;0;44;1;2;1;2;2;2;2;0;0;0;1;1;4.565389315976247;8.309319953137871;0;0;0.06
0;1;1;0;3;1;0;1;0;0;0;2;2;0;0;1;3;4.441474093317302;5.592478405097527;1;1;0.9
0;0;1;1;37;1;2;1;0;2;2;0;0;2;0;1;2;4.565909472034789;8.170143207157103;0;0;0.09
1;0;1;0;61;1;2;0;0;2;2;0;2;2;1;1;2;4.39197696552705;8.500209786375825;0;0;0.15
1;0;1;0;70;1;2;0;2;0;2;2;0;2;2;1;1;4.328098292648326;8.57862689760033;0;0;0.01
0;1;0;0;1;1;0;1;0;0;0;0;0;0;0;1;2;4.260564966136689;4.260564966136689;1;1;1.0
0;0;0;0;41;1;0;2;1;1;1;1;1;1;0;0;2;3.065724645374026;6.654925417297567;0;0;0.0
1;0;1;1;70;1;2;0;2;2;2;2;0;2;1;0;0;4.373868446972418;8.602811097976756;0;0;0.05
0;0;0;0;1;1;0;0;0;0;0;0;2;0;0;1;3;3.9991177122790798;3.9991177122790798;1;1;0.79
1;0;0;0;51;1;0;2;1;1;1;1;1;1;1;0;2;3.0007198150650303;6.916516784650709;0;0;0.01
0;0;1;1;42;1;0;2;1;1;1;1;1;1;2;0;3;3.044522437723423;6.726892657424426;0;0;0.0
0;0;1;1;70;1;2;1;2;2;2;2;0;0;2;0;0;4.552823705615882;8.791797623074688;1;1;0.63
1;0;0;0;48;1;0;2;1;1;1;1;1;1;1;0;0;3.0421386463681466;6.913240209212707;0;0;0.0
1;0;1;1;68;1;2;1;2;2;2;2;2;2;2;1;2;4.737513372975805;8.969160133175821;1;0;0.01
0;0;0;0;48;1;2;2;1;1;1;1;1;1;2;0;1;3.2188758248682006;7.076696044282031;0;0;0.01
0;1;1;0;26;1;0;1;0;2;0;0;0;2;0;0;2;4.453765731828859;7.682828008940755;1;1;0.77
1;0;1;0;11;1;2;1;0;2;0;0;0;0;0;1;0;4.400603020246817;6.800058703526763;1;1;0.82
1;0;0;0;1;1;0;2;1;1;1;1;1;1;0;1;3;3.0106208860477417;3.0106208860477417;1;0;0.15
0;0;0;0;27;1;0;2;1;1;1;1;1;1;1;0;3;3.0032042883926917;6.219297087908323;0;0;0.0
0;1;0;0;46;1;0;1;0;2;2;0;2;0;1;1;0;4.525044141508807;8.325390833522766;0;0;0.19
1;0;0;0;1;1;0;0;0;0;2;0;0;0;0;1;3;3.9249392306946924;3.9249392306946924;1;1;0.87
0;0;0;0;46;1;0;0;0;0;2;2;0;0;2;0;1;4.013676659154646;7.808383999366624;1;1;0.61
1;0;1;1;25;1;0;2;1;1;1;1;1;1;0;1;3;3.0032042883926917;6.170865175474273;0;0;0.21
1;0;0;0;4;1;0;1;0;0;0;0;2;2;0;1;2;4.493679809954728;5.917952551171302;1;1;0.86
1;0;0;0;13;1;0;2;1;1;1;1;1;1;2;0;3;3.0325462466767075;5.586311890181863;0;0;0.0
1;0;1;0;31;1;0;0;2;2;2;2;0;2;1;1;1;4.33729074083249;7.793772353166465;0;0;0.04
0;0;1;1;23;1;2;1;0;0;0;0;2;0;0;1;2;4.43970574626056;7.52345429978294;0;0;0.17
0;0;0;0;2;1;0;2;1;1;1;1;1;1;0;0;3;3.0155349008501706;4.127940511650616;0;0;0.04
0;0;0;0;65;1;2;2;1;1;1;1;1;1;2;0;0;3.3141860046725258;7.438118789121169;0;0;0.0
1;1;0;0;22;1;2;1;0;0;0;2;2;0;0;1;0;4.516338972281476;7.555695866704003;1;0;0.33
0;0;1;1;55;1;0;2;1;1;1;1;1;1;1;0;1;3.0032042883926917;6.906854873738973;0;0;0.0
1;0;1;0;9;1;0;1;0;2;2;2;2;0;0;1;3;4.562784469491653;6.793017601511714;1;1;0.84
1;0;1;1;7;1;0;1;0;0;0;0;0;0;0;1;0;4.261975403606051;6.2738199580540375;1;1;0.84
0;0;1;1;35;0;1;0;0;0;0;2;2;0;1;0;3;3.735285826928092;7.233166568243925;0;0;0.01
1;0;0;0;6;1;0;0;2;0;2;2;2;2;2;1;3;4.3975308212098465;6.203344906143481;0;0;0.13
0;0;0;0;1;1;0;0;2;0;0;0;0;0;0;1;1;3.903990833730882;3.903990833730882;1;1;0.78
1;0;0;0;17;1;0;1;0;0;0;0;0;0;0;1;2;4.273884476054178;7.0967213784947605;0;0;0.13
1;0;1;1;10;1;0;0;0;0;2;0;2;0;0;0;3;4.11414718951828;6.335940383589716;0;0;0.26
1;0;0;1;15;1;0;0;0;0;2;2;0;0;1;0;1;4.028916756899646;6.763365143022739;0;0;0.05
0;1;0;0;40;0;1;0;2;2;0;0;2;2;0;1;2;4.039536325727106;7.6546090894913315;1;1;0.72
0;0;1;1;13;1;0;0;2;0;0;2;0;0;1;0;0;4.0100567456995115;6.554004626560651;0;0;0.03
1;0;1;0;29;1;2;1;0;2;0;0;0;0;0;1;0;4.396299293960601;7.7258817620690605;1;1;0.73
0;0;0;0;3;1;2;1;0;0;0;0;0;0;0;1;2;4.33729074083249;5.400873954873129;1;1;0.83
0;1;1;0;58;1;2;1;0;0;0;2;2;2;0;1;0;4.619073091157083;8.657094254548438;0;1;0.55
0;0;0;0;45;1;0;0;2;2;0;2;0;0;1;1;1;4.151826997635463;7.936463566925371;0;0;0.01
0;0;1;1;72;1;2;0;2;2;2;2;0;0;2;1;0;4.268997904375876;8.54998946583132;0;0;0.0
1;0;1;1;68;1;2;1;2;2;0;0;0;0;1;1;0;4.460144413937834;8.647800312523513;0;0;0.03
1;0;0;0;1;1;0;2;1;1;1;1;1;1;0;1;0;3.054001181677967;3.054001181677967;1;1;0.57
0;0;1;1;38;1;0;0;2;2;0;0;0;0;0;0;2;4.0163830207523885;7.638703896768833;0;0;0.02
1;0;0;0;2;1;0;2;1;1;1;1;1;1;0;0;3;3.079613757534693;3.8110970868381857;0;0;0.02
1;0;0;0;11;1;0;2;1;1;1;1;1;1;0;0;3;3.0610517396746335;5.376435145811989;0;0;0.01
0;1;1;0;20;1;0;1;0;0;0;0;2;2;1;1;0;4.5217885770490405;7.528600547786677;0;0;0.12
1;0;1;0;72;1;2;1;0;2;2;0;2;2;2;1;0;4.661550519424199;8.918797522975233;0;0;0.02
0;0;1;0;3;1;2;1;0;0;0;0;0;0;0;1;1;4.327438444389479;5.440250862436703;1;1;0.96
1;0;0;0;23;1;2;1;0;0;2;2;2;2;0;1;3;4.654436427291009;7.812418674615313;1;1;0.79
1;0;0;0;40;1;0;0;0;0;0;2;0;0;0;1;2;3.9531649487593215;7.646783634798271;0;0;0.08
1;1;1;0;62;1;2;1;0;2;0;0;0;2;0;1;0;4.508659285607248;8.635962407303673;0;0;0.15
0;0;0;1;22;1;0;2;1;1;1;1;1;1;0;1;2;3.070375816549757;6.1545395719560725;0;0;0.06
0;0;0;0;11;1;0;0;2;0;2;0;0;2;0;0;0;4.1751562049585145;6.599802469687996;0;0;0.15
1;1;1;0;7;1;2;1;0;0;0;0;0;0;0;1;2;4.328757705794541;6.1867228949326565;0;0;0.44
0;0;0;0;13;1;2;1;2;2;0;0;2;0;0;1;2;4.581389657322688;7.127292334702235;1;1;0.79
1;1;0;0;1;1;0;2;1;1;1;1;1;1;0;0;3;3.0469005601283903;3.0469005601283903;1;1;0.7
0;0;0;0;39;1;2;1;0;2;2;0;2;2;0;1;2;4.648708488002574;8.292911492657877;1;1;0.8
1;0;1;0;3;0;1;0;0;0;0;0;0;0;0;0;3;3.258096538021482;4.37260741275739;0;0;0.48
1;0;0;0;58;1;0;2;1;1;1;1;1;1;2;0;1;3.0587070727153796;7.032182857357189;0;0;0.0
1;0;0;1;6;1;2;2;1;1;1;1;1;1;0;0;3;3.3087165288679903;5.220626058832165;0;0;0.16
0;0;1;1;1;1;0;2;1;1;1;1;1;1;0;1;2;3.039749158970765;3.039749158970765;1;1;0.86
0;0;1;0;22;1;0;0;0;2;2;0;0;0;0;1;3;4.019980146933238;7.073057830606497;0;0;0.0
1;0;1;0;14;0;1;0;0;0;0;0;2;2;0;0;2;3.8575668196320874;6.505335529059933;1;1;0.7
1;0;1;1;64;1;2;1;0;0;2;0;0;2;1;0;1;4.513602992462601;8.635891363762832;0;0;0.13
1;0;0;0;1;1;0;2;1;1;1;1;1;1;0;0;2;3.0421386463681466;3.0421386463681466;1;1;0.6679285714285714
1;0;0;0;6;1;0;2;1;1;1;1;1;1;0;0;3;3.075005454448499;4.703203926259457;0;0;0.01
1;0;0;0;1;1;0;1;0;0;0;0;0;2;0;0;2;4.389498649512583;4.389498649512583;1;1;1.0
1;0;0;1;39;1;2;2;1;1;1;1;1;1;1;0;0;3.2752561583043085;6.866360203615751;0;0;0.05
0;0;0;0;20;1;0;2;1;1;1;1;1;1;1;0;3;3.0204248861443626;6.0017860961798535;0;0;0.0
1;0;0;0;1;1;0;1;0;0;0;2;0;0;0;1;2;4.3425058765115985;4.3425058765115985;1;1;0.77
1;0;1;0;1;1;0;1;0;0;2;0;0;0;0;0;2;4.3463994570307305;4.3463994570307305;1;1;0.81
1;0;1;0;64;1;2;0;2;0;0;0;2;0;1;1;1;4.206928922969246;8.387881454935897;0;0;0.03
1;0;0;1;1;1;0;2;1;1;1;1;1;1;0;0;3;3.0081547935525483;3.0081547935525483;1;1;0.72
0;0;1;0;46;1;0;0;0;2;0;0;2;2;0;1;1;4.249922794040544;8.06117135969092;0;0;0.14
0;1;1;1;28;0;1;0;0;2;0;0;0;2;1;1;2;3.6913763343125234;7.000881256971621;0;0;0.09
0;0;1;0;33;1;0;2;1;1;1;1;1;1;0;0;3;3.0469005601283903;6.5079491287256515;0;0;0.09
1;0;1;1;39;1;0;0;2;2;2;0;0;0;1;0;2;4.107589788972121;7.759976712949614;0;0;0.07
0;0;1;0;42;1;2;1;0;0;2;2;0;0;0;1;2;4.446174454497633;8.185740336595176;1;1;0.89
0;0;0;0;1;1;0;0;0;2;0;0;0;0;0;1;2;3.903990833730882;3.903990833730882;0;0;0.24
0;0;0;0;7;1;0;1;0;0;0;0;2;0;0;1;2;4.382026634673881;6.261396259920951;1;1;0.96
1;1;1;0;70;1;0;1;2;2;2;0;2;2;2;0;1;4.666735541646246;8.924376822018367;0;0;0.06
1;0;0;0;65;1;2;2;1;1;1;1;1;1;2;1;0;3.261935314328648;7.453561871643373;0;0;0.0
1;0;0;0;1;1;0;0;2;0;0;0;0;0;0;0;2;3.926911617921897;3.926911617921897;0;0;0.14
1;0;1;0;18;1;2;1;0;0;0;0;2;2;0;1;2;4.561740628060756;7.434198313643204;0;0;0.23
1;0;1;0;24;1;2;1;0;0;0;0;2;2;0;1;2;4.543294782270004;7.718263183815343;0;0;0.19
1;0;0;0;63;1;2;0;2;0;2;2;0;2;2;1;0;4.289088639014612;8.407422967269712;0;0;0.01
0;0;0;1;44;1;2;0;0;2;0;0;2;2;1;1;3;4.36373536470163;8.152514877208793;0;0;0.12
1;0;0;0;4;1;0;2;1;1;1;1;1;1;0;1;2;3.0373539482448106;4.1588830833596715;0;0;0.06
0;0;0;0;1;1;0;1;0;0;0;0;0;0;0;1;2;4.26619481914876;4.26619481914876;1;1;0.93
0;0;1;1;37;1;2;1;0;0;0;0;2;2;0;1;2;4.566948973167894;8.106258150465042;0;1;0.61
0;1;0;0;10;1;0;1;0;0;2;0;0;2;0;1;1;4.449685283147696;6.764519810895385;1;1;0.77
1;0;0;0;34;0;1;0;0;0;0;0;0;0;0;1;0;3.260017768199376;6.749579844016261;0;0;0.1
1;0;1;0;35;0;1;0;2;0;2;0;2;2;1;0;1;3.9917579734469997;7.566259253598508;0;0;0.06
0;0;1;0;4;1;0;2;1;1;1;1;1;1;0;0;2;3.0516399054922867;4.526126978647638;0;0;0.13
0;1;1;0;39;1;2;1;0;0;0;2;2;2;0;1;2;4.627420794922911;8.281508831857693;0;0;0.13
1;1;1;0;43;1;0;1;0;2;2;0;2;2;1;1;0;4.620551288026394;8.367532416861831;0;0;0.12
0;0;1;1;17;1;2;2;1;1;1;1;1;1;0;0;3;3.2228678461377385;6.018349875889364;1;1;0.66
0;0;1;0;61;1;2;2;1;1;1;1;1;1;2;0;0;3.269568939183719;7.349809435320917;0;0;0.0
0;0;1;0;49;1;2;0;2;2;2;0;0;2;1;0;2;4.28771595520264;8.152788449415564;0;0;0.0
1;0;0;0;4;1;0;2;1;1;1;1;1;1;1;0;3;3.0301337002713233;4.777441406928545;0;0;0.02
0;0;1;1;64;0;1;0;0;2;2;2;0;2;2;0;2;3.928880122494569;8.07444668846084;0;0;0.04
1;0;0;0;3;1;0;1;0;0;0;0;0;0;0;1;3;4.257030144499196;5.339459309879212;0;0;0.14
1;0;1;1;1;1;0;2;1;1;1;1;1;1;0;0;2;3.0325462466767075;3.0325462466767075;0;0;0.2
1;0;1;0;40;1;0;1;0;2;2;0;0;0;1;0;2;4.404277243608702;8.049985649472504;0;0;0.03
0;0;0;1;1;1;0;0;2;2;0;2;0;0;0;1;2;4.110873864173311;4.110873864173311;1;1;0.75
1;0;0;0;8;1;2;1;0;0;0;0;0;2;0;1;2;4.472210058731861;6.477971863222766;1;1;0.88
0;1;1;0;1;1;0;2;1;1;1;1;1;1;0;1;3;3.084200921541599;3.084200921541599;1;1;0.82875
0;1;1;0;34;1;0;0;0;0;2;2;2;0;1;0;0;4.177459468932607;7.6531627862031675;0;0;0.05
0;0;1;0;1;0;1;0;0;0;0;0;0;2;0;0;2;3.58351893845611;3.58351893845611;0;1;0.81
0;0;0;0;39;0;1;0;0;0;2;0;2;2;0;1;2;3.9464244321454784;7.607083318617163;1;1;0.65
0;1;1;0;58;1;0;1;2;2;0;2;2;2;1;1;1;4.66814498514948;8.733352408956003;1;1;0.73
1;0;1;1;45;1;0;2;1;1;1;1;1;1;2;0;2;3.005682604407159;6.807603397031696;0;0;0.0
1;1;0;0;6;1;0;1;2;0;0;0;2;0;0;1;0;4.456089962973938;6.223766036206958;1;1;0.76
1;0;0;0;43;1;0;1;2;2;2;2;0;0;1;1;1;4.517976974285714;8.26444058659791;0;0;0.01
1;0;1;1;41;1;0;2;1;1;1;1;1;1;2;1;3;3.044522437723423;6.78083058540847;0;0;0.0
1;0;0;0;5;1;0;1;0;2;0;0;0;0;0;1;2;4.326117440234365;5.952333829904943;0;0;0.15
1;0;0;0;72;0;1;0;2;0;2;2;2;2;2;1;1;4.130354999745133;8.387369203580036;0;0;0.0
1;0;0;0;4;1;0;2;1;1;1;1;1;1;1;0;3;3.0421386463681466;4.237000862623624;0;0;0.0
1;0;1;1;9;1;0;0;0;2;0;2;0;0;0;0;3;4.021773869387265;6.117656572345742;0;0;0.05
1;1;1;0;72;1;2;0;0;0;2;0;2;2;2;1;1;4.310127759130018;8.58110651715989;0;0;0.11
0;0;1;0;33;1;0;0;0;0;0;2;0;0;1;1;3;3.9598603348423063;7.4730122682361655;0;0;0.04
0;0;1;0;72;1;2;1;2;0;0;0;0;0;2;0;0;4.399989335048054;8.65497055712555;0;0;0.0
1;0;1;0;22;1;0;0;2;0;0;2;0;0;0;1;2;4.01096295328305;7.050729447933244;1;1;0.66
0;0;1;0;70;1;2;1;0;2;2;2;2;2;1;1;2;4.705015520957808;8.94579523112564;1;1;0.72
1;0;1;1;21;1;2;1;0;2;2;0;2;2;0;0;2;4.657762636107262;7.677377271376789;1;1;0.85
1;0;0;0;15;1;0;1;0;0;2;0;2;0;0;0;2;4.457829598089382;7.10730261644116;0;0;0.2
1;1;1;0;29;1;2;1;0;0;0;2;0;0;0;1;2;4.385769620952716;7.789682283428332;0;0;0.11
0;0;1;1;15;1;0;0;0;2;2;2;2;2;0;0;0;4.350277936359301;7.053239945724118;0;0;0.04
1;1;1;1;71;1;2;1;2;2;0;0;2;2;0;1;1;4.664382045619937;8.92918362983954;1;1;0.61
1;1;0;0;72;1;2;2;1;1;1;1;1;1;2;0;0;3.2733640101522705;7.501275475732016;0;0;0.01
0;0;1;0;19;1;2;1;0;0;0;0;2;0;0;1;2;4.4756308146331065;7.355896661370738;0;1;0.75
1;0;0;0;1;1;0;2;1;1;1;1;1;1;0;0;3;3.027715319407042;3.027715319407042;0;1;0.8395
0;0;0;0;1;1;0;1;0;2;0;0;0;0;0;1;2;4.33990170837321;4.33990170837321;1;1;0.94
0;0;0;0;2;1;0;0;0;0;0;0;0;0;0;0;2;3.840527003723076;4.447346100794524;0;0;0.17
0;1;1;1;11;1;2;1;0;0;2;0;0;0;0;1;1;4.370712874773608;6.76371168339816;0;0;0.33
0;0;0;0;12;1;0;2;1;1;1;1;1;1;1;0;3;3.0106208860477417;5.436991761235796;0;0;0.0
0;0;1;0;70;1;2;1;0;2;2;2;2;2;2;1;2;4.7140245909001735;8.955841593314634;0;0;0.05
0;1;1;0;20;1;2;1;0;0;2;0;2;0;0;0;2;4.519612297626445;7.5766097669730375;1;1;0.75
0;0;0;0;23;1;0;2;1;1;1;1;1;1;0;1;0;3.0587070727153796;6.156131168663216;0;0;0.01
1;1;0;0;49;1;2;0;2;2;2;2;0;2;2;0;1;4.410978456623649;8.309406123422718;0;0;0.04
0;0;1;1;4;1;2;1;0;2;0;0;2;2;0;1;2;4.594614672048575;5.954541193003384;1;1;0.99
1;0;0;0;32;1;2;1;2;2;0;2;2;2;0;1;1;4.692723082995953;8.141451920474294;1;0;0.2
1;0;0;1;2;1;0;0;0;0;0;0;0;2;0;1;2;4.030694535145645;4.697293474863897;0;0;0.11
1;1;1;0;69;0;1;0;2;2;0;0;2;2;2;0;1;4.0526541351678915;8.282394481856118;0;0;0.01
1;0;0;0;6;1;0;1;0;0;0;0;2;0;0;1;1;4.400603020246817;6.139992305041402;1;1;0.76
0;0;1;1;24;1;0;2;1;1;1;1;1;1;2;1;3;3.0301337002713233;6.204658767568524;0;0;0.01
0;0;0;0;32;1;2;1;0;2;2;0;2;2;1;1;1;4.654436427291009;8.1367669773995;0;0;0.13
0;0;0;0;27;1;0;0;2;2;0;0;0;0;2;0;0;3.9862024036023977;7.312987026530511;0;0;0.0
0;1;1;0;27;1;2;1;2;0;0;2;2;2;0;1;0;4.6568134191399295;7.9616316738088555;1;1;0.74
1;0;0;0;58;1;2;1;0;0;0;2;0;0;0;0;0;4.402441819416474;8.478109268906689;0;0;0.11
1;0;0;0;1;1;0;1;0;0;0;0;0;0;0;1;3;4.281515453077493;4.281515453077493;1;1;0.88
0;0;1;1;18;1;2;2;1;1;1;1;1;1;2;1;1;3.2445435716167785;6.157720236215144;0;0;0.06
0;0;1;1;47;1;0;2;1;1;1;1;1;1;2;1;0;3.104586678466073;6.949664682059346;0;0;0.01
0;0;1;1;70;1;2;1;0;2;2;2;2;2;2;1;2;4.711330381816482;8.947780088298181;0;0;0.05
0;0;0;0;13;1;2;1;0;2;2;2;0;0;0;0;2;4.504244267398131;7.032933127710366;1;0;0.43
0;0;1;1;36;1;0;0;2;0;0;0;0;0;0;0;1;3.952204795060978;7.504391559161238;0;0;0.04
1;0;0;0;67;1;0;2;1;1;1;1;1;1;2;1;3;3.0349529867072724;7.179536601902241;0;0;0.0
0;0;0;0;10;1;0;2;1;1;1;1;1;1;0;1;3;3.039749158970765;5.300564839088516;0;0;0.0
1;1;0;0;19;1;0;1;2;0;0;0;0;2;0;1;2;4.480740107609915;7.401414397826217;0;0;0.19
0;0;1;1;71;1;0;2;1;1;1;1;1;1;2;0;0;3.0373539482448106;7.190939752381468;0;0;0.0
1;0;1;1;72;1;2;0;2;2;2;2;2;2;2;1;3;4.504244267398131;8.760539290047953;0;0;0.0
0;0;1;1;48;1;0;2;1;1;1;1;1;1;2;0;3;3.044522437723423;6.8425765529571425;0;0;0.0
1;0;0;0;1;1;0;2;1;1;1;1;1;1;0;0;3;3.0469005601283903;3.0469005601283903;0;0;0.026666666666666665
1;0;1;1;18;1;0;0;2;0;2;2;2;2;0;0;2;4.433788569232471;7.385323970846676;0;0;0.1
1;0;0;0;1;1;0;2;1;1;1;1;1;1;0;0;3;3.0726933146901194;3.0726933146901194;1;0;0.15
1;1;1;0;67;1;2;1;0;2;0;2;2;2;2;0;0;4.6434288981051814;8.852335973275391;0;0;0.06
1;0;1;1;69;0;1;0;2;0;2;2;0;0;2;0;3;3.6913763343125234;7.930386046627619;0;0;0.06
1;0;0;0;19;1;2;1;0;2;0;0;2;2;0;1;2;4.614625344758847;7.566699138200584;1;1;0.82
1;1;1;0;72;1;2;1;2;2;2;2;2;2;2;1;3;4.749270529961848;9.027972814124196;0;0;0.0
0;1;0;0;38;1;0;2;1;1;1;1;1;1;2;0;3;3.054001181677967;6.602452197772954;0;0;0.0
1;1;1;0;40;1;0;0;0;0;0;0;0;2;1;0;2;4.039536325727106;7.733814910661824;0;0;0.07
0;0;1;1;61;1;2;2;1;1;1;1;1;1;2;1;3;3.2268439945173775;7.2766947057408515;0;0;0.0
0;0;0;0;10;1;2;1;0;2;0;0;0;0;0;1;1;4.406719247264253;6.708145132050641;1;1;0.96
1;0;1;0;32;1;2;0;2;0;0;2;2;0;1;1;1;4.301358731606427;7.755360235067772;0;0;0.01
0;0;0;0;21;1;2;1;0;2;0;0;2;2;0;1;1;4.613634264400221;7.597672248021797;0;0;0.44
0;1;0;0;59;1;2;1;0;0;2;0;2;2;1;1;2;4.61015772749913;8.681181041521688;0;0;0.16
0;1;1;0;13;1;0;1;0;0;0;0;0;0;0;1;2;4.264790324535862;6.821925022376944;1;1;0.73
0;0;0;0;47;1;0;2;1;1;1;1;1;1;2;0;1;3.056356895370426;6.93809047877821;0;0;0.0
1;0;1;1;69;1;2;2;1;1;1;1;1;1;2;1;0;3.295836866004329;7.494179905620015;0;0;0.0
1;0;0;0;2;1;0;2;1;1;1;1;1;1;0;1;1;3.039749158970765;3.5467396869528134;0;0;0.07
0;0;1;1;22;1;0;2;1;1;1;1;1;1;0;0;0;2.998229153752578;6.120407303023365;0;0;0.02
1;1;1;0;15;1;2;1;2;0;2;0;2;0;0;1;2;4.579852378003801;7.239394426449646;0;0;0.25
0;0;0;0;53;1;0;2;1;1;1;1;1;1;2;0;1;3.0373539482448106;6.957116708519861;0;0;0.06
0;1;1;0;28;1;2;2;1;1;1;1;1;1;0;0;3;3.2846635654062037;6.6006864927301665;0;0;0.05
1;0;0;0;22;1;0;2;1;1;1;1;1;1;1;0;3;3.0587070727153796;6.1656279162004735;0;0;0.0
0;0;0;0;1;1;0;1;0;0;0;0;0;0;0;1;3;4.264790324535862;4.264790324535862;1;1;0.96
1;1;1;0;16;1;0;1;0;0;2;2;0;2;0;1;2;4.527749039019507;7.340219281257076;0;0;0.24
0;0;1;1;48;0;1;0;2;2;0;2;0;0;2;0;3;3.6988297849671046;7.590675340386566;0;0;0.0
1;1;1;0;30;1;2;1;2;2;2;2;2;0;0;1;0;4.670021158307708;8.06551659150338;0;0;0.07
0;0;0;0;3;1;0;1;0;0;0;0;0;0;0;1;2;4.26619481914876;5.441118165179708;0;0;0.24
1;1;0;0;57;1;2;1;2;0;0;2;0;2;2;0;2;4.5512418439625355;8.635251744669718;0;0;0.05
0;1;1;0;68;1;2;1;2;2;0;0;0;2;1;1;1;4.5803650670691205;8.792230656709933;1;1;0.72
0;0;1;0;23;1;0;0;0;0;0;2;2;0;1;0;0;4.110873864173311;7.2064885612459335;0;0;0.0
0;0;1;0;65;1;0;0;0;0;0;2;2;0;2;1;1;4.107589788972121;8.24517447231989;0;0;0.02
1;0;1;0;44;1;0;1;0;0;0;0;2;2;1;1;0;4.517976974285714;8.28781776222551;0;0;0.11
0;0;1;1;71;1;2;1;2;2;2;0;2;2;2;1;0;4.700480365792417;8.944132731190946;0;0;0.02
0;0;1;0;37;1;2;0;2;0;2;2;0;0;1;0;1;4.235554730773624;7.816114640530012;0;0;0.05
0;0;0;0;12;1;0;2;1;1;1;1;1;1;0;0;3;3.0633909220278057;5.589493328254074;0;0;0.0
1;0;1;1;69;1;2;0;0;2;2;2;2;2;2;1;0;4.418238016636454;8.630950356341307;0;0;0.01
0;0;0;0;35;1;0;0;2;2;2;0;0;0;0;0;2;4.1198498526304625;7.592668654614979;0;0;0.03
1;0;0;0;5;1;0;0;0;2;0;2;0;2;0;1;0;4.198704577546343;5.831589179143857;0;0;0.23
1;0;1;1;58;1;2;1;0;0;0;0;2;0;2;0;0;4.42484663185681;8.482405039930521;0;0;0.03
1;0;1;0;72;1;2;0;2;2;2;2;0;2;2;1;0;4.422448549172797;8.696435010683269;0;0;0.0
1;0;1;0;72;1;2;0;2;2;2;2;0;0;2;0;3;4.236278058110767;8.478389991092344;0;0;0.0
0;0;0;0;1;1;0;2;1;1;1;1;1;1;0;0;1;3.0587070727153796;3.0587070727153796;0;0;0.05
0;0;0;0;39;1;0;1;2;0;2;2;2;0;1;1;2;4.570061008874523;8.214424553545985;1;1;0.6
1;0;1;1;53;1;0;2;1;1;1;1;1;1;1;0;1;3.054001181677967;6.974619219235644;0;0;0.04
0;0;0;0;27;1;0;1;0;0;2;2;0;2;0;1;2;4.502029427068578;7.7767866743720315;0;0;0.11
0;1;0;0;1;1;0;1;0;0;0;0;0;0;0;1;2;4.257738109130536;4.257738109130536;1;1;1.0
0;1;0;0;1;1;0;1;0;0;0;0;2;2;0;1;2;4.5031374604229395;4.5031374604229395;1;1;0.87
0;0;1;0;18;1;0;1;2;0;0;0;0;0;0;0;2;4.328098292648326;7.27173845263536;0;0;0.11
1;0;1;1;46;1;0;2;1;1;1;1;1;1;2;1;3;3.054001181677967;6.822687466592074;0;0;0.0
0;0;1;0;72;1;2;0;2;0;2;2;2;2;2;1;1;4.447346100794524;8.715625929974454;0;0;0.0
0;0;0;0;36;1;0;1;0;0;2;2;0;2;0;1;2;4.4835673642288425;8.032392625474397;1;0;0.24
0;0;1;0;4;0;1;0;0;0;0;0;0;0;0;1;2;3.263849190510932;4.614625344758847;0;0;0.23
0;0;0;0;25;1;0;2;1;1;1;1;1;1;2;0;1;3.0349529867072724;6.165837934052762;0;0;0.0
0;0;1;1;40;0;1;0;0;2;0;0;2;2;0;1;2;3.948354934675536;7.61950338469122;0;0;0.11
1;0;1;0;63;1;2;1;0;2;2;0;2;2;0;1;2;4.638604962074329;8.771067673295097;0;0;0.25
0;1;0;0;15;1;0;1;2;0;2;2;0;2;0;1;3;4.577798989191959;7.263855057544973;1;1;0.78
1;0;0;0;14;1;2;0;0;2;0;0;0;0;0;1;1;4.034240638152395;6.644505622670941;0;0;0.08
1;1;1;0;72;1;2;1;0;2;2;2;2;2;2;1;0;4.707275408925245;8.978849579174144;0;0;0.01
1;0;0;0;39;1;2;1;2;2;0;0;2;2;0;1;2;4.676560182074764;8.304408303417732;0;0;0.14
0;0;1;1;47;0;1;0;2;2;2;0;2;2;2;1;1;4.110873864173311;7.926476237407458;0;0;0.02
1;0;1;0;19;1;2;1;2;2;0;2;0;0;0;1;1;4.497584975308154;7.422582884127426;0;0;0.08
0;0;0;0;5;1;2;1;0;0;0;0;2;0;0;1;2;4.456670177669648;6.164997597868857;1;1;0.87
0;0;0;0;13;0;1;0;0;0;0;0;0;2;0;1;2;3.586292865338835;6.102782283239935;1;1;0.8
0;0;0;0;17;1;2;1;0;0;2;0;0;0;0;0;0;4.395066248181685;7.2053753059728765;0;0;0.1
1;1;1;0;34;1;2;1;0;0;0;0;0;0;0;1;2;4.337944122103693;7.794163956374371;0;1;0.74
0;0;0;0;42;1;0;0;0;2;0;0;0;0;0;1;2;3.9229629454664803;7.639618237544757;0;0;0.05
1;0;1;0;5;1;2;1;0;2;0;0;0;0;0;1;2;4.410371107683024;6.033805387597507;1;1;0.95
0;0;1;1;71;1;2;2;1;1;1;1;1;1;2;0;1;3.214867803470662;7.41728005701508;0;0;0.0
1;1;1;0;19;1;0;0;2;0;2;0;2;0;0;0;0;4.210645017918261;7.1601080568803335;0;0;0.28
0;0;0;1;2;1;0;2;1;1;1;1;1;1;0;1;2;3.0252910757955354;3.6068556186353455;1;0;0.15
1;0;0;0;57;1;0;2;1;1;1;1;1;1;2;0;1;2.9856819377004897;6.998829225881509;0;0;0.06
1;0;1;0;72;1;2;1;0;2;2;2;2;2;2;1;2;4.695010889987881;8.951634407760919;0;0;0.06
0;0;0;0;6;1;0;1;0;2;0;0;0;2;0;1;3;4.465333240800292;6.245331271065032;0;0;0.21
0;0;1;1;17;1;2;1;0;0;0;0;0;2;0;1;2;4.4595662121293;7.281110333172068;1;1;0.85
1;0;1;0;61;1;2;0;0;2;2;0;2;2;2;0;0;4.405498990859024;8.503803954297222;0;0;0.01
1;0;1;1;1;1;0;1;0;0;0;0;0;0;0;1;2;4.276666119016055;4.276666119016055;1;1;0.96
1;0;1;1;48;1;2;1;2;2;2;2;2;2;2;0;1;4.725616339063959;8.60238875414588;0;0;0.03
1;0;0;0;16;1;0;2;1;1;1;1;1;1;0;1;1;3.0726933146901194;5.802873377300432;0;0;0.05
1;1;0;0;9;1;2;1;0;0;0;0;0;2;0;1;2;4.454928522657548;6.616734305264841;1;1;0.98
0;0;0;0;3;1;0;0;0;0;0;0;0;0;0;0;2;3.8199077165203406;4.8178592793984425;0;0;0.19
1;0;0;1;1;1;0;0;0;0;0;0;0;0;0;1;2;3.8155121050473024;3.8155121050473024;1;1;0.79
1;0;0;0;65;1;2;1;0;2;2;0;2;2;2;0;1;4.664382045619937;8.799789855068132;0;0;0.02
0;0;1;1;70;1;2;1;2;2;2;2;2;2;2;1;1;4.754882459216418;9.018089684104343;0;0;0.02
1;0;1;0;60;1;0;0;2;0;0;0;2;0;1;1;3;4.107589788972121;8.178119574136455;0;0;0.03
0;0;1;0;69;1;2;2;1;1;1;1;1;1;1;1;2;3.3068867021909143;7.475650979353125;0;0;0.02
0;1;0;0;35;1;0;1;0;0;0;0;0;0;0;0;2;4.27039650600246;7.791522819150732;0;1;0.52
0;0;0;0;22;1;0;2;1;1;1;1;1;1;0;1;3;3.0469005601283903;6.155282632337377;0;0;0.01
1;0;1;1;66;1;2;0;0;2;2;0;2;2;2;0;0;4.392595586023115;8.563303577709942;0;0;0.0
1;1;1;0;1;1;0;1;0;0;0;0;0;0;0;1;2;4.26689632742025;4.26689632742025;1;1;0.94
0;0;1;0;1;1;0;1;0;0;0;0;2;0;0;1;0;4.386392092183521;4.386392092183521;1;1;0.87
1;0;1;1;34;1;2;1;0;0;2;0;0;2;0;1;1;4.511408806173617;8.038512020976814;0;0;0.21
0;0;1;1;72;1;2;2;1;1;1;1;1;1;2;0;0;3.2367157429965316;7.444307127319008;0;0;0.0
1;0;1;1;31;0;1;0;2;0;2;2;2;2;1;0;2;4.110053855927281;7.52283280412016;0;0;0.04
1;0;0;1;30;1;2;2;1;1;1;1;1;1;1;0;0;3.2714682749873716;6.5852056712012805;0;0;0.17
0;0;0;0;9;1;0;1;0;0;0;0;2;2;0;1;0;4.519612297626445;6.697959745187427;1;1;0.99
1;0;1;1;20;1;0;1;0;0;0;0;0;0;0;1;2;4.268997904375876;7.294343331320612;1;1;0.83
1;1;1;0;19;0;1;0;0;2;2;0;0;0;0;1;1;3.563882963939251;6.359833350574971;0;0;0.14
0;0;1;0;65;1;2;1;2;0;2;0;2;2;0;1;2;4.663910681010692;8.841585617164554;0;0;0.07
0;0;1;1;30;1;0;2;1;1;1;1;1;1;2;0;3;3.0106208860477417;6.403408621313855;0;0;0.03
1;0;0;0;6;1;0;2;1;1;1;1;1;1;1;0;3;3.0032042883926917;4.83150862819882;0;0;0.0
0;0;0;0;2;0;1;0;0;2;0;0;2;2;0;0;2;3.9589065913269965;4.582924577040772;0;0;0.2
1;0;1;1;53;1;2;0;2;0;0;2;0;2;0;0;2;4.288402532641213;8.250332834656755;0;0;0.05
1;1;1;0;7;1;2;1;0;0;0;0;0;0;0;1;2;4.335982696172475;6.280489467535705;0;1;0.54
0;0;1;1;61;1;0;0;2;0;0;0;0;0;1;1;0;3.9259259105971376;7.993755029599403;0;0;0.03
1;1;0;0;70;0;1;0;0;0;0;0;2;2;1;1;2;3.834061463958434;8.091152857634613;1;1;0.65
0;0;0;0;13;1;2;0;2;0;2;0;2;2;0;1;2;4.378896741664954;6.9040986014785934;0;0;0.04
1;1;1;0;35;1;2;1;0;0;2;0;0;0;1;1;0;4.414009680526933;7.943161491746454;0;0;0.03
0;0;1;0;2;1;0;1;0;0;0;0;0;0;0;1;1;4.268297869345539;5.048573133436648;0;0;0.17
0;0;0;0;3;1;2;1;0;0;0;0;0;0;0;1;2;4.341204640153626;5.510602174527371;1;1;0.93
0;0;0;0;3;1;2;1;0;0;0;0;0;0;0;0;2;4.345103280569283;5.555282466337757;0;0;0.24
0;0;0;0;62;1;2;1;0;0;0;0;2;2;1;1;0;4.553876891600541;8.658380204851637;0;0;0.1
1;0;1;1;72;1;2;1;2;2;2;2;0;2;2;0;1;4.653484046266642;8.925148529659314;0;0;0.0
1;0;1;0;63;1;0;2;1;1;1;1;1;1;2;1;0;3.0421386463681466;7.119473812626879;0;0;0.0
1;1;0;0;20;1;0;1;0;0;0;0;0;0;0;0;1;4.280824129164719;7.237202900666386;1;1;0.7
0;1;0;0;35;1;2;1;2;2;2;2;2;2;1;1;0;4.716711560720999;8.252524273273457;0;0;0.19
1;1;1;0;21;1;0;1;0;0;0;0;0;0;0;1;2;4.249922794040544;7.296921614120799;1;1;0.79
1;0;1;0;62;1;2;1;2;2;0;0;0;2;1;0;2;4.575741375297279;8.699922998198158;0;0;0.07
0;0;0;0;15;1;2;0;0;0;0;0;0;0;0;1;3;3.9080149840306073;6.5807778239227135;0;0;0.42
0;0;0;0;55;1;0;0;2;0;0;0;0;0;0;1;1;3.942552210462969;7.949356201821739;0;0;0.19
0;0;0;0;11;1;0;0;0;0;0;0;0;0;0;1;3;3.8210036070409776;6.159623790089432;0;0;0.2
0;0;1;1;17;1;2;1;0;0;2;0;2;0;0;0;2;4.491441420659749;7.287321213564613;1;1;0.82
0;0;0;0;61;1;0;2;1;1;1;1;1;1;1;0;0;3.017982882488811;7.198445322948222;0;0;0.0
0;0;1;0;71;1;2;0;2;2;2;2;2;2;2;0;1;4.5031374604229395;8.762434772788538;0;0;0.0
0;0;0;0;2;1;0;1;0;0;0;0;0;0;0;0;0;4.2626798770413155;5.037277225042677;1;1;0.72
1;0;0;0;35;1;0;2;1;1;1;1;1;1;2;0;3;3.0081547935525483;6.520473841307601;0;0;0.02
0;0;0;0;17;1;0;1;0;0;0;0;0;0;0;0;0;4.269697449699962;7.0618488143195375;0;0;0.14
0;0;0;0;21;1;2;1;0;0;0;0;2;2;0;1;2;4.5885325448350684;7.659407188914646;1;1;0.9
0;0;1;0;47;1;0;2;1;1;1;1;1;1;2;0;0;3.027715319407042;6.827141574987891;0;0;0.01
0;0;1;0;3;1;0;2;1;1;1;1;1;1;0;0;3;3.084200921541599;4.290459441148391;0;0;0.08
1;0;0;0;3;1;0;2;1;1;1;1;1;1;0;1;3;3.027715319407042;4.239166146760841;0;0;0.12
1;1;1;0;44;1;0;2;1;1;1;1;1;1;2;1;1;3.013080911888604;6.743175403664339;0;0;0.02
0;0;0;0;1;1;0;0;0;0;0;0;0;0;0;1;3;3.8066624897703196;3.8066624897703196;0;0;0.29
0;0;1;1;44;1;2;1;0;2;2;0;0;2;1;0;2;4.558078578454241;8.365521104006048;0;0;0.2
1;0;1;1;5;1;2;2;1;1;1;1;1;1;0;1;0;3.292126286607793;4.912654885736052;1;1;0.66
1;0;0;0;24;1;2;0;2;0;0;0;0;0;0;1;0;4.036891987474015;7.24533404602983;1;0;0.18
0;0;0;1;1;1;0;1;0;0;0;0;0;0;0;1;2;4.257738109130536;4.257738109130536;1;1;0.98
0;0;0;0;18;1;0;1;2;0;0;0;0;0;0;1;2;4.335982696172475;7.230852756654873;0;0;0.1
0;0;0;0;10;1;2;1;0;0;2;0;2;2;0;1;2;4.6210435351443815;6.967155622263585;1;1;0.99
0;0;1;0;65;1;0;0;2;2;2;0;0;2;2;0;0;4.276666119016055;8.386446489367994;0;0;0.0
0;1;0;0;1;1;0;1;0;2;0;0;0;2;0;1;2;4.465908118654584;4.465908118654584;1;1;0.87
0;0;0;0;53;1;2;1;2;0;2;0;2;2;1;1;1;4.681668156960816;8.663282897288132;1;0;0.44
1;0;0;0;3;1;0;2;1;1;1;1;1;1;1;0;3;3.100092288878234;3.971234865059992;0;0;0.0
1;0;1;0;33;1;0;0;2;2;0;2;0;0;2;1;3;4.127940511650616;7.610555716570221;0;0;0.0
1;0;0;0;3;0;1;0;0;2;0;0;0;0;0;1;2;3.4210000089583352;4.387635873438392;1;1;0.82
0;0;0;0;34;1;0;0;2;0;2;2;2;2;1;1;0;4.393831680123644;7.911433983591508;0;0;0.08
0;0;1;1;14;1;0;2;1;1;1;1;1;1;2;1;3;3.0301337002713233;5.578408198303997;0;0;0.02
0;0;0;0;13;1;0;2;1;1;1;1;1;1;0;1;3;3.0587070727153796;5.621849091893515;0;0;0.01
1;1;1;0;46;0;1;0;0;2;2;2;2;2;1;1;0;4.109233174715851;7.943658483183582;1;0;0.16
1;0;1;1;23;1;2;2;1;1;1;1;1;1;1;0;3;3.232778730037192;6.290642784698189;0;0;0.0
0;0;1;1;47;1;0;2;1;1;1;1;1;1;2;0;3;3.0325462466767075;6.856356715896137;0;0;0.0
1;0;0;1;17;1;0;0;2;0;0;0;0;0;0;1;3;3.937690752176724;6.742644758918536;0;0;0.08
0;0;1;1;49;1;2;1;0;0;0;0;2;2;0;1;2;4.570578741218473;8.473136805219317;1;1;0.75
1;1;1;0;59;0;1;0;0;2;0;0;2;2;0;1;2;3.9367156180185177;8.005850767465367;0;0;0.24
0;0;0;0;69;1;2;0;2;0;2;2;2;2;2;1;1;4.458408804592688;8.682436406675441;0;0;0.0
1;0;0;0;11;0;1;0;0;0;2;0;2;0;1;1;2;3.751854253275325;6.156131168663216;1;0;0.28
1;0;0;0;10;1;0;0;2;0;0;0;0;0;0;1;3;3.9636662385799846;6.264350190317006;0;0;0.16
1;0;1;1;12;1;2;2;1;1;1;1;1;1;2;1;0;3.2188758248682006;5.600826473242987;0;0;0.01
1;0;0;0;45;1;2;1;0;2;0;0;2;2;0;1;1;4.623501142672815;8.464003362902119;1;1;0.91
0;0;1;1;39;1;0;0;0;0;2;0;2;0;0;1;3;4.108411819433536;7.758974014112577;0;0;0.1
1;1;1;0;71;1;2;2;1;1;1;1;1;1;2;0;1;3.2752561583043085;7.490333961411227;0;0;0.0
1;0;1;1;71;1;2;2;1;1;1;1;1;1;2;0;1;3.214867803470662;7.394738928262557;0;0;0.0
0;0;1;1;33;1;2;2;1;1;1;1;1;1;1;0;1;3.224857896545748;6.686235408784025;0;0;0.01
1;1;0;0;67;1;2;1;0;0;0;0;0;0;0;1;3;4.33990170837321;8.529487308109715;0;0;0.11
1;0;1;1;37;0;1;0;2;2;2;0;0;0;0;0;0;3.7184382563554808;7.279180894866777;1;1;0.76
1;0;1;1;49;1;2;1;0;0;0;0;2;0;0;0;2;4.448516375942715;8.356049786039481;1;1;0.75
0;0;1;0;9;1;0;0;0;2;0;0;0;0;0;0;3;3.948354934675536;6.147613229597914;0;0;0.01
1;0;1;0;52;1;2;1;2;0;2;2;0;0;2;1;1;4.528289141652134;8.440052934221871;0;0;0.01
0;0;0;0;70;1;2;1;0;2;0;0;2;2;1;0;2;4.604169685654508;8.830484529374438;0;0;0.07
1;0;0;0;1;1;0;1;0;2;0;0;0;2;0;1;2;4.454347296253507;4.454347296253507;0;0;0.26
0;1;0;0;14;1;2;1;0;2;0;0;0;0;0;1;2;4.381401439279963;7.005653017258597;1;1;0.95
1;0;0;0;1;1;0;0;0;0;0;0;0;0;0;1;3;3.8133070324889884;3.8133070324889884;0;0;0.2
1;0;0;0;1;1;0;2;1;1;1;1;1;1;0;0;3;3.054001181677967;3.054001181677967;1;0;0.2801865079365078
0;0;0;0;52;1;2;1;0;2;0;0;0;0;1;1;3;4.396915247167632;8.366044667273176;0;0;0.04
1;0;0;0;6;1;0;0;0;0;2;0;2;0;0;0;3;4.12552017969055;6.028519455058993;0;0;0.1
1;0;1;0;7;0;1;0;2;2;0;0;0;0;0;0;3;3.5610460826040513;5.551407994230199;0;0;0.12
0;1;0;0;47;1;2;1;0;2;2;0;0;0;0;1;0;4.456670177669648;8.286609531004332;1;1;0.83
0;0;0;0;26;1;0;1;2;0;2;2;0;0;1;1;1;4.4790399088438795;7.729779286462969;0;0;0.02
1;0;1;1;25;1;0;0;2;0;0;2;0;0;0;0;2;4.012772908528289;7.168425802187068;0;0;0.24
1;0;0;0;69;1;0;2;1;1;1;1;1;1;2;1;3;3.0007198150650303;7.146654062240853;0;0;0.02
0;0;0;0;72;1;2;1;2;2;2;2;2;2;2;1;1;4.7340030578310595;9.011108640708287;0;0;0.01
1;0;0;0;4;1;0;2;1;1;1;1;1;1;0;1;3;3.0421386463681466;4.098502572370764;0;0;0.22
1;0;1;1;59;1;0;2;1;1;1;1;1;1;2;0;3;3.0204248861443626;7.046516721023712;0;0;0.01
1;0;0;0;67;1;0;0;2;0;2;0;0;2;2;0;0;4.197953544841121;8.380812027763055;0;0;0.01
0;1;0;0;26;1;0;1;0;0;0;0;0;2;0;1;2;4.379523504455763;7.604446173165448;0;0;0.05
0;0;0;0;27;1;0;0;0;2;2;2;2;2;1;0;3;4.37197629882038;7.640099133944896;0;0;0.07
1;0;1;1;72;1;2;1;2;0;2;0;2;2;2;0;0;4.665794807804526;8.937317000533062;0;0;0.02
0;0;0;0;6;1;0;1;0;0;2;2;0;2;0;1;2;4.502583597212991;6.1904178596209745;0;0;0.28
1;0;1;1;62;1;0;2;1;1;1;1;1;1;2;0;1;3.075005454448499;7.106155216405431;0;0;0.0
1;0;0;0;20;1;2;0;0;2;0;2;2;0;1;1;2;4.244200317766478;7.256438372991317;0;0;0.08
1;0;0;0;6;1;0;0;2;0;2;2;2;2;0;0;1;4.3776420363560575;6.182704549409183;0;0;0.06
1;0;0;0;51;1;2;2;1;1;1;1;1;1;2;0;3;3.248434627109745;7.119311961044427;0;0;0.01
0;0;1;1;61;1;0;2;1;1;1;1;1;1;2;0;1;3.0325462466767075;7.179765182039622;0;0;0.0
1;1;1;0;62;1;2;1;2;2;2;0;0;0;0;1;2;4.500920164614292;8.633962379969956;0;0;0.0
0;0;0;0;72;1;2;1;2;0;0;2;0;0;2;1;0;4.450852825603734;8.730068201253648;0;0;0.01
1;1;1;0;13;1;0;1;0;2;2;0;2;2;0;1;2;4.59511985013459;7.121938808924836;1;1;0.81
1;0;1;0;5;1;0;1;0;0;2;0;2;2;0;1;2;4.558602550171757;6.2128064764755635;1;1;0.96
1;1;0;0;3;1;2;1;0;2;2;0;2;2;0;1;2;4.663439094112067;5.688499617791684;1;1;0.92
0;1;1;0;26;1;2;1;0;2;2;0;0;2;0;1;2;4.552296696381023;7.775926621667013;1;1;0.83
1;1;0;0;13;1;0;0;0;2;0;0;2;0;0;1;2;4.109233174715851;6.671209821977736;0;0;0.11
0;0;1;1;38;1;0;2;1;1;1;1;1;1;2;1;3;3.0421386463681466;6.629891515467694;0;0;0.0
0;1;1;0;8;1;2;1;0;0;0;0;0;2;0;1;2;4.442651256490317;6.420646181833463;1;1;0.93
1;1;1;1;34;1;2;1;0;2;2;2;2;2;0;1;2;4.699570861409576;8.195940546991709;0;0;0.35
1;0;0;0;18;0;1;0;2;0;2;0;0;0;0;0;3;3.543853682063679;6.312369816204687;0;0;0.06
1;0;1;1;56;1;0;1;0;2;2;2;0;0;1;1;3;4.464182492687114;8.475287276332946;0;0;0.03
0;0;0;0;36;0;1;0;0;2;0;2;0;0;0;1;0;3.5793435670456293;7.145353851265932;0;0;0.17
0;0;1;0;9;0;1;0;0;0;2;0;2;2;0;1;2;3.907010463604602;6.094021135433074;1;1;0.86
1;0;0;0;1;1;0;1;0;0;2;0;2;0;0;1;2;4.4526015873434845;4.4526015873434845;1;1;0.94
1;0;0;0;12;1;0;0;2;0;0;2;0;0;0;0;3;4.054390246715068;6.485932104261154;1;1;0.67
0;1;1;1;57;1;0;1;0;2;2;2;2;0;0;1;1;4.56746831880408;8.624872017714097;0;0;0.12
0;0;0;0;42;1;0;0;2;2;2;2;0;2;1;0;1;4.316153890523174;8.058817692651166;1;1;0.57
0;0;1;1;33;1;2;2;1;1;1;1;1;1;2;1;3;3.2386784521643803;6.608405401662674;1;1;0.66
1;0;1;0;70;1;0;1;2;2;0;2;0;0;2;0;0;4.449685283147696;8.649483814604627;0;0;0.0
0;0;0;0;68;0;1;0;0;2;0;2;0;2;0;0;2;3.827553848801696;8.03474444191656;0;0;0.12
1;0;0;1;1;0;1;0;0;0;0;0;0;0;0;1;2;3.246490991901174;3.246490991901174;0;0;0.29
0;0;0;0;37;1;2;1;0;0;0;2;2;2;0;0;1;4.618086411254637;8.172559742514318;0;0;0.19
0;0;0;1;4;1;2;2;1;1;1;1;1;1;0;1;3;3.2752561583043085;4.44500143383527;0;0;0.0
1;0;0;0;1;1;0;0;2;0;0;0;0;0;0;1;3;3.9454577815143836;3.9454577815143836;0;0;0.13
1;0;0;0;20;0;1;0;2;2;2;2;2;0;0;1;1;4.02535169073515;7.061805953809062;0;0;0.11
1;0;1;1;72;1;0;0;2;2;0;2;2;0;2;0;0;4.239886867512759;8.488042405924537;0;0;0.0
0;0;0;0;31;1;2;1;0;0;2;0;0;2;0;1;2;4.509760001183433;7.940192151975948;1;1;0.9
1;1;1;0;18;1;0;1;0;0;0;0;0;2;0;0;2;4.376385754783795;7.260979275244611;1;1;0.8
1;0;1;0;11;1;0;0;0;0;0;0;2;0;0;1;0;4.026244149518169;6.412064542800416;0;0;0.07
0;0;1;1;33;1;0;2;1;1;1;1;1;1;2;0;1;3.0349529867072724;6.465133326477619;0;0;0.0
0;1;0;0;62;1;2;1;0;0;0;0;2;0;1;0;2;4.4479314095616;8.509191261197179;0;0;0.11
0;0;0;0;1;0;1;0;0;0;2;2;0;0;0;0;3;3.6082115510464816;3.6082115510464816;0;0;0.2
1;0;1;0;16;1;0;1;2;2;0;0;0;0;0;0;0;4.403665809777363;7.187127923562777;0;0;0.09
1;0;1;1;22;1;2;0;0;0;2;2;2;2;1;1;3;4.3776420363560575;7.417430240990732;0;0;0.06
0;0;1;1;49;1;0;0;2;0;2;2;0;0;0;0;0;4.139158578011894;8.014715956012418;0;0;0.01
1;0;1;1;36;1;0;0;2;0;2;0;0;2;1;1;1;4.169761201506855;7.6914284862414535;0;0;0.06
1;0;1;0;42;1;2;1;0;2;2;2;0;2;0;1;2;4.609660091260944;8.32822157188838;1;1;0.83
1;1;0;0;4;0;1;0;0;0;0;0;0;0;0;1;0;3.265759410767051;4.639571612705423;1;1;0.87
0;0;0;0;12;1;2;0;0;0;0;2;2;2;1;0;3;4.318154558079471;6.772679837785048;1;1;0.69
0;0;0;0;31;1;0;1;2;0;2;2;0;0;0;0;2;4.484131857611035;7.910315446008468;0;0;0.08
1;0;1;0;5;1;2;1;2;0;0;0;0;2;0;1;2;4.501474949649326;6.026469656306673;0;0;0.24
1;0;1;1;66;1;0;2;1;1;1;1;1;1;2;0;1;3.044522437723423;7.226354454068639;0;0;0.0
0;1;0;0;15;1;2;0;0;0;0;2;0;0;0;0;1;4.02535169073515;6.630815303062258;1;1;0.73
1;0;0;0;64;1;2;1;0;2;2;0;2;2;2;1;0;4.657762636107262;8.808914594775409;0;0;0.07
1;0;1;1;10;1;0;2;1;1;1;1;1;1;0;1;1;3.0469005601283903;5.391352232515226;0;0;0.04
1;0;1;1;7;1;0;1;0;2;0;2;2;0;0;1;2;4.5081084731449605;6.413131034554154;1;1;0.66
1;0;0;0;29;0;1;0;0;2;0;2;0;0;0;0;2;3.563882963939251;6.9134888108298975;0;0;0.09
1;0;0;0;57;1;0;2;1;1;1;1;1;1;2;0;0;3.075005454448499;7.0269595264606135;0;0;0.01
0;0;0;0;46;1;2;1;2;2;0;0;0;0;0;0;3;4.445588116163626;8.255464724786458;0;0;0.08
1;0;0;0;53;1;0;2;1;1;1;1;1;1;2;0;0;3.027715319407042;6.88653164253051;0;0;0.15
0;0;0;0;17;1;0;0;2;2;0;2;2;2;1;0;1;4.392595586023115;7.235871270662697;0;0;0.08
0;0;1;1;38;1;0;2;1;1;1;1;1;1;2;1;3;3.054001181677967;6.616132117297094;0;0;0.01
1;0;0;0;15;1;0;2;1;1;1;1;1;1;1;0;3;3.0349529867072724;5.722277057292366;0;0;0.0
0;0;0;0;22;0;1;0;0;2;0;0;2;2;0;1;2;3.9386649363745674;7.002929085851732;0;0;0.14
1;0;1;0;14;1;2;1;0;0;0;0;0;2;0;1;2;4.456089962973938;7.038958964597482;1;1;0.93
0;0;1;0;57;1;2;0;0;2;2;2;2;0;1;0;0;4.3254562831854875;8.382506846376582;0;0;0.01
1;1;0;0;11;1;0;1;0;0;0;0;0;2;0;1;1;4.383899879055562;6.719858207854997;0;0;0.29
0;0;1;1;1;1;0;2;1;1;1;1;1;1;2;0;3;3.0610517396746335;3.0610517396746335;0;0;0.02
1;0;1;1;12;1;0;2;1;1;1;1;1;1;2;0;0;3.093312601892855;5.572344128176816;0;0;0.01
1;1;1;0;3;1;2;1;0;0;0;0;2;2;0;1;2;4.560172820057356;5.636751962196981;1;1;0.95
1;0;0;1;36;1;0;1;0;2;0;0;2;2;0;1;2;4.5612182984589085;8.164367970632252;0;0;0.08
1;0;0;0;16;1;0;1;2;0;0;0;2;2;0;1;2;4.55650501400681;7.302664873150785;1;1;0.8
1;0;1;1;65;1;2;0;2;2;2;0;0;2;1;0;1;4.296604902619887;8.4456649657763;1;1;0.63
1;0;0;0;2;1;0;1;0;2;0;0;0;0;0;0;2;4.330075229041782;5.028802598051705;0;0;0.08
0;0;0;0;42;1;2;1;2;0;2;0;2;2;0;1;2;4.665324108807838;8.389757468106554;1;1;0.73
1;0;1;1;72;1;0;1;2;2;2;2;2;2;2;0;0;4.726945242914012;8.991450261941589;0;0;0.01
1;0;0;0;62;1;0;2;1;1;1;1;1;1;2;0;0;3.0373539482448106;7.13461192820823;0;0;0.0
0;0;0;0;6;1;2;1;0;2;0;0;2;0;0;1;2;4.5081084731449605;6.316532718144117;0;0;0.21
1;0;1;0;48;1;0;2;1;1;1;1;1;1;2;1;3;3.0469005601283903;6.9440872082295275;0;0;0.0
1;0;0;0;35;1;2;1;2;0;2;2;2;2;2;1;2;4.70002571700077;8.3006527912356;0;0;0.06
1;0;0;1;52;1;0;2;1;1;1;1;1;1;1;0;1;3.027715319407042;6.834539216650878;0;0;0.02
0;0;0;0;1;0;1;0;0;0;0;0;0;0;0;1;3;3.254242968705492;3.254242968705492;0;0;0.21
1;0;1;0;6;1;2;1;0;0;0;0;2;0;0;1;2;4.429029488269218;6.133940195354737;1;1;0.68
0;0;1;0;71;1;2;0;2;2;2;2;2;2;2;0;1;4.545420181582317;8.780656851327029;0;0;0.06
0;0;1;1;67;1;0;1;2;2;2;0;0;0;1;0;0;4.4520190064939165;8.63039686891009;0;0;0.03
1;1;0;0;60;1;2;0;2;2;0;0;0;2;1;1;2;4.287028906051602;8.38378750517605;0;0;0.05
1;0;1;1;23;0;1;0;0;0;0;2;0;0;0;1;0;3.4452142670789296;6.52172508351258;0;0;0.12
1;0;0;1;39;0;1;0;0;0;2;2;2;2;1;0;0;4.02266952551521;7.692888940154456;0;0;0.0
1;0;1;1;15;1;0;2;1;1;1;1;1;1;1;1;3;3.0204248861443626;5.483759050678235;0;0;0.02
1;1;1;0;53;1;2;1;0;2;2;0;2;2;0;1;2;4.652530757347929;8.610045808430854;1;0;0.43
1;0;1;1;24;1;2;2;1;1;1;1;1;1;2;0;3;3.2268439945173775;6.413540921021343;0;0;0.01
0;0;1;1;37;1;0;2;1;1;1;1;1;1;0;0;2;3.013080911888604;6.529053808143187;0;0;0.04
0;0;1;1;5;1;0;1;0;2;0;0;0;2;0;1;2;4.437934266612178;6.004380772374528;1;1;0.94
0;1;1;0;50;1;2;1;0;0;0;2;2;2;1;1;2;4.621535540074356;8.554633474390082;0;0;0.12
0;0;0;0;54;1;0;1;0;0;2;0;2;2;1;1;1;4.554928969551344;8.529497185872401;0;0;0.12
0;0;0;0;3;1;0;1;2;0;0;0;0;0;0;1;2;4.3247946887187485;5.458095042240426;0;0;0.18
1;0;0;0;68;1;2;1;0;2;2;2;2;2;1;0;2;4.695467823968872;8.878713378184818;1;0;0.4
1;0;0;0;5;1;0;0;0;0;2;2;0;0;0;0;2;4.04567939024082;5.678293711889035;0;0;0.13
1;0;0;0;33;1;0;2;1;1;1;1;1;1;2;0;3;3.0610517396746335;6.537777963803526;0;0;0.0
0;0;0;0;41;1;2;0;0;2;2;0;2;2;1;1;2;4.401216329067023;8.090984413370126;0;0;0.06
0;0;1;1;34;0;1;0;2;0;2;2;2;2;1;0;3;4.131158535344817;7.597998246394693;0;0;0.02
0;0;1;1;13;1;0;2;1;1;1;1;1;1;0;1;3;3.065724645374026;5.543222409643759;0;0;0.02
0;0;0;0;20;1;0;2;1;1;1;1;1;1;0;1;1;2.990719731730447;5.85406855366702;0;0;0.08
0;1;0;0;51;1;0;2;1;1;1;1;1;1;2;0;1;3.0252910757955354;6.876161407390958;0;0;0.0
0;0;1;0;3;1;2;1;0;2;0;0;0;2;0;1;1;4.52720864451838;5.496963286261846;1;1;0.94
0;0;0;1;41;1;0;0;0;0;0;0;0;0;0;0;0;3.832979798087693;7.519095696837992;0;0;0.04
0;0;0;0;13;1;0;2;1;1;1;1;1;1;0;0;1;3.017982882488811;5.4514675460417115;0;0;0.06
1;0;1;1;35;1;2;2;1;1;1;1;1;1;2;0;0;3.2752561583043085;6.697342842021657;0;0;0.0
1;0;1;0;12;1;0;1;2;0;0;2;0;0;0;0;0;4.404888303817144;6.765557873272337;1;1;0.69
1;0;0;0;4;1;0;1;2;2;0;2;0;2;0;1;3;4.563305981889393;5.890400344620961;0;0;0.25
0;0;0;0;43;0;1;0;0;0;2;0;2;2;0;1;0;3.9130225057612296;7.638776111970164;1;1;0.58
0;1;1;1;12;0;1;0;0;0;0;2;0;0;0;1;3;3.4111477125153233;5.877455630496114;0;0;0.11
1;1;1;0;68;1;2;1;0;2;2;0;2;2;0;1;2;4.666265285347902;8.89571866426845;1;1;0.9
1;1;0;0;25;1;2;1;0;2;0;0;2;0;0;1;2;4.499253960396542;7.737267334062599;1;1;0.88
0;0;0;0;7;1;0;2;1;1;1;1;1;1;1;0;3;3.056356895370426;4.868687631440574;0;0;0.01
1;1;1;0;66;1;2;1;0;2;2;2;2;2;1;1;2;4.717158687936139;8.921691165334195;1;1;0.71
0;0;1;0;53;1;0;1;2;2;2;2;2;2;1;0;2;4.7140245909001735;8.671886581092718;0;0;0.14
1;1;0;0;63;1;2;1;2;2;2;0;2;2;0;1;0;4.704110133842995;8.858290430491598;0;0;0.17
0;0;1;1;70;1;2;1;2;2;2;2;2;2;2;1;0;4.746669748261791;8.95220415669834;1;1;0.61
1;1;1;0;27;0;1;0;0;0;0;0;0;2;0;0;0;3.624340932976365;6.940222469119639;1;1;0.68
0;0;0;0;1;1;0;1;0;0;0;0;0;0;0;0;3;4.273187854639731;4.273187854639731;1;1;0.95
0;0;0;0;5;1;0;2;1;1;1;1;1;1;0;0;3;3.0421386463681466;4.7059200890882344;0;0;0.13
0;1;1;0;37;1;0;2;1;1;1;1;1;1;1;0;3;3.0252910757955354;6.5913993459457485;0;0;0.01
1;0;0;0;3;0;1;0;0;0;2;0;2;0;0;1;3;3.717223927123079;4.880906187421472;1;1;0.8
0;0;0;1;12;1;2;1;0;0;0;0;0;0;0;1;2;4.351567427189173;6.795705775173514;0;0;0.24
0;0;1;1;38;1;0;2;1;1;1;1;1;1;1;0;1;3.0252910757955354;6.638698670653521;0;0;0.0
0;0;0;0;9;1;0;1;0;0;2;0;0;2;0;1;1;4.457829598089382;6.662366118720607;0;0;0.26
1;0;1;0;13;1;2;0;2;0;0;0;0;2;0;1;2;4.202451303547952;6.80599937002775;0;0;0.09
1;1;1;0;29;1;2;1;0;0;0;0;2;2;0;1;2;4.558602550171757;7.884068098244135;1;1;0.93
0;0;1;1;47;1;0;2;1;1;1;1;1;1;2;0;1;3.0469005601283903;6.925300458197886;0;0;0.0
1;0;1;0;61;1;2;1;2;0;2;2;2;0;0;0;0;4.609162207257629;8.690246934389275;0;0;0.06
1;0;0;0;16;1;0;2;1;1;1;1;1;1;0;0;3;3.044522437723423;5.62293388679288;0;0;0.01
0;0;1;1;41;1;0;0;2;2;0;2;2;2;2;0;2;4.375127892982725;8.047973255003038;0;0;0.04
0;0;0;1;43;1;2;2;1;1;1;1;1;1;2;1;2;3.261935314328648;6.976488116663229;0;0;0.0
0;0;1;1;36;1;2;1;0;2;2;0;2;0;0;1;0;4.5885325448350684;8.148705898429643;1;0;0.2
0;0;0;0;6;1;0;0;0;0;0;0;0;2;0;1;2;4.02535169073515;5.83305481036034;0;0;0.15
0;0;0;0;58;1;2;0;2;2;2;2;0;0;1;1;1;4.278054044290903;8.366416812227929;0;0;0.01
1;0;0;0;19;1;0;0;0;0;0;2;2;0;0;1;1;4.13596623691292;6.997778781629726;0;0;0.09
1;0;1;0;11;1;0;0;0;0;0;0;0;0;0;1;0;3.8480176754522337;6.259390241194085;0;0;0.1
0;0;0;0;39;0;1;0;2;2;0;2;0;0;1;1;0;3.720862499966987;7.39719382086648;0;0;0.0
0;1;0;0;8;1;0;1;0;2;0;0;2;0;0;1;2;4.478472532942134;6.571722945589309;0;0;0.16
0;0;0;1;26;1;2;0;0;0;0;0;0;0;0;1;3;3.9219733362813143;7.144130899065065;0;0;0.04
0;1;0;0;53;1;0;1;0;2;0;0;0;0;0;1;1;4.314817884980432;8.29526140561755;0;0;0.2
0;0;1;1;70;1;0;2;1;1;1;1;1;1;2;1;3;3.005682604407159;7.245940333607025;0;0;0.04
1;0;0;0;1;0;1;0;0;0;0;0;2;2;0;1;3;3.835141961092188;3.835141961092188;1;1;0.96
1;0;0;0;59;1;2;2;1;1;1;1;1;1;2;0;3;3.258096538021482;7.320857814219512;0;0;0.04
1;0;0;0;2;1;0;1;0;0;2;0;2;2;0;0;2;4.563827222453709;5.187944309066666;1;1;0.9
1;0;0;0;7;0;1;0;2;0;2;0;0;0;1;0;3;3.591817741270805;5.582744146279145;0;0;0.07
0;0;0;1;12;1;0;0;0;0;0;0;0;0;0;1;2;3.8188106237059674;6.177113893994611;1;1;0.69
1;0;1;1;59;1;0;0;0;2;2;2;2;2;1;0;1;4.353498551059343;8.42132085363072;0;0;0.06
1;0;1;1;61;1;2;0;0;0;2;2;2;2;2;1;0;4.406719247264253;8.512612717042128;0;0;0.0
1;0;1;1;72;1;2;1;2;0;2;0;2;2;2;1;0;4.668614358544626;8.928408402616084;0;0;0.04
0;0;1;1;13;1;0;2;1;1;1;1;1;1;0;0;3;2.9856819377004897;5.530420659233719;0;0;0.18
0;0;1;1;64;1;2;2;1;1;1;1;1;1;1;0;3;3.254242968705492;7.375569012154837;0;0;0.02
1;0;1;0;1;0;1;0;0;0;0;0;0;0;0;1;2;3.196630215920881;3.196630215920881;1;1;0.83
0;0;0;0;10;1;0;0;0;2;0;2;0;2;1;0;3;4.188138441508461;6.531679055767761;0;0;0.06
0;0;1;1;65;1;0;0;2;2;2;0;0;0;1;0;0;4.132763672126045;8.26232674790608;0;0;0.04
0;0;1;0;62;1;2;1;2;2;2;2;2;2;2;0;3;4.74449725120919;8.838174634268944;0;0;0.01
0;0;1;0;55;1;2;0;2;2;2;2;2;2;1;1;2;4.512506501124672;8.500647055990012;0;0;0.02
0;0;1;0;25;1;2;0;0;2;0;0;0;0;0;0;2;4.009149716158869;7.2254814727822945;0;0;0.0
1;0;0;0;1;0;1;0;2;0;0;0;0;0;0;0;3;3.4242626545931514;3.4242626545931514;1;1;0.75
1;0;0;0;1;1;0;0;2;0;0;0;0;0;0;1;1;3.927896354584436;3.927896354584436;0;0;0.42
0;0;1;0;59;1;2;1;0;2;0;0;2;2;0;0;2;4.625952725170619;8.706308286450993;1;1;0.66
1;1;1;1;64;1;2;2;1;1;1;1;1;1;2;1;0;3.2347491740244907;7.3457843779635645;0;0;0.0
1;0;1;0;36;1;2;1;0;0;0;0;2;2;0;1;0;4.564348191467836;8.143590056456818;0;0;0.2
0;0;0;0;3;1;2;0;0;0;0;0;0;0;0;1;3;3.9444901955656477;5.025852259901116;1;1;0.88
1;0;1;0;61;1;2;0;2;0;2;0;0;2;2;1;3;4.2612704335380815;8.349413388938133;0;0;0.05
1;0;0;1;26;0;1;0;0;2;0;0;2;0;1;1;0;3.7123518102990785;6.932203959384447;0;0;0.19
0;0;0;0;1;1;0;0;0;0;0;0;0;2;0;1;2;4.032469158504013;4.032469158504013;1;1;0.68
0;1;1;0;1;1;2;1;0;2;0;0;2;0;0;1;2;4.517431271680085;4.517431271680085;1;1;0.92
1;0;1;1;68;1;0;1;2;2;2;0;2;2;2;1;1;4.646791860678911;8.86437925801575;0;0;0.02
1;1;1;0;2;1;2;1;0;0;0;0;2;0;0;1;3;4.4756308146331065;5.058472623510416;1;1;0.81
0;0;1;0;72;1;2;1;2;2;2;2;0;0;2;1;0;4.55650501400681;8.832113414313877;0;0;0.01
0;0;1;0;71;0;1;0;0;0;2;2;0;2;2;1;2;3.8722421354163012;8.090892522719935;0;0;0.08
1;0;0;0;57;1;0;2;1;1;1;1;1;1;2;0;1;3.070375816549757;7.133974096813275;0;0;0.0
1;0;0;0;4;1;0;2;1;1;1;1;1;1;0;1;3;3.027715319407042;4.227563406008323;0;0;0.07
0;1;0;0;1;1;0;1;0;0;0;0;0;0;0;1;2;4.26549281841793;4.26549281841793;0;0;0.35
1;0;1;1;72;1;2;0;2;2;2;2;0;2;2;0;1;4.406719247264253;8.657129031713755;0;0;0.0
1;0;1;1;21;1;2;0;2;0;0;0;2;2;1;1;0;4.3425058765115985;7.346493963853227;0;0;0.06
0;0;1;1;71;1;2;2;1;1;1;1;1;1;2;0;0;3.246490991901174;7.501938111389494;0;0;0.0
0;1;1;0;29;1;2;1;0;0;2;0;2;2;0;1;0;4.605670061029742;7.990864683196767;1;1;0.79
0;1;0;0;69;1;2;1;2;0;2;2;2;2;2;0;1;4.711779921046349;8.9184561495127;0;0;0.04
0;0;1;0;64;1;2;0;2;0;2;2;2;2;2;1;1;4.454347296253507;8.609845296212608;0;0;0.0
1;0;0;0;16;1;0;2;1;1;1;1;1;1;0;0;1;3.0325462466767075;5.690021559406164;0;0;0.05
0;0;0;0;4;1;2;2;1;1;1;1;1;1;1;0;2;3.214867803470662;4.590056548178043;0;0;0.0
0;0;0;0;52;1;2;1;2;2;0;2;2;2;1;1;1;4.720728526622364;8.685660891838289;1;1;0.73
1;0;0;0;2;1;0;0;2;0;2;0;0;0;0;1;3;4.027135812528651;4.73926392046879;1;1;0.75
1;0;0;0;1;1;0;2;1;1;1;1;1;1;0;0;3;3.0421386463681466;3.0421386463681466;0;0;0.23042857142857145
1;0;0;0;18;0;1;0;0;0;0;0;0;0;0;0;3;3.263849190510932;6.169192234891709;0;0;0.07
0;0;0;0;2;1;2;0;0;2;0;0;0;0;0;0;3;4.0100567456995115;4.6313251434649425;0;0;0.32
0;0;1;0;19;1;0;0;0;2;0;0;0;2;0;1;3;4.107589788972121;7.031608741149134;0;0;0.04
0;0;0;0;40;1;2;1;0;0;0;0;0;2;0;0;0;4.440884991680235;8.16997340624826;0;0;0.06
0;1;1;1;66;1;2;1;0;2;2;0;2;2;1;1;2;4.662495252607361;8.83818188860976;0;0;0.25
1;0;0;0;21;1;2;1;0;0;0;0;0;0;0;0;3;4.334672938290411;7.359913115082284;0;0;0.13
1;0;0;0;8;1;0;0;0;2;0;2;2;0;0;1;2;4.214347354616797;6.2575717978543075;0;0;0.06
0;0;1;1;72;1;0;1;2;2;2;2;2;2;2;1;1;4.705015520957808;8.96902012082905;0;0;0.0
0;0;0;0;48;1;2;0;0;2;2;2;2;0;1;1;0;4.3154861108656375;8.183788245844491;0;0;0.04
1;0;0;0;69;1;0;2;1;1;1;1;1;1;2;1;0;3.0106208860477417;7.278559926826676;0;0;0.0
1;0;0;0;72;1;2;1;2;2;2;2;2;2;2;1;2;4.7808027546312495;9.05347016424951;0;0;0.02
0;0;0;0;14;1;0;0;0;2;0;0;0;0;1;0;1;3.9598603348423063;6.5914679495200215;0;0;0.16
1;0;0;0;6;1;0;0;0;2;0;0;2;0;0;0;2;4.101816577060802;5.8822075611710325;0;0;0.27
0;0;1;1;8;1;0;2;1;1;1;1;1;1;2;0;0;3.0204248861443626;5.077358926139164;0;0;0.05
0;0;0;0;17;1;0;2;1;1;1;1;1;1;1;0;3;3.022860940942244;5.6413750145275845;0;0;0.0
1;0;0;0;65;1;2;1;2;0;0;2;0;2;1;0;2;4.549128795104466;8.711155069366868;0;0;0.12
0;0;1;1;57;1;0;0;2;0;2;2;0;0;1;1;3;4.09933210373314;8.094180012588144;0;0;0.01
1;0;1;0;13;1;2;1;0;0;2;0;2;2;0;1;1;4.637153231841142;7.215239978730097;1;1;0.87
1;1;0;0;19;1;0;1;0;0;2;0;2;2;0;1;1;4.5736795188967205;7.483750474731224;1;1;0.81
0;0;1;0;56;1;2;1;2;2;2;0;2;2;1;0;0;4.707726774313183;8.717788429486097;0;0;0.11
0;0;1;0;14;1;0;1;0;0;0;0;0;2;0;1;2;4.370712874773608;7.0241150800983325;0;0;0.41
1;0;1;0;52;0;1;0;2;0;0;0;0;2;0;1;2;3.711130063048756;7.611792942373255;0;0;0.01
0;0;0;0;58;1;0;0;2;2;2;2;0;0;2;1;1;4.188138441508461;8.24182169854154;0;0;0.0
0;1;0;0;47;1;2;1;0;2;0;2;2;0;0;1;2;4.564868889214566;8.413065249160956;1;1;0.73
0;0;0;0;67;0;1;0;0;0;2;2;2;2;0;1;1;3.996364153861897;8.18315997795833;0;0;0.03
1;0;0;0;2;0;1;0;0;0;0;0;0;0;0;1;1;3.254242968705492;3.9259259105971376;0;0;0.34
1;1;0;0;6;1;0;0;0;0;0;0;0;0;0;0;1;3.822098297900159;5.625820933186489;0;0;0.49
1;0;1;1;71;1;2;1;2;2;2;2;2;2;2;1;0;4.74493212836325;9.009068384663204;0;0;0.01
0;0;1;1;46;1;0;2;1;1;1;1;1;1;2;0;0;3.056356895370426;6.7927371673978705;0;0;0.0
0;0;0;0;5;1;0;0;2;0;0;2;0;0;0;0;1;4.00460218672124;5.563753830052498;1;1;0.88
1;1;1;0;67;1;2;1;2;2;0;0;0;0;0;0;0;4.440884991680235;8.628698787333777;0;0;0.07
1;0;0;1;3;1;0;2;1;1;1;1;1;1;0;0;0;3.054001181677967;3.9435216724875173;0;0;0.04
0;0;0;0;3;1;0;2;1;1;1;1;1;1;0;0;3;3.0421386463681466;4.07753744390572;0;0;0.05
1;1;1;0;52;1;2;1;2;0;2;0;2;2;0;1;2;4.65586330030361;8.625033629522884;1;1;0.83
0;0;1;0;42;1;2;0;0;0;0;0;0;0;0;1;2;3.9367156180185177;7.698324045123251;1;1;0.56
1;0;1;1;50;1;0;2;1;1;1;1;1;1;1;1;3;3.0610517396746335;6.84582668235997;0;0;0.0
1;1;1;0;23;1;0;1;2;2;0;0;0;2;0;1;2;4.51085950651685;7.613374361037403;0;0;0.34
0;0;1;1;67;0;1;0;2;2;2;2;2;0;2;0;1;4.01096295328305;8.1955957740902;0;0;0.02
0;0;0;0;25;1;0;1;0;2;2;0;2;2;0;1;2;4.61015772749913;7.770666330953051;1;1;0.88
0;1;1;0;39;1;0;1;2;2;0;0;2;2;1;0;3;4.6061696863211745;8.26331977743681;0;0;0.03
0;0;0;0;69;1;2;0;2;2;0;2;0;0;2;1;3;4.21803603456465;8.429214073589186;0;0;0.03
0;0;0;0;1;0;1;0;0;0;0;0;0;0;1;0;3;3.2902658209548736;3.2902658209548736;0;0;0.1
1;0;0;0;32;1;0;1;0;0;0;0;2;2;0;0;2;4.522331907679087;7.962938009722911;0;0;0.34
0;0;0;0;9;1;0;1;0;0;0;0;0;0;0;0;2;4.276666119016055;6.512562232144577;1;1;0.76
0;0;0;0;16;1;0;1;0;2;2;0;0;2;0;1;1;4.545420181582317;7.361820056926364;1;1;0.88
1;0;1;1;60;1;0;2;1;1;1;1;1;1;2;1;0;3.08876713952118;7.147991907722524;0;0;0.01
0;0;1;1;72;1;2;1;0;2;2;2;2;2;2;1;0;4.702296896718814;8.950591185210456;0;0;0.03
1;0;1;0;5;1;0;2;1;1;1;1;1;1;0;0;3;3.013080911888604;4.8445807097661735;1;1;0.71
0;1;0;0;26;1;0;1;2;0;0;0;2;0;0;1;1;4.463606621666305;7.693777859492281;0;0;0.15
1;0;0;0;3;1;0;2;1;1;1;1;1;1;0;0;3;3.0373539482448106;4.182813210209709;1;1;0.71
1;0;0;0;2;1;0;2;1;1;1;1;1;1;0;1;2;3.027715319407042;3.4719664525503626;0;0;0.14
0;0;0;1;2;1;0;2;1;1;1;1;1;1;1;0;0;3.068052935133617;3.6699514442284173;0;0;0.06
0;0;0;0;36;1;2;0;2;0;2;2;2;2;1;1;1;4.50700593720086;8.116446932008014;0;0;0.03
1;0;0;0;7;1;0;1;2;0;0;0;0;0;0;0;3;4.3221439250725044;6.281518803704818;0;0;0.4
0;1;1;0;60;0;1;0;0;2;0;0;2;2;2;1;1;3.920982746799618;7.975409954194973;0;0;0.06
0;0;1;0;19;1;2;1;0;2;0;0;0;2;0;1;2;4.500920164614292;7.391291922510457;0;0;0.2
1;1;1;0;45;1;2;0;2;0;2;2;0;2;2;0;1;4.332705079341171;8.155175428577213;0;0;0.04
1;1;0;0;4;1;0;1;0;0;0;0;0;0;0;1;2;4.271793154274181;5.686466752446513;0;0;0.33
0;0;1;1;31;1;2;1;0;0;2;2;2;2;0;1;2;4.65586330030361;8.084701123247454;1;1;0.86
1;0;1;1;47;1;0;1;2;0;2;0;0;2;0;0;2;4.511408806173617;8.3280161896653;0;0;0.11
1;0;0;0;1;1;0;1;0;0;0;0;0;2;0;1;2;4.385146762010125;4.385146762010125;1;1;0.98
0;0;0;0;1;1;0;0;0;0;0;0;0;0;0;1;0;3.8264651170664994;3.8264651170664994;1;1;0.7
0;0;0;0;1;1;0;2;1;1;1;1;1;1;0;0;1;3.0155349008501706;3.0155349008501706;0;0;0.08166666666666667
0;1;1;1;59;1;2;1;0;0;2;0;0;2;0;1;1;4.497028027368389;8.584786417189287;0;0;0.23
1;0;1;0;10;1;0;1;0;0;0;0;0;0;0;1;2;4.264087336809195;6.493224198860226;1;1;0.79
1;1;0;0;35;1;2;1;2;0;0;0;0;2;0;0;1;4.5217885770490405;8.065108062672847;0;0;0.08
1;0;0;0;4;0;1;0;0;0;2;0;0;0;0;1;2;3.4226326623822203;4.783316371371566;1;1;0.88
1;0;1;1;32;1;0;1;2;2;0;0;0;2;1;1;2;4.519612297626445;8.014616782458617;0;0;0.01
1;0;0;0;43;1;2;1;0;2;0;0;0;0;0;1;2;4.367547313409047;8.121732868124141;1;1;0.7
1;0;0;0;4;1;0;0;0;0;0;0;0;2;0;0;2;4.012772908528289;5.279644101282416;1;1;0.77
0;1;1;0;54;1;0;2;1;1;1;1;1;1;2;1;3;2.9932291433358724;6.939350840571888;0;0;0.01
0;1;0;0;11;1;2;1;0;0;0;0;2;2;0;1;0;4.565909472034789;6.906404366911181;1;1;0.81
0;1;0;0;66;1;2;1;2;0;0;0;2;2;2;1;0;4.638604962074329;8.775371785096103;0;0;0.08
1;0;1;1;61;1;2;1;0;0;2;0;2;2;1;1;2;4.6141299273595635;8.73911199303063;0;0;0.06
1;0;1;1;72;1;2;0;2;2;2;2;2;2;2;0;1;4.49647076906475;8.779918929005985;0;0;0.0
1;0;1;1;44;0;1;0;0;0;2;2;2;2;1;1;2;4.012772908528289;7.748503163607648;0;0;0.04
1;0;0;0;41;1;2;0;0;0;2;0;0;0;0;1;0;4.037774210733707;7.71358361381754;0;0;0.21
1;0;1;0;50;1;2;1;2;0;2;0;2;2;1;1;2;4.653484046266642;8.562606230942732;0;0;0.25
1;0;1;0;47;1;2;1;2;0;2;2;2;2;1;1;1;4.717158687936139;8.57107513236528;1;1;0.69
1;0;1;1;8;1;0;2;1;1;1;1;1;1;2;0;3;3.0516399054922867;5.1149953094204985;0;0;0.0
1;0;0;0;18;1;0;2;1;1;1;1;1;1;0;0;3;3.0469005601283903;5.884714177161102;0;0;0.01
1;0;1;1;72;1;2;0;2;2;2;2;2;2;2;1;1;4.532061714167453;8.797231121716262;0;0;0.01
1;0;0;0;1;1;0;1;0;0;0;0;0;2;0;0;2;4.400603020246817;4.400603020246817;1;1;0.9
0;1;0;0;42;1;2;0;0;0;2;0;0;0;0;0;2;4.036891987474015;7.79265853761466;0;0;0.2
0;1;0;0;18;1;0;1;0;2;0;0;0;0;0;1;2;4.3267781604434035;7.166729187297174;0;0;0.07
0;0;0;1;13;1;2;1;0;2;2;0;2;2;1;1;1;4.655387902148709;7.170196463568123;0;0;0.39
0;0;1;1;68;1;2;1;0;2;0;2;0;0;1;1;0;4.438525108579144;8.654238403340557;0;0;0.0
1;0;0;0;4;1;2;1;0;0;0;0;0;0;0;1;0;4.293195420967266;5.725380874208697;1;1;0.69
1;0;0;0;69;1;2;1;2;2;2;0;2;2;2;1;1;4.709980550340436;8.913516641607119;0;0;0.03
1;0;0;0;17;1;0;0;0;0;0;2;0;0;0;0;3;3.960813169597578;6.804060042643372;1;1;0.69
1;0;1;1;25;1;2;2;1;1;1;1;1;1;2;0;1;3.2771447329921766;6.448256282381487;0;0;0.04
1;1;0;0;43;1;0;1;0;0;0;0;2;2;0;1;3;4.505902184329423;8.257839390951315;1;1;0.78
0;0;1;1;59;1;0;2;1;1;1;1;1;1;2;0;1;3.0204248861443626;7.109593474469011;0;0;0.0
0;1;0;0;5;1;0;1;2;2;0;0;0;0;0;0;2;4.403054001865957;5.929057086979365;0;0;0.14
1;0;1;1;21;1;2;0;2;2;0;2;2;0;1;0;3;4.363098624788363;7.3938782901077555;1;1;0.61
0;0;1;1;69;1;2;1;2;2;2;2;2;0;1;1;1;4.664382045619937;8.886796206553328;0;0;0.03
1;0;0;0;13;0;1;0;0;0;0;0;0;0;0;1;0;3.263849190510932;5.8076919380467125;0;0;0.27
1;0;1;0;42;1;2;1;0;2;2;0;2;0;0;1;0;4.566948973167894;8.284087684181289;1;1;0.78
1;0;1;0;52;1;2;1;0;2;0;2;0;2;0;1;1;4.57109620565434;8.534915224403854;0;0;0.09
1;1;0;0;46;1;0;1;2;0;0;0;0;2;0;0;2;4.454347296253507;8.286622124273231;1;1;0.63
1;0;1;0;61;1;2;0;2;2;2;2;0;2;2;1;0;4.404277243608702;8.48917430289871;0;0;0.01
1;0;0;0;29;0;1;0;0;0;0;0;0;0;1;1;3;3.2523106009544382;6.670829690194141;0;0;0.09
0;0;0;1;25;1;0;0;0;2;0;2;0;0;1;1;1;4.020877410340228;7.144683385266964;0;0;0.07
0;0;1;1;5;1;0;1;0;0;0;2;2;0;0;1;2;4.4630304188269685;6.1568730477709535;1;1;0.91
1;0;0;0;15;0;1;0;0;0;2;0;2;2;1;0;2;3.9464244321454784;6.5355315046537745;0;0;0.09
0;0;1;1;19;1;0;2;1;1;1;1;1;1;2;0;3;3.0516399054922867;5.962807837858177;0;0;0.0
1;0;0;0;44;1;0;2;1;1;1;1;1;1;2;0;3;3.0469005601283903;6.740814824226485;0;0;0.0
0;1;0;0;6;1;2;1;0;2;0;0;2;2;0;1;2;4.5976419195673;6.330789852711601;1;1;0.97
1;0;1;1;58;1;2;0;2;2;2;2;0;0;2;0;1;4.28496492183075;8.350252736660584;0;0;0.01
1;0;1;1;62;1;0;1;2;2;0;0;0;0;1;1;1;4.412192049005608;8.513998092519696;0;0;0.04
0;0;1;1;70;0;1;0;0;2;2;2;2;2;1;1;0;4.084294226368599;8.32218753041356;0;0;0.03
0;1;0;0;1;0;1;0;0;0;0;0;0;0;0;1;3;3.2846635654062037;3.2846635654062037;1;1;0.97
1;0;1;1;10;0;1;0;2;2;2;2;0;2;2;0;1;4.001863709427935;6.257667587882639;0;0;0.03
1;0;0;0;26;1;0;2;1;1;1;1;1;1;1;1;0;3.0252910757955354;6.158778213461521;0;0;0.0
1;0;0;0;66;1;2;1;0;2;0;0;0;2;0;0;1;4.504244267398131;8.695824614701293;0;0;0.05
0;0;1;1;7;1;0;1;0;0;0;0;0;0;0;1;2;4.248495242049359;6.2302845778072;1;1;0.72
1;0;1;1;51;1;2;1;0;2;0;2;0;0;1;0;0;4.44500143383527;8.366544705077148;0;0;0.03
1;0;1;1;72;1;2;1;2;2;2;2;2;0;2;1;1;4.673762977453703;8.929249860707124;0;0;0.02
1;0;0;0;65;1;2;2;1;1;1;1;1;1;2;0;3;3.2865344733420154;7.412009357365089;0;0;0.01
1;0;0;0;2;1;0;0;0;0;0;0;0;0;0;0;0;3.8512108660313884;4.3987608336650466;1;1;0.82
1;0;0;1;70;1;2;0;2;2;0;2;0;0;1;0;0;4.188896879163323;8.423431811601763;0;0;0.0
1;0;1;0;72;1;2;0;0;2;2;2;2;2;2;1;1;4.4595662121293;8.736890812326147;0;0;0.0
0;0;1;1;1;1;0;2;1;1;1;1;1;1;0;0;3;3.0469005601283903;3.0469005601283903;0;0;0.21
0;1;1;0;1;1;0;1;0;2;0;0;0;0;0;1;3;4.3489867805956814;4.3489867805956814;1;1;0.64
0;0;0;0;5;1;2;1;0;0;2;0;2;2;0;1;2;4.620058798481842;6.244166900663736;1;1;0.96
1;0;0;0;3;1;0;2;1;1;1;1;1;1;0;0;3;3.077312260546414;4.069026754237811;0;0;0.05
1;0;0;0;58;1;2;2;1;1;1;1;1;1;2;1;1;3.269568939183719;7.296650528761137;0;0;0.04
1;1;1;1;22;0;1;0;2;0;0;0;0;2;0;0;3;3.714790835898437;6.781284614928188;1;1;0.8
1;1;1;0;33;1;2;1;0;2;0;0;2;2;0;1;0;4.6210435351443815;8.092927453844355;0;0;0.19
1;0;0;0;1;1;0;1;0;0;0;0;0;0;0;0;2;4.261975403606051;4.261975403606051;1;1;0.96
1;1;1;0;54;1;2;1;0;0;0;0;0;0;0;0;0;4.31748811353631;8.273885197358533;0;0;0.08
1;0;1;0;72;1;2;1;0;2;0;0;2;2;2;1;2;4.609162207257629;8.893806047617373;0;0;0.1
1;0;0;1;1;1;2;1;0;0;0;0;2;2;0;1;2;4.546481189639412;4.546481189639412;1;1;0.89
1;0;0;0;3;1;0;0;0;0;2;0;0;0;0;1;2;3.9150185144079446;5.136092511453205;1;1;0.83
0;0;1;1;72;1;2;1;2;2;2;2;0;2;2;0;1;4.6862892372728835;8.943675874746871;0;0;0.0
0;0;1;1;72;1;2;0;2;2;2;0;2;2;2;1;1;4.437934266612178;8.692876094363072;0;0;0.0
1;1;1;0;54;1;2;1;0;0;2;0;2;2;0;1;1;4.605670061029742;8.574839264109055;0;1;0.6
0;0;1;0;59;1;2;0;0;2;0;2;2;2;1;1;2;4.395682961121367;8.454082983087442;0;0;0.09
1;0;0;0;54;1;0;0;2;2;0;0;2;0;2;1;0;4.194189897191817;8.164481810743938;0;0;0.0
1;0;0;0;60;1;2;1;0;0;2;0;2;0;2;1;2;4.505902184329423;8.562587118706123;0;0;0.05
0;0;1;0;60;0;1;0;0;2;2;2;2;2;2;0;1;4.123903364463645;8.189924472198971;0;0;0.0
1;0;0;0;3;1;2;1;0;0;0;0;0;0;0;0;2;4.324132656254979;5.386557155397445;0;0;0.3
0;0;1;0;69;1;2;1;2;0;0;0;2;2;2;0;0;4.606669062111827;8.83584326689432;0;0;0.05
0;0;1;1;1;1;0;2;1;1;1;1;1;1;0;0;2;3.0081547935525483;3.0081547935525483;0;0;0.09
1;0;1;1;50;0;1;0;2;0;0;0;2;0;0;1;1;3.700066643504501;7.612015480545652;0;0;0.03
0;0;0;0;56;0;1;0;0;0;0;0;2;2;0;1;1;3.825375198702474;7.850084059405065;0;0;0.17
0;0;1;0;60;1;0;1;2;0;0;2;2;2;2;1;2;4.58700621536042;8.632796074488324;0;0;0.08
1;1;1;0;69;1;2;1;2;0;2;2;2;2;1;1;3;4.714472920878541;8.937362987059018;0;0;0.07
0;0;0;0;1;0;1;0;0;0;0;0;0;2;0;0;3;3.584906863730958;3.584906863730958;1;1;0.86
0;1;0;0;1;1;0;1;0;2;0;0;0;0;0;1;2;4.30406509320417;4.30406509320417;1;1;0.86
0;0;1;0;3;1;0;2;1;1;1;1;1;1;0;1;3;3.039749158970765;3.844814255734696;0;0;0.04
1;0;1;1;60;1;0;0;0;2;0;2;2;2;2;0;0;4.356067595503785;8.421772005450956;0;0;0.0
0;0;0;0;13;0;1;0;0;0;2;2;0;0;2;0;3;3.594568774642695;6.112353864383436;0;0;0.03
1;0;1;1;62;1;0;2;1;1;1;1;1;1;2;0;0;3.065724645374026;7.168849506524821;0;0;0.0
0;0;0;0;45;1;2;1;2;2;0;0;0;2;1;0;0;4.582413198865475;8.39925389355155;0;0;0.1
0;0;0;0;25;0;1;0;0;0;2;2;2;2;1;0;2;4.01096295328305;7.261330423503012;0;0;0.09
1;0;0;0;44;1;0;1;0;0;2;2;2;2;2;0;0;4.616110126026426;8.384655590531366;0;0;0.0
0;0;0;0;2;1;0;0;0;0;0;0;0;0;0;1;3;3.834061463958434;4.320151230955794;0;0;0.22
1;1;0;0;33;1;2;1;0;2;2;0;0;0;0;1;1;4.440884991680235;7.907394019230851;1;0;0.34
0;0;0;0;1;1;0;1;0;0;0;0;0;0;0;1;2;4.264087336809195;4.264087336809195;1;1;0.98
0;0;0;0;22;1;0;2;1;1;1;1;1;1;1;0;0;3.084200921541599;6.112907543595853;0;0;0.0
0;0;0;0;35;0;1;0;0;0;2;2;0;0;0;1;3;3.539508997459668;7.0705966564879645;0;0;0.05
0;0;1;1;29;1;0;2;1;1;1;1;1;1;2;0;3;3.054001181677967;6.327579577081353;0;0;0.0
1;1;1;0;27;1;2;1;2;0;2;0;0;0;1;1;2;4.464758032271346;7.705757847644463;0;0;0.04
1;0;0;1;54;1;0;0;0;2;2;2;0;0;1;1;2;4.127134385045092;8.096832695791372;0;0;0.03
0;1;0;0;2;1;0;1;0;0;0;0;0;0;0;1;2;4.271793154274181;4.9652891923293785;1;1;0.68
1;0;0;0;57;1;2;1;0;0;0;0;2;0;1;1;2;4.476199804691132;8.505171216188913;0;0;0.02
1;0;0;0;62;1;2;0;2;2;2;2;0;0;2;0;0;4.254193263163997;8.35196471204846;0;0;0.0
0;0;1;1;15;1;0;2;1;1;1;1;1;1;1;0;1;3.0610517396746335;5.819934551392226;0;0;0.01
1;0;0;0;2;1;0;2;1;1;1;1;1;1;0;0;3;3.0610517396746335;3.5322256440685598;1;1;0.58
0;0;1;0;70;1;2;1;0;0;2;2;2;2;2;1;0;4.6568134191399295;8.880376907267795;0;0;0.04
0;0;1;1;21;1;0;0;0;0;0;0;0;0;0;1;2;3.827553848801696;6.8322232163697;0;0;0.1
0;0;0;1;23;1;0;0;0;0;0;2;0;0;1;1;2;3.920982746799618;7.021396415471186;0;0;0.07
1;0;0;0;6;1;0;2;1;1;1;1;1;1;1;0;3;3.0726933146901194;4.767289035464526;0;0;0.01
1;0;1;1;4;1;0;2;1;1;1;1;1;1;2;0;1;3.022860940942244;4.2456340097683265;0;0;0.0
0;0;0;0;3;1;0;1;2;0;2;0;2;2;0;1;1;4.605170185988092;5.664348405410794;1;1;0.74
0;0;0;0;23;1;2;1;0;0;0;0;2;2;0;1;2;4.548599834499697;7.758995358601965;0;1;0.58
1;0;0;0;26;0;1;0;2;0;0;2;2;2;1;0;1;4.017283516085639;7.218066861681702;0;0;0.02
0;0;0;1;8;1;0;2;1;1;1;1;1;1;0;0;3;3.0469005601283903;5.103518288242969;0;0;0.08
1;0;0;0;26;1;2;1;0;0;0;0;0;2;0;1;2;4.442062848117941;7.720993939799903;1;1;0.81
1;0;0;0;2;1;2;1;0;2;0;0;0;0;0;1;2;4.387635873438392;4.984633491557255;0;0;0.38
1;0;0;0;67;1;2;1;2;2;2;2;2;2;2;0;1;4.763881877142913;8.955873838169165;1;1;0.7
0;0;1;0;71;1;2;1;0;0;0;0;2;2;2;1;0;4.550714000192032;8.79275460455494;1;1;0.77
0;0;0;0;59;1;2;0;2;2;2;2;0;2;1;0;1;4.392595586023115;8.473680079084492;0;0;0.02
1;0;1;1;39;1;2;1;0;0;2;0;2;2;1;0;2;4.61512051684126;8.252328804244902;0;0;0.28
1;0;0;1;21;1;0;2;1;1;1;1;1;1;2;0;3;3.0252910757955354;5.986452005284438;0;0;0.0
1;0;0;0;1;1;0;2;1;1;1;1;1;1;0;0;3;3.0301337002713233;3.0301337002713233;1;1;0.8915000000000001
0;0;1;1;48;1;0;2;1;1;1;1;1;1;2;0;0;3.054001181677967;6.935613607110533;0;0;0.0
0;1;1;0;31;0;1;0;2;2;2;0;0;2;1;1;1;3.9396381724611196;7.365876086316099;0;0;0.08
0;0;1;1;64;1;2;1;2;2;2;2;2;2;1;0;2;4.73926392046879;8.885129487631987;0;0;0.01
1;0;1;1;46;1;2;1;0;2;0;0;0;0;0;1;0;4.394449154672439;8.2350159395989;0;0;0.09
0;0;0;0;52;1;2;0;0;0;2;2;2;2;2;1;0;4.406109305189839;8.351126800641016;0;0;0.02
0;0;1;1;67;1;2;2;1;1;1;1;1;1;2;1;3;3.254242968705492;7.427292843350149;0;0;0.0
0;1;0;0;67;1;2;0;0;2;0;0;0;0;0;0;2;4.023564380161053;8.223224734321748;0;0;0.06
0;0;0;0;5;1;2;1;0;0;0;0;0;0;0;0;2;4.337944122103693;6.027434790897213;1;1;0.85
0;0;1;0;71;1;2;1;0;2;2;2;2;2;2;0;2;4.702750514326955;8.950104840148782;0;0;0.05
0;0;0;0;9;1;0;1;0;0;0;0;2;0;0;1;0;4.365007629504287;6.572492310900909;1;1;0.83
0;1;0;0;26;1;2;1;2;2;0;0;0;2;0;1;2;4.564348191467836;7.823325751531809;1;1;0.85
1;0;0;0;71;1;2;1;2;2;2;2;2;2;1;1;0;4.76473475565943;9.025281070978235;0;0;0.19
0;0;0;0;32;1;0;2;1;1;1;1;1;1;0;0;0;3.039749158970765;6.401170649473401;0;0;0.06
0;0;0;0;2;1;0;1;0;0;0;0;0;0;0;0;2;4.267597343922845;4.943426544402806;0;1;0.76
0;0;1;0;71;1;2;2;1;1;1;1;1;1;2;0;1;3.2809112157876537;7.543935203900829;0;0;0.0
0;0;0;0;60;0;1;0;2;0;2;0;0;2;1;1;2;3.816612820623488;7.928369989495185;0;0;0.02
0;1;0;0;55;1;2;1;0;0;2;0;2;2;1;1;2;4.6166045636137545;8.596142994394638;0;0;0.25
1;0;0;0;54;1;0;1;2;2;0;2;2;2;1;1;1;4.667205576907544;8.638419182183606;1;1;0.81
1;0;0;0;2;1;0;1;0;0;2;0;2;2;0;1;2;4.573163389853005;5.291796149557771;1;1;0.89
0;0;0;0;6;1;2;1;0;0;0;0;0;0;0;1;3;4.3154861108656375;5.997198078955742;0;1;0.73
0;0;1;1;48;1;0;0;2;2;2;0;0;2;2;1;1;4.264087336809195;8.083143406452296;0;0;0.03
1;0;1;1;63;1;2;2;1;1;1;1;1;1;2;0;3;3.2676659890376327;7.361407194673576;0;0;0.0
1;0;0;0;1;1;2;1;0;2;0;0;0;0;0;1;2;4.383899879055562;4.383899879055562;1;1;0.85
1;0;0;1;12;1;0;2;1;1;1;1;1;1;0;0;1;3.093312601892855;5.46721590300985;0;0;0.08
1;1;1;0;54;0;1;0;0;0;0;0;0;0;0;1;0;3.2561716096118976;7.219459007275827;0;0;0.16
0;0;1;1;30;1;0;0;0;0;2;2;2;0;1;1;2;4.182050142641207;7.5939533704538755;0;0;0.02
0;0;1;0;30;1;0;2;1;1;1;1;1;1;0;0;0;3.027715319407042;6.487455681915517;1;1;0.68
0;0;0;0;4;1;0;1;0;0;0;0;2;0;0;1;2;4.382026634673881;5.717521000766714;1;1;0.96
0;0;0;0;40;1;2;1;0;0;2;2;2;2;1;1;1;4.672361435528415;8.374753667516991;0;0;0.27
0;0;1;1;9;1;0;1;0;0;0;2;0;0;0;1;2;4.341855469984605;6.474662003756499;0;0;0.49
0;0;1;1;17;1;0;1;2;0;0;2;2;0;0;0;2;4.530985287798715;7.362296224736894;1;1;0.72
0;0;0;0;62;0;1;0;0;2;2;0;0;2;2;1;1;3.7977338590260183;7.91924709380068;0;0;0.03
1;0;0;0;28;1;0;1;0;2;0;2;2;0;1;1;0;4.524502282920636;7.817887083540708;0;0;0.03
0;0;0;0;70;1;2;0;2;2;2;2;2;2;2;0;1;4.5081084731449605;8.759072134066205;0;0;0.02
0;0;0;0;46;1;0;1;0;2;2;2;2;2;2;1;0;4.657762636107262;8.498051145887871;0;0;0.07
0;0;1;0;23;1;2;1;0;0;2;0;0;2;0;0;3;4.512506501124672;7.623617508285297;0;0;0.18
1;0;1;1;47;0;1;0;2;0;2;2;0;0;1;0;2;3.720862499966987;7.493205884086708;0;0;0.04
1;0;1;1;68;1;0;1;2;2;2;0;2;2;2;1;0;4.665794807804526;8.878239566711109;0;0;0.01
0;1;0;0;60;1;2;1;0;0;2;2;2;2;1;1;2;4.672828834461906;8.770656420481336;1;1;0.77
0;0;0;1;67;1;2;1;0;2;0;2;2;2;2;1;2;4.653960350157523;8.859370551399595;0;0;0.03
0;0;0;0;14;1;0;0;0;0;0;2;2;2;0;1;2;4.257738109130536;6.826978968954849;0;0;0.12
1;0;1;1;57;1;2;1;0;0;0;0;0;0;0;1;2;4.321480134805848;8.298875476997292;0;0;0.08
0;0;1;1;55;1;2;1;2;0;0;0;2;2;1;0;3;4.623991940228679;8.60329749046837;0;0;0.03
1;0;0;0;1;1;0;2;1;1;1;1;1;1;0;1;3;3.056356895370426;3.056356895370426;0;0;0.19
1;0;0;1;1;1;0;0;0;0;0;2;0;0;0;1;3;3.929862923556477;3.929862923556477;1;0;0.29
1;0;0;0;23;1;2;1;0;0;2;2;2;0;0;1;1;4.583946549536464;7.6432193361691105;0;0;0.08
0;0;0;0;13;1;2;1;2;0;0;0;2;2;0;1;2;4.618579872898009;7.215129678529607;1;1;0.97
1;0;1;0;47;1;2;1;0;2;2;0;2;2;0;1;2;4.6549122778829055;8.544059050550798;0;0;0.34
1;0;0;0;38;1;0;2;1;1;1;1;1;1;1;0;3;3.0492730404820207;6.59455024929927;0;0;0.0
0;1;1;0;38;1;2;1;0;0;0;0;0;0;0;1;0;4.330075229041782;7.962363432152192;1;0;0.3
0;1;0;0;2;1;2;0;0;2;0;0;0;0;0;1;1;4.0526541351678915;4.781222129768451;0;1;0.53
1;1;1;1;1;1;0;0;0;0;0;2;0;0;0;1;1;3.917010546939185;3.917010546939185;1;1;0.73
1;0;1;0;15;1;0;1;0;0;0;0;0;0;0;1;0;4.242764567340374;7.0117548690006215;0;0;0.17
0;0;0;0;26;1;0;1;0;0;0;0;0;0;0;1;1;4.249209272783016;7.504749424635169;0;0;0.09
0;0;1;1;35;1;0;2;1;1;1;1;1;1;2;0;1;3.0301337002713233;6.594960505715281;0;0;0.0
1;0;0;1;3;1;0;2;1;1;1;1;1;1;0;1;3;3.0469005601283903;4.336636932375072;0;0;0.04
1;0;1;1;50;1;2;1;0;2;0;2;2;2;0;0;2;4.651099117876491;8.531500354112636;1;1;0.76
1;0;1;0;42;1;2;1;2;0;2;0;0;2;0;1;2;4.558078578454241;8.297942054817371;0;0;0.12
1;0;1;0;10;1;0;0;2;0;0;2;0;0;0;1;1;4.024458434757935;6.3453731683017445;0;0;0.11
0;0;1;0;61;1;0;1;2;2;0;2;0;2;1;0;0;4.550714000192032;8.676194942888575;0;0;0.02
0;0;0;0;68;1;2;1;2;2;0;2;2;2;2;0;1;4.711779921046349;8.89293421695815;0;0;0.22
1;0;0;0;10;1;0;1;2;0;2;0;2;2;1;1;2;4.604169685654508;6.9716216993105515;0;0;0.41
1;0;1;0;65;1;2;1;2;2;2;0;0;0;1;0;2;4.5081084731449605;8.660531340231143;1;1;0.78
0;0;1;1;72;1;0;0;2;0;2;2;2;2;2;1;0;4.399989335048054;8.680646184540727;0;0;0.01
1;0;1;1;55;1;0;1;0;2;0;2;0;0;0;0;2;4.387014176184921;8.352188822830897;0;0;0.06
0;0;0;0;1;1;0;2;1;1;1;1;1;1;0;1;3;3.0587070727153796;3.0587070727153796;1;1;0.86
0;0;0;0;7;1;0;0;0;0;2;2;0;2;0;0;0;4.155753190350744;6.038586654176717;0;0;0.1
0;0;0;0;2;1;2;1;0;0;0;0;0;0;0;1;3;4.3294166844015844;4.920345822748795;0;1;0.7
0;0;0;0;9;1;0;1;2;0;0;0;0;0;0;1;2;4.328757705794541;6.5641375742000525;0;0;0.17
1;0;0;1;27;1;2;2;1;1;1;1;1;1;2;1;1;3.2902658209548736;6.671463162912652;0;0;0.04
1;1;1;0;7;1;2;1;0;0;2;0;2;2;0;1;2;4.634243433473799;6.553719705980335;1;1;0.94
0;0;1;0;64;1;0;0;0;2;2;2;0;2;2;1;3;4.238444906195857;8.38475834022749;0;0;0.01
1;0;0;0;70;0;1;0;2;0;2;2;0;2;2;0;0;3.899950424193877;8.144330791852086;0;0;0.05
1;1;0;0;2;1;2;1;0;0;0;0;2;2;0;1;2;4.553876891600541;5.207845463383961;1;1;0.97
1;1;0;0;67;1;0;1;2;2;0;2;2;2;2;1;2;4.663910681010692;8.878037431746998;0;0;0.14
0;0;0;0;45;1;2;1;0;2;0;0;2;0;0;1;1;4.5031374604229395;8.29850221267205;1;1;0.74
0;0;0;0;24;1;2;2;1;1;1;1;1;1;2;0;1;3.263849190510932;6.317164686747284;0;0;0.05
1;0;1;1;4;1;0;2;1;1;1;1;1;1;2;0;1;3.0204248861443626;4.583435693842085;0;0;0.0
1;0;1;1;44;1;0;1;0;0;2;0;2;2;0;1;0;4.5427627258594745;8.324554596540237;0;0;0.05
0;0;1;1;72;1;0;2;1;1;1;1;1;1;2;1;3;3.077312260546414;7.302024614329567;0;0;0.0
0;0;0;0;1;1;0;1;0;2;0;0;0;0;0;1;1;4.321480134805848;4.321480134805848;1;1;0.88
1;0;0;0;66;1;0;2;1;1;1;1;1;1;2;0;0;3.013080911888604;7.124317218930792;0;0;0.07
1;0;0;0;1;0;1;0;0;2;0;2;0;2;0;1;3;3.8210036070409776;3.8210036070409776;1;1;0.75
1;0;1;1;13;1;0;1;2;0;0;0;0;2;0;0;2;4.44323931884187;6.999696152680494;1;1;0.7
1;0;0;0;10;1;2;1;0;2;0;0;0;0;0;1;0;4.403054001865957;6.671779748852549;1;1;0.9
1;1;1;0;65;1;2;1;0;2;2;0;2;2;0;1;2;4.6572881402501976;8.791721632922973;0;0;0.25
1;0;0;1;1;1;0;2;1;1;1;1;1;1;0;0;3;3.022860940942244;3.022860940942244;0;0;0.2165
1;0;1;1;38;1;0;0;2;2;2;2;2;0;1;0;2;4.318154558079471;7.938552573621769;0;0;0.06
1;0;0;1;23;0;1;0;2;0;2;2;0;0;2;0;3;3.716008121502189;6.755477843536559;0;0;0.02
0;0;1;0;10;1;0;2;1;1;1;1;1;1;1;0;3;3.0492730404820207;5.2225156531317545;0;0;0.0
1;0;0;1;4;1;2;1;0;2;0;0;2;2;0;1;2;4.631812116934513;5.901403068739325;1;1;0.92
1;0;1;1;72;1;2;0;2;0;2;2;2;2;2;1;1;4.4373430753445895;8.715109187083549;0;0;0.0
0;0;1;0;35;1;0;0;0;2;0;2;0;0;0;0;2;4.0578534536396855;7.529460162087717;0;0;0.06
0;0;0;0;1;1;0;2;1;1;1;1;1;1;0;0;3;3.0633909220278057;3.0633909220278057;1;0;0.08273809523809524
0;0;1;1;58;1;0;2;1;1;1;1;1;1;2;0;1;3.022860940942244;6.985317990929928;0;0;0.0
1;0;1;1;70;1;0;1;0;2;2;2;2;2;1;1;2;4.674229721919586;8.919466544622965;0;0;0.03
1;0;1;1;38;1;2;0;0;2;2;0;2;2;1;0;1;4.381401439279963;7.959817392830412;0;0;0.02
0;0;1;1;60;0;1;0;0;2;0;0;2;2;0;1;2;3.926911617921897;8.029579409644032;0;0;0.08
1;0;0;0;26;1;2;1;2;2;0;0;2;0;0;1;1;4.536891345234797;7.762510974738495;0;0;0.5
0;0;0;0;8;1;0;0;2;2;0;2;0;0;1;0;0;4.0809215418899605;6.15326446818114;0;0;0.03
1;0;1;1;41;1;2;1;0;0;2;2;2;2;1;1;2;4.640537329825382;8.346250647393541;1;1;0.71
0;1;1;0;36;1;2;1;0;2;0;0;2;0;0;1;1;4.532061714167453;8.102298766703406;0;0;0.18
1;1;0;0;54;1;0;0;0;0;2;2;0;2;1;0;0;4.193435464866331;8.169322235533594;0;0;0.03
1;0;1;1;71;1;2;1;0;2;2;0;2;2;2;1;0;4.672828834461906;8.952178266060393;1;1;0.75
0;0;0;0;55;1;2;1;0;0;0;0;0;0;0;1;2;4.3054155323020415;8.32987517307146;0;0;0.43
0;0;0;0;72;1;2;0;2;2;0;0;0;0;2;0;0;4.1067670822206574;8.358431899031295;0;0;0.01
0;0;0;1;3;1;0;0;2;0;0;2;0;0;0;1;3;4.027135812528651;5.047609896887617;1;1;0.72
0;0;1;1;54;1;2;0;0;2;2;0;0;0;2;1;0;4.107589788972121;8.085625351967414;0;0;0.0
1;0;1;1;72;1;2;1;2;2;2;2;2;2;2;1;0;4.767289035464526;9.02863262676135;0;0;0.0
1;0;0;0;52;1;2;1;2;0;2;2;2;2;2;1;2;4.703203926259457;8.653889570183916;0;0;0.06
0;1;0;0;60;1;2;1;2;0;0;0;2;2;1;1;0;4.628886712605407;8.728685125509973;0;0;0.09
0;0;0;0;39;0;1;0;0;0;2;0;2;2;0;1;1;3.9444901955656477;7.552971925784532;0;0;0.16
0;0;0;0;15;1;0;0;0;0;0;0;2;0;1;0;3;4.04567939024082;6.838298013966916;0;0;0.07
1;0;0;0;69;1;2;1;0;0;2;2;2;2;2;1;0;4.677490847567717;8.902428380952307;1;1;0.74
1;0;1;1;43;1;0;2;1;1;1;1;1;1;1;1;3;3.005682604407159;6.655762048938863;0;0;0.01
0;1;0;0;63;1;2;0;2;2;2;2;2;0;1;0;0;4.430816798843313;8.564849379544466;0;0;0.09
1;1;1;0;2;1;0;1;0;0;0;0;0;0;0;0;2;4.264087336809195;4.960394077659509;0;0;0.18
0;0;1;1;72;1;0;1;2;2;2;2;2;2;2;1;0;4.694096395182493;8.94645945797701;0;0;0.1
0;0;1;1;32;1;2;1;0;0;2;0;0;2;0;1;0;4.522331907679087;7.991423120264424;1;1;0.76
1;0;1;1;40;1;2;2;1;1;1;1;1;1;2;0;1;3.2676659890376327;6.9156242373608325;0;0;0.0
0;0;1;0;58;0;1;0;2;2;0;0;2;0;1;1;2;3.836221292011864;7.840352337130602;0;0;0.04
1;0;0;0;67;0;1;0;2;0;0;2;2;0;2;0;2;3.8044377947482086;8.038576576672263;0;0;0.02
0;1;1;0;51;1;2;1;2;0;0;0;0;0;0;1;2;4.363098624788363;8.244951303452334;1;1;0.78
1;0;1;0;31;1;2;0;0;0;2;2;2;2;1;1;3;4.385769620952716;7.818027938530729;0;0;0.12
1;1;1;0;69;1;2;1;2;2;0;0;0;0;0;1;1;4.45318382899021;8.663308819357752;0;0;0.1
1;0;1;0;32;1;2;1;0;0;0;2;0;0;1;1;2;4.385146762010125;7.870986847024712;0;0;0.07
0;0;0;0;21;1;0;0;2;2;0;2;2;0;2;0;1;4.277360322445531;7.330306910813801;0;0;0.0
1;0;0;0;52;1;0;0;2;0;2;0;0;0;1;0;2;4.00277736869661;7.934388097858083;0;0;0.02
0;0;1;1;72;1;2;2;1;1;1;1;1;1;2;0;1;3.228826155721369;7.487453767034503;0;0;0.0
0;0;1;0;72;0;1;0;0;2;2;0;2;2;2;1;2;4.01096295328305;8.27854252387427;1;1;0.72
1;0;1;1;52;0;1;0;2;0;2;0;0;2;1;0;0;3.8122026701459353;7.730657982534619;0;0;0.02
0;0;0;0;41;1;0;0;0;0;0;2;0;0;1;0;0;3.9328055446106744;7.615815702274378;0;0;0.02
1;0;0;0;41;1;0;2;1;1;1;1;1;1;2;0;3;3.0516399054922867;6.688790484489344;0;0;0.0
0;0;0;0;6;1;0;1;0;0;0;0;0;0;0;1;3;4.2520603082138555;6.03882511846782;1;0;0.37
1;0;1;1;67;1;2;0;2;2;2;2;0;0;1;1;1;4.253482783560398;8.445536059652007;0;0;0.08
0;0;1;1;16;1;0;2;1;1;1;1;1;1;0;0;3;3.013080911888604;5.623656430176916;0;0;0.09
1;0;0;0;17;1;0;2;1;1;1;1;1;1;2;0;3;3.0032042883926917;5.841948942039205;0;0;0.0
1;0;1;0;35;1;0;0;2;2;2;0;0;0;0;0;3;4.127134385045092;7.664557778271204;0;0;0.12
0;0;1;1;58;1;0;2;1;1;1;1;1;1;2;0;1;3.068052935133617;7.083723361803917;0;0;0.0
1;0;0;0;1;1;0;0;0;0;2;0;0;0;0;1;2;3.9415818076696905;3.9415818076696905;1;1;0.77
1;0;1;1;52;0;1;0;0;2;2;2;2;0;2;0;3;3.9357395320454622;7.845807502637805;0;0;0.01
0;0;0;0;70;1;0;0;2;0;2;2;2;2;2;0;0;4.389498649512583;8.628815063803575;0;0;0.01
0;0;1;1;19;1;2;2;1;1;1;1;1;1;2;1;0;3.254242968705492;6.14996290492866;0;0;0.01
1;1;0;0;1;1;2;1;0;0;0;0;0;0;0;1;2;4.32280727501391;4.32280727501391;1;1;0.98
0;0;1;1;35;1;0;1;2;0;2;2;2;2;0;1;2;4.681204872264089;8.2314958148187;0;0;0.12
0;0;0;0;32;1;2;1;0;0;2;0;2;2;0;1;2;4.628398312107299;8.112497787010163;0;0;0.22
0;0;1;1;17;1;0;0;2;0;0;2;0;0;0;1;1;4.031582240485785;6.826002777109878;0;0;0.09
0;0;1;1;67;1;0;0;0;2;0;0;0;0;1;0;1;3.942552210462969;8.141116968201862;0;0;0.05
0;0;0;0;9;1;0;2;1;1;1;1;1;1;0;0;0;3.0204248861443626;5.019595035467727;0;0;0.11
1;0;0;1;31;1;2;0;0;2;0;2;2;2;1;1;3;4.387635873438392;7.8589110981823715;1;1;0.72
1;0;0;0;4;1;2;1;2;0;0;0;2;0;0;0;2;4.517976974285714;5.910661133504376;0;0;0.48
1;1;1;1;58;1;2;1;2;2;0;2;0;0;1;1;0;4.50920979484218;8.542227209135879;0;0;0.08
1;0;0;0;60;1;0;0;2;0;2;2;2;2;1;0;3;4.382026634673881;8.476808601220762;0;0;0.05
1;0;0;0;58;1;2;1;0;0;2;2;2;2;1;1;2;4.660131744062066;8.735621644103475;1;1;0.83
1;0;0;0;1;1;0;2;1;1;1;1;1;1;0;0;3;3.022860940942244;3.022860940942244;0;0;0.47988095238095235
0;0;1;1;27;1;0;2;1;1;1;1;1;1;2;0;3;3.039749158970765;6.311916280889189;0;0;0.0
1;1;1;1;66;1;2;1;2;2;2;2;2;2;1;1;2;4.764308407326388;8.969955285966561;0;0;0.06
1;0;0;0;15;1;2;1;2;0;0;0;2;0;0;1;0;4.485823428355525;7.125443979613383;0;0;0.14
1;1;1;0;47;1;2;1;0;0;2;0;2;2;0;1;2;4.61561544384963;8.491270072062852;1;1;0.92
0;0;0;0;41;1;2;1;2;0;0;0;0;0;0;1;1;4.410371107683024;8.068293303434988;0;0;0.35
1;0;1;0;59;0;1;0;0;0;0;0;2;2;0;1;2;3.8133070324889884;7.8889906994966745;0;0;0.14
0;0;0;1;50;1;0;1;0;0;0;0;0;0;2;0;1;4.267597343922845;8.170355417755697;0;0;0.16
1;0;1;1;17;0;1;0;2;0;2;0;2;0;1;0;1;3.816612820623488;6.676012358854464;0;0;0.05
1;0;1;1;6;1;0;0;2;0;0;0;0;0;0;1;2;3.9150185144079446;5.692552992704652;0;0;0.15
1;1;1;0;51;0;1;0;0;2;0;0;0;0;0;1;1;3.416085994155906;7.286431412000087;0;0;0.12
1;0;0;0;44;1;0;1;0;2;0;2;2;2;0;0;2;4.620551288026394;8.38916661942616;1;1;0.77
1;0;1;0;49;1;0;1;0;2;0;0;2;0;0;1;1;4.457829598089382;8.366126085816875;0;0;0.16
1;0;0;0;2;1;0;1;0;2;0;0;2;2;0;0;2;4.57109620565434;5.12574810119676;1;1;0.86
1;0;1;0;59;1;2;0;2;0;0;2;0;2;1;1;3;4.249922794040544;8.31822992635372;0;0;0.03
1;1;0;0;50;1;2;0;2;2;0;0;2;0;0;1;0;4.267597343922845;8.14775138248473;0;0;0.05
0;0;1;1;59;1;0;2;1;1;1;1;1;1;2;0;3;3.0726933146901194;7.160069207596127;0;0;0.0
1;0;0;0;18;1;2;1;0;0;0;0;0;0;0;0;3;4.319486116198983;7.23561914106675;0;0;0.25
1;0;0;0;10;1;2;1;0;0;0;0;0;0;0;0;2;4.331391018705302;6.668609370190421;0;0;0.2
1;0;1;0;14;1;0;0;0;0;0;0;0;0;1;0;2;3.8199077165203406;6.464977635989993;0;0;0.24
1;0;0;0;35;1;0;2;1;1;1;1;1;1;2;0;0;3.1112906141882632;6.560252428211817;0;0;0.0
1;0;1;1;8;1;0;0;0;0;0;0;0;0;1;1;3;3.794364961959914;5.847882818629958;0;0;0.07
1;0;1;1;18;1;0;2;1;1;1;1;1;1;1;0;0;3.0469005601283903;5.849036553975704;0;0;0.05
0;0;1;1;60;1;2;1;2;2;0;0;2;0;1;0;0;4.555454593742159;8.667817661466938;0;0;0.05
0;0;0;0;1;1;0;1;0;0;2;0;2;2;0;0;2;4.558078578454241;4.558078578454241;1;1;0.95
0;0;0;0;6;1;0;2;1;1;1;1;1;1;2;0;3;3.022860940942244;4.8319072728124315;0;0;0.01
0;0;0;1;19;1;2;0;2;2;0;2;2;0;0;1;3;4.3425058765115985;7.227371969964263;0;0;0.03
1;0;1;1;53;1;2;0;2;2;0;2;0;0;1;0;0;4.176692303570854;8.158387407420907;0;0;0.0
1;1;1;0;72;1;2;1;2;2;2;0;2;2;2;1;0;4.705467907303455;8.977361108239862;0;0;0.04
0;0;1;0;60;1;2;1;0;2;2;2;2;2;2;1;1;4.716711560720999;8.80112323379829;0;0;0.0
0;0;0;0;1;1;0;0;0;0;0;0;2;0;0;1;1;4.02535169073515;4.02535169073515;1;1;0.79
0;0;0;1;13;1;0;0;0;0;2;2;0;0;0;0;3;3.9972828493789696;6.578000430108449;0;0;0.1
0;0;1;1;5;1;0;1;0;0;0;0;0;0;0;0;1;4.261975403606051;5.772686453303412;0;0;0.46
1;0;0;0;1;1;2;1;0;0;2;0;2;2;0;1;2;4.629374874684909;4.629374874684909;1;1;0.98
1;0;1;1;13;1;0;1;0;0;2;0;2;2;0;0;2;4.584967478670572;7.19702359268779;0;0;0.2
1;0;0;0;37;1;2;0;2;2;2;2;2;2;1;1;0;4.517431271680085;8.119592080864859;0;0;0.02
1;0;1;0;64;1;0;1;2;0;0;0;0;0;0;1;3;4.311470041210748;8.469052816088302;0;0;0.12
0;0;1;0;5;1;2;0;0;0;2;2;2;0;0;0;0;4.233381604239311;5.861640559271781;1;1;0.74
0;0;1;0;61;1;2;1;0;2;0;2;0;2;2;1;0;4.557554332046428;8.648922962094131;0;0;0.04
0;0;0;0;1;1;0;1;0;0;0;0;0;0;0;1;2;4.255612709818223;4.255612709818223;1;1;1.0
1;0;0;0;1;1;0;2;1;1;1;1;1;1;0;1;3;2.9882040071331994;2.9882040071331994;1;0;0.3
1;0;0;0;26;1;0;2;1;1;1;1;1;1;1;0;3;3.0155349008501706;6.266346293826606;0;0;0.0
0;0;0;0;1;1;0;1;0;0;0;0;0;0;0;1;2;4.251348311031766;4.251348311031766;1;1;1.0
1;0;1;0;24;1;0;2;1;1;1;1;1;1;2;0;3;3.0325462466767075;6.18239477605754;0;0;0.0
1;0;1;0;17;0;1;0;0;0;2;2;2;2;1;0;2;4.018183201256536;6.8414017784321155;0;0;0.1
0;0;0;1;26;0;1;0;0;0;2;0;0;0;0;1;3;3.427514689979529;6.668863370699788;0;0;0.09
1;0;0;0;1;1;0;1;0;0;0;0;0;0;0;1;2;4.257738109130536;4.257738109130536;1;1;1.0
1;1;1;0;40;1;2;1;2;0;0;0;2;2;0;0;2;4.633271616098966;8.315639884344804;1;1;0.81
1;0;0;0;52;1;2;1;0;2;2;0;2;2;0;1;2;4.644871552839644;8.58780075858019;0;0;0.23
0;0;0;0;1;1;0;1;0;2;2;0;0;0;0;1;2;4.422448549172797;4.422448549172797;1;1;0.94
1;0;0;0;1;1;0;2;1;1;1;1;1;1;0;0;3;3.0587070727153796;3.0587070727153796;0;0;0.01125
0;0;0;0;21;0;1;0;2;0;0;2;0;0;2;0;3;3.586292865338835;6.648207045774128;0;0;0.0
0;0;1;0;67;1;2;1;0;2;2;0;2;2;1;1;0;4.670021158307708;8.827314119142065;0;0;0.21
0;0;1;1;44;1;0;0;2;0;0;2;0;0;0;0;0;4.047427642434349;7.791750066055471;0;0;0.02
1;0;1;1;70;0;1;0;0;2;2;2;2;2;1;0;2;4.116595171156921;8.328378600425618;0;0;0.17
1;0;0;0;3;1;0;1;0;0;0;0;2;0;0;0;2;4.385146762010125;5.593223284089137;1;1;0.89
1;0;1;1;56;1;0;0;2;2;2;0;0;0;2;1;0;4.107589788972121;8.148575790801537;0;0;0.1
0;0;0;0;13;1;2;1;0;0;0;0;0;2;0;1;2;4.449685283147696;7.017685338354333;1;1;0.78
0;0;1;1;58;1;2;1;2;2;0;0;0;2;0;1;0;4.547541073151455;8.60090914445607;1;1;0.72
0;0;1;1;42;1;2;1;0;0;0;0;2;2;0;1;2;4.55597994179732;8.33981141379869;1;1;0.88
1;1;1;0;1;0;1;0;0;0;0;0;0;0;0;0;2;3.260017768199376;3.260017768199376;1;1;0.87
0;0;1;1;46;1;2;1;2;0;2;2;0;2;2;0;3;4.611649152085801;8.440571292764794;0;0;0.01
0;0;1;1;63;1;0;0;2;0;0;0;0;0;2;1;0;3.9444901955656477;8.077835152284889;0;0;0.01
1;0;0;0;11;1;0;0;0;2;2;2;0;0;0;1;2;4.12552017969055;6.5359666972333565;0;0;0.05
1;0;1;1;15;1;2;0;0;0;2;2;0;0;0;1;0;4.105119635390059;6.766306915397762;0;0;0.07
1;0;1;0;72;0;1;0;2;2;2;2;2;2;2;1;2;4.185098925490565;8.465278651464038;0;0;0.01
0;0;0;0;29;0;1;0;0;0;0;0;0;0;0;1;1;3.261935314328648;6.5706728562352295;1;1;0.81
1;0;0;1;1;1;0;0;0;0;2;0;0;0;0;0;2;3.9110225050945626;3.9110225050945626;1;1;0.75
0;0;1;1;6;1;0;0;0;0;0;0;2;0;0;0;2;4.02266952551521;5.875211590283732;0;0;0.11
1;0;0;0;1;1;0;0;0;0;0;0;0;0;0;0;2;3.835141961092188;3.835141961092188;1;1;0.99
1;0;1;1;63;1;2;1;0;2;0;0;0;2;1;1;2;4.5255857066452485;8.659681847708468;0;0;0.06
1;0;0;0;2;1;0;1;0;0;2;0;0;2;0;1;2;4.464182492687114;5.12574810119676;1;1;0.86
0;0;1;1;18;1;2;2;1;1;1;1;1;1;2;0;3;3.261935314328648;6.062505320212233;0;0;0.0
0;0;1;0;43;0;1;0;2;0;0;2;0;0;0;0;0;3.5553480614894135;7.317444785076738;0;0;0.06
0;0;0;0;15;0;1;0;2;2;2;2;0;0;1;0;3;3.8480176754522337;6.543120165362228;0;0;0.06
1;0;0;1;10;1;2;1;0;0;0;0;2;2;0;0;2;4.566429357671661;6.836688830548277;1;1;0.82
1;0;1;1;55;1;0;2;1;1;1;1;1;1;2;0;3;3.068052935133617;7.072379490817057;0;0;0.0
1;0;0;1;49;1;2;1;0;0;0;2;2;2;1;1;0;4.6210435351443815;8.531224293495859;1;1;0.75
1;0;1;1;6;1;0;0;0;2;2;0;0;0;0;1;3;4.030694535145645;5.784594117392615;1;0;0.27
1;0;1;1;70;1;0;2;1;1;1;1;1;1;2;0;1;3.0610517396746335;7.285575086269977;0;0;0.0
1;1;0;0;2;1;2;1;0;0;0;0;0;0;0;1;3;4.328757705794541;5.058790335983303;1;1;0.84
1;1;1;0;63;0;1;0;2;0;0;2;0;0;1;0;0;3.6136169696133895;7.740620922711164;0;0;0.06
0;0;0;0;25;1;0;0;0;2;0;2;0;2;0;1;0;4.2017030805426;7.426935902330863;0;0;0.0
0;1;0;0;18;1;0;2;1;1;1;1;1;1;1;0;0;3.0610517396746335;5.915123313851259;0;0;0.03
1;1;1;0;28;1;2;1;0;2;0;2;2;2;0;1;2;4.6709579265260945;8.00603417874901;0;0;0.08
0;1;0;0;53;1;0;1;2;2;0;2;0;2;1;1;3;4.582413198865475;8.557864774625278;0;0;0.11
1;0;0;0;35;1;0;1;0;2;2;0;2;2;1;1;0;4.638121286127777;8.196188709898143;1;1;0.71
1;0;0;0;1;0;1;0;0;0;0;0;0;0;0;0;3;3.2347491740244907;3.2347491740244907;0;1;0.52
1;0;1;0;70;1;2;1;2;2;2;2;2;2;1;0;1;4.759177998467439;8.983420951029988;1;1;0.66
1;0;0;0;2;1;0;1;0;0;2;2;0;0;0;1;2;4.392595586023115;5.033374781065745;1;1;0.71
0;0;1;0;26;1;0;0;0;2;0;2;2;2;0;1;2;4.304740540713808;7.580954821732386;0;0;0.07
0;0;0;0;34;1;0;0;2;2;0;0;0;2;1;0;2;4.179757440070231;7.6275687329380855;0;0;0.02
0;0;0;1;19;1;0;2;1;1;1;1;1;1;2;0;3;3.068052935133617;5.990338913820472;0;0;0.0
1;0;0;0;15;1;2;1;0;0;0;0;0;0;0;1;3;4.343805421853684;7.031608741149134;1;1;0.78
0;0;1;1;62;1;0;0;2;0;2;0;0;0;1;0;1;4.020877410340228;8.139250833619391;0;0;0.09
0;1;0;0;42;1;2;1;0;2;2;0;2;2;0;1;0;4.661077817926388;8.372040243649433;1;1;0.62
0;0;0;0;9;1;0;0;2;2;0;0;2;2;0;1;2;4.326117440234365;6.557559301141113;1;1;0.65
1;0;0;0;24;1;0;0;2;0;0;0;0;0;0;1;2;3.9541241814467813;7.152033902826306;0;0;0.16
1;1;1;0;68;0;1;0;2;2;2;0;0;0;2;1;2;3.7600366484302645;7.9952223565452485;0;0;0.04
1;0;1;1;31;1;0;0;0;0;2;2;0;0;0;0;3;4.013676659154646;7.4073177104694174;0;0;0.06
0;0;0;0;1;1;0;0;0;0;0;0;0;2;0;1;2;4.047427642434349;4.047427642434349;1;1;0.9
1;0;1;0;21;1;2;1;0;0;2;2;2;2;0;1;2;4.673762977453703;7.719107628309968;1;1;0.83
0;0;1;0;63;1;0;1;0;2;0;0;2;2;1;1;2;4.574710978503383;8.717804794223362;0;0;0.12
0;1;0;0;2;1;0;1;0;0;0;0;0;2;0;1;0;4.391357962102766;5.077670695432414;1;1;0.94
0;0;1;1;61;0;1;0;0;2;2;2;2;2;2;1;0;4.134366236571586;8.230084288005028;0;0;0.0
0;0;0;0;1;1;0;1;0;0;0;0;0;0;0;0;2;4.243482700225814;4.243482700225814;1;1;0.85
1;0;0;0;18;1;0;2;1;1;1;1;1;1;1;0;3;3.027715319407042;6.021629961439708;0;0;0.0
0;0;1;1;6;1;0;2;1;1;1;1;1;1;1;0;1;2.995732273553991;4.66814498514948;0;0;0.06
0;0;0;0;33;1;2;1;0;2;0;0;2;2;0;1;2;4.61512051684126;8.108201873531515;0;1;0.76
1;0;0;0;16;1;0;2;1;1;1;1;1;1;0;0;0;3.056356895370426;5.794384619338482;1;1;0.71
0;0;1;0;56;1;0;1;0;0;2;2;2;2;0;1;2;4.602165676967792;8.643032576255385;0;0;0.11
1;0;0;1;23;1;0;2;1;1;1;1;1;1;1;0;3;3.0349529867072724;6.14515083340697;0;0;0.0
1;0;0;0;9;1;0;1;0;0;2;0;0;0;0;1;2;4.314817884980432;6.558623244214133;0;0;0.16
0;1;1;0;14;1;2;1;0;2;0;0;2;2;0;1;2;4.617098756853365;7.223149790000454;1;1;0.88
1;0;1;1;15;1;2;1;0;0;0;0;0;0;0;1;0;4.3294166844015844;7.010537473625163;1;1;0.84
1;0;0;0;5;1;0;2;1;1;1;1;1;1;0;0;1;3.0469005601283903;4.570061008874523;0;0;0.1
1;0;1;0;61;1;2;1;2;2;0;0;2;2;0;1;2;4.674696248636701;8.760327587606705;0;0;0.04
1;0;1;1;70;1;2;1;2;2;2;2;2;2;2;1;1;4.766863774986079;9.006178032257257;0;0;0.03
1;0;0;0;15;1;2;1;2;0;0;0;2;2;0;1;2;4.612145799724517;7.35739674942313;0;0;0.38
1;0;1;1;8;1;0;2;1;1;1;1;1;1;2;0;3;3.0301337002713233;4.877103901471733;0;0;0.0
0;0;1;1;8;1;0;2;1;1;1;1;1;1;2;0;3;3.0204248861443626;5.094670023039329;0;0;0.0
0;0;0;0;4;0;1;0;2;0;0;0;0;0;0;1;3;3.4061849231731944;4.709980550340436;0;0;0.08
0;0;0;0;34;1;0;0;2;2;0;0;0;0;1;0;3;4.02535169073515;7.542292993434819;0;0;0.02
1;0;1;0;68;1;2;0;2;2;2;2;2;2;2;1;1;4.519612297626445;8.74891583683838;0;0;0.0
0;0;1;1;45;0;1;0;0;2;2;2;0;2;1;0;0;3.9512437185814275;7.725550764107193;0;0;0.0
0;1;0;0;9;1;2;1;0;0;2;0;2;0;0;1;2;4.511957804265912;6.706617807930542;0;1;0.69
0;0;0;0;22;1;2;0;2;0;0;2;0;0;0;1;3;4.095177548525992;7.134492365806477;0;0;0.05
0;0;0;0;2;1;0;2;1;1;1;1;1;1;0;0;3;3.0587070727153796;3.742420221041966;0;0;0.02
1;0;1;0;70;1;2;0;0;2;2;2;2;0;2;0;0;4.303389189156809;8.569130778202858;0;0;0.02
0;0;0;1;10;1;2;0;2;0;2;2;0;2;1;0;1;4.311470041210748;6.542904143759228;0;0;0.01
1;0;0;0;72;1;2;0;2;0;2;2;2;2;2;0;1;4.446174454497633;8.69919803139405;0;0;0.01
0;0;1;1;49;1;0;0;0;2;2;0;2;2;1;0;1;4.3694478524670215;8.249366032475388;0;0;0.01
0;1;0;0;54;1;2;0;0;2;0;2;2;0;1;0;3;4.291828366755733;8.26540579416028;0;0;0.06
0;0;0;0;71;1;2;1;2;2;2;0;2;2;2;1;1;4.6798137289838575;8.893469762059727;0;0;0.02
0;0;0;0;22;1;0;2;1;1;1;1;1;1;1;1;3;3.0081547935525483;6.024778426137916;0;0;0.0
0;0;1;1;50;1;0;2;1;1;1;1;1;1;2;0;1;3.070375816549757;6.97658146991199;0;0;0.0
0;0;1;1;43;1;0;2;1;1;1;1;1;1;1;0;3;3.044522437723423;6.708023031928389;0;0;0.0
0;0;1;1;45;1;2;2;1;1;1;1;1;1;2;1;1;3.2445435716167785;7.066722910077782;0;0;0.0
1;1;0;0;64;1;2;1;2;2;0;0;2;2;0;1;0;4.6491870714048655;8.787166892087088;0;0;0.07
0;0;1;1;23;1;2;2;1;1;1;1;1;1;2;0;3;3.2128577525426376;6.440388171057531;0;0;0.01
0;0;1;0;68;1;2;2;1;1;1;1;1;1;2;0;1;3.288401887516811;7.556166565700691;0;0;0.0
0;0;0;0;1;1;0;1;0;0;0;0;0;0;0;1;2;4.274580612525034;4.274580612525034;1;1;0.96
1;0;0;0;2;1;0;1;0;0;0;0;0;0;0;1;1;4.259859000699674;4.9104465668408235;1;1;0.72
1;0;0;0;26;1;0;0;0;0;0;2;2;0;1;0;1;4.101816577060802;7.318539548567902;0;0;0.01
1;0;1;0;55;0;1;0;0;0;2;2;2;2;0;1;0;4.017283516085639;7.999443652577423;1;0;0.06
1;0;0;0;14;1;0;2;1;1;1;1;1;1;0;1;2;3.0469005601283903;5.7047819749892845;0;0;0.04
1;0;1;0;71;1;0;0;2;0;2;2;2;2;2;1;2;4.425445255041403;8.671398155484365;0;0;0.02
1;0;0;0;64;1;2;0;2;2;2;2;2;0;1;0;2;4.409763389645481;8.62488997587159;0;0;0.07
0;0;0;0;7;1;0;0;0;0;0;2;2;2;0;1;1;4.273187854639731;6.113239604033903;1;1;0.69
0;0;0;0;57;1;0;0;2;2;2;2;2;0;2;1;1;4.321480134805848;8.335035621175752;0;0;0.01
0;0;1;0;13;1;2;1;0;2;2;0;2;0;0;0;2;4.554928969551344;7.103815361886605;1;1;0.81
0;0;1;1;3;0;1;0;2;0;0;0;0;0;0;0;1;3.4242626545931514;4.529368472571809;1;1;0.77
1;1;1;0;72;1;2;1;0;2;2;2;2;2;2;0;1;4.706823839714591;8.974548415778346;0;0;0.02
0;0;1;1;40;1;2;1;0;2;2;0;2;0;0;1;1;4.578312731818208;8.272928143479916;0;0;0.08
1;0;1;0;14;1;2;0;0;0;0;2;2;0;0;1;1;4.213607983048918;6.888062645636401;0;0;0.27
1;0;1;1;2;1;0;0;0;0;0;0;0;0;0;1;2;3.817712325956905;4.511408806173617;0;0;0.21
1;1;0;0;66;1;2;1;0;2;2;2;2;2;1;0;1;4.71760561531788;8.913691551461717;1;1;0.75
0;0;1;0;38;1;2;1;0;0;2;2;2;2;0;1;2;4.663439094112067;8.300876285444305;1;1;0.51
1;0;0;1;1;0;1;0;0;0;0;0;0;0;0;1;2;3.269568939183719;3.269568939183719;1;1;0.87
1;0;0;0;22;1;0;0;0;2;0;2;0;0;1;1;1;4.0280266811844525;7.085106169122671;1;1;0.61
1;0;0;0;1;1;0;2;1;1;1;1;1;1;0;1;3;3.0492730404820207;3.0492730404820207;1;1;0.84
1;0;0;0;5;1;0;1;0;0;0;0;2;0;0;1;3;4.395682961121367;5.990338913820472;0;0;0.22
1;0;1;1;29;1;2;0;2;0;0;2;2;0;1;0;0;4.249209272783016;7.580419100600682;0;0;0.0
1;0;1;1;1;1;0;1;0;0;0;0;0;0;0;1;3;4.2612704335380815;4.2612704335380815;1;1;0.89
0;0;0;0;3;1;0;2;1;1;1;1;1;1;0;0;3;3.0633909220278057;4.161224091061645;0;0;0.08333333333333331
1;0;1;1;71;1;0;2;1;1;1;1;1;1;2;0;1;3.0301337002713233;7.171733624734682;0;0;0.0
1;0;0;1;9;1;0;0;0;2;0;0;0;0;0;1;2;3.933784497209659;6.184251978407293;0;0;0.09
1;0;0;0;43;1;2;1;0;2;0;0;2;2;0;1;2;4.628886712605407;8.418256443556213;1;1;0.96
0;0;0;0;48;1;2;0;2;2;2;0;2;2;1;1;1;4.436159643253809;8.265868763085331;0;0;0.01
1;0;0;0;26;1;2;1;2;2;0;0;0;0;0;1;1;4.473351611367243;7.700634665941057;0;0;0.1
0;0;0;0;9;1;0;2;1;1;1;1;1;1;0;0;0;3.0516399054922867;5.477090970126306;0;0;0.08
1;0;0;0;1;1;0;1;0;0;0;0;0;2;0;1;2;4.404277243608702;4.404277243608702;1;1;0.95
0;0;1;1;46;1;0;2;1;1;1;1;1;1;2;0;1;3.0155349008501706;6.866047475582347;0;0;0.0
1;0;0;0;2;1;2;0;0;0;0;0;0;2;0;0;0;4.143928062410929;4.78164132910387;1;1;0.8
1;1;0;0;1;1;2;1;0;0;0;0;0;0;0;1;2;4.349632566862877;4.349632566862877;1;1;0.98
1;0;1;1;64;0;1;0;2;0;2;2;2;2;2;1;0;4.111693200556713;8.2549059239844;0;0;0.0
0;1;0;0;12;1;2;1;0;2;0;0;2;0;0;1;2;4.525044141508807;6.998966159035521;1;1;0.92
1;1;1;0;6;1;0;1;0;0;2;0;2;2;0;1;2;4.572130331909891;6.353935163643291;1;1;0.68
0;0;1;0;59;1;0;2;1;1;1;1;1;1;1;0;3;3.0610517396746335;7.145196134997171;0;0;0.0
0;0;0;0;7;1;0;1;0;2;0;0;2;2;1;1;3;4.554403068934438;6.452758481842924;0;0;0.5
0;1;1;0;72;1;2;0;2;2;2;0;2;2;2;1;1;4.443827035579329;8.72105605919792;0;0;0.01
1;1;0;0;16;1;0;1;0;0;0;0;0;2;0;1;2;4.378896741664954;7.105991194590162;0;0;0.21
1;0;1;0;25;1;2;0;0;0;2;0;0;0;0;0;1;4.03512520256213;7.248717420876202;0;0;0.02
0;0;1;0;34;1;2;0;2;2;0;2;0;0;0;0;2;4.153399325003416;7.7301308575498675;1;1;0.61
0;0;0;0;1;1;2;1;0;0;0;0;0;0;0;1;2;4.324132656254979;4.324132656254979;1;1;0.98
0;0;1;1;10;1;2;1;0;2;2;0;2;2;0;1;1;4.635699391022914;6.97527373071296;1;1;0.85
1;0;1;0;24;1;0;2;1;1;1;1;1;1;1;0;3;3.0492730404820207;6.282079813537204;0;0;0.0
0;0;1;1;10;1;2;0;2;2;0;0;2;0;1;0;2;4.26689632742025;6.51789281410138;0;0;0.02
1;0;1;0;69;1;0;0;2;2;0;0;0;0;1;1;1;4.000949214622548;8.2441763896063;0;0;0.05
1;0;0;0;57;1;0;2;1;1;1;1;1;1;2;0;3;3.079613757534693;7.020905376914793;0;0;0.03
1;0;1;1;50;1;0;1;0;2;2;2;2;2;1;1;0;4.648229675448539;8.56358047096936;0;0;0.1
1;0;1;1;28;0;1;0;2;0;2;2;2;0;1;0;3;3.9473901492654373;7.235475038465449;0;0;0.02
0;0;0;0;16;1;0;0;2;0;0;0;0;0;0;1;2;3.9347624923976356;6.6375856316149875;1;1;0.72
1;0;0;0;25;1;0;0;2;2;0;2;2;2;0;1;3;4.382026634673881;7.551186867296149;0;0;0.08
0;1;1;0;3;1;0;1;0;2;0;0;0;0;0;1;0;4.3254562831854875;5.48084723497695;0;0;0.34
1;0;1;0;61;1;2;1;0;0;0;0;2;2;1;1;0;4.579852378003801;8.643772977516159;0;0;0.09
0;0;0;0;2;1;0;2;1;1;1;1;1;1;0;0;3;3.0492730404820207;3.708682081410116;0;0;0.0
1;0;1;1;51;1;0;2;1;1;1;1;1;1;1;0;3;3.0155349008501706;6.906504497080484;0;0;0.0
0;0;1;1;71;1;0;0;2;0;2;0;2;2;2;0;1;4.36373536470163;8.62611037462678;0;0;0.03
0;0;1;1;20;1;0;2;1;1;1;1;1;1;0;0;3;3.0469005601283903;6.008936028019987;0;0;0.02
1;0;1;1;6;1;0;2;1;1;1;1;1;1;0;0;1;3.0373539482448106;4.940570419647969;0;0;0.07
0;0;0;0;6;1;0;2;1;1;1;1;1;1;0;0;3;3.054001181677967;4.825509809969567;0;0;0.11
0;0;0;0;29;1;2;0;2;2;0;2;0;0;0;0;3;4.226103551734458;7.4967079305242255;0;0;0.06
1;0;0;0;36;1;0;2;1;1;1;1;1;1;2;1;1;2.972975286431375;6.536691597591305;0;0;0.0
0;0;0;0;28;0;1;0;0;0;2;0;0;0;0;1;3;3.4258899942525267;6.674182532177388;0;0;0.07
0;0;1;0;7;1;2;1;0;0;0;0;2;0;0;1;2;4.471638793363569;6.3690444517266105;1;1;0.85
0;0;0;0;63;1;2;2;1;1;1;1;1;1;2;0;3;3.2268439945173775;7.389687479093147;0;0;0.0
1;0;1;1;48;1;2;2;1;1;1;1;1;1;2;0;3;3.2007118542405295;7.068470082022033;0;0;0.0
0;0;1;0;49;1;0;2;1;1;1;1;1;1;1;0;0;3.065724645374026;6.804503649171663;0;0;0.01
1;1;0;0;27;1;2;1;0;2;0;0;0;0;0;1;2;4.412192049005608;7.660609013003878;1;0;0.29
1;0;1;0;72;1;2;0;2;2;2;2;2;2;2;0;1;4.535820107853298;8.812977353120994;0;0;0.06
1;0;1;0;1;1;0;1;0;0;0;0;0;0;0;1;2;4.25063580654847;4.25063580654847;1;1;0.99
0;0;1;1;72;0;1;0;0;2;0;2;2;2;2;0;1;4.000949214622548;8.23880116587155;0;0;0.02
0;0;0;0;47;0;1;0;2;2;0;2;0;0;1;0;1;3.7049988359938197;7.49534748053304;0;0;0.0
0;0;0;0;1;1;0;0;0;0;0;0;2;0;0;1;2;4.019082077721554;4.019082077721554;0;0;0.24
0;0;0;0;36;1;2;1;0;2;2;0;2;2;1;1;0;4.661550519424199;8.265508694668442;0;0;0.07
1;0;1;1;43;0;1;0;0;2;0;0;0;0;0;0;1;3.4111477125153233;7.110736938472394;0;0;0.27
0;1;1;0;27;1;2;0;0;2;2;2;2;2;0;0;2;4.440884991680235;7.745522149152025;0;0;0.3
0;0;0;0;9;1;0;1;0;0;0;0;0;2;0;1;2;4.388878109622984;6.585343726009258;1;1;0.78
0;0;0;0;38;1;2;1;0;0;2;2;2;2;0;1;2;4.650621448892009;8.291421188748336;0;0;0.21
0;1;0;0;35;1;2;1;2;0;0;0;2;2;0;1;2;4.605670061029742;8.17627910436752;0;0;0.24
0;0;1;0;59;1;0;1;0;2;0;2;2;2;2;1;3;4.61561544384963;8.70547196868432;0;0;0.04
1;0;0;0;27;1;0;2;1;1;1;1;1;1;2;0;1;3.0610517396746335;6.277770673379832;0;0;0.0
0;1;0;0;2;1;0;0;0;0;0;0;0;0;0;0;2;3.8055507609176296;4.455509411433685;0;0;0.17
1;0;0;0;7;1;2;2;1;1;1;1;1;1;0;0;3;3.1986731175506815;5.159055299214529;0;0;0.25
0;0;0;0;36;1;2;0;0;2;0;2;0;2;1;1;3;4.272490747605575;7.829212640807651;0;0;0.11
0;0;1;1;41;1;2;1;2;2;0;0;2;0;0;1;0;4.557029810660157;8.267346257267478;0;0;0.09
0;0;0;0;13;0;1;0;0;2;0;0;0;0;0;0;2;3.4061849231731944;5.88095189306046;0;0;0.15
1;0;0;1;19;1;0;2;1;1;1;1;1;1;2;0;1;3.084200921541599;6.149536101678477;0;0;0.0
0;0;1;0;60;0;1;0;2;2;0;2;0;0;2;0;0;3.655839600035736;7.736176083599651;0;0;0.0
0;0;0;1;48;1;0;1;0;2;2;2;2;0;2;1;3;4.56954300834494;8.440063736099237;1;1;0.69
1;1;0;0;3;1;2;1;0;0;2;0;2;0;0;0;2;4.522331907679087;5.670225691127358;1;1;0.92
1;0;1;0;69;1;2;1;0;2;0;2;2;0;2;1;3;4.537426533901572;8.773624506076604;0;0;0.02
1;0;0;0;43;0;1;0;0;0;2;2;0;2;1;0;2;3.8099902798629945;7.566466282220954;0;0;0.03
0;0;0;1;11;0;1;0;2;0;0;2;0;0;1;1;3;3.6122683517420957;6.000424288479454;0;0;0.0
0;0;1;0;45;1;0;0;0;0;2;0;0;0;0;1;1;3.9367156180185177;7.706410464322853;0;0;0.04
1;0;1;0;72;1;2;1;0;2;2;2;2;2;2;1;1;4.707275408925245;8.956724726496294;0;0;0.04
0;1;1;0;2;1;2;1;0;0;2;0;0;0;0;0;2;4.384523514872469;5.15819285845387;1;1;0.93
0;0;1;1;12;1;0;2;1;1;1;1;1;1;2;0;0;3.0587070727153796;5.418320158942733;0;0;0.02
0;0;1;1;67;1;2;1;0;2;2;2;2;2;1;1;1;4.730480376953538;8.907808586274065;0;0;0.02
1;0;1;0;37;1;2;1;0;0;2;2;2;0;2;0;3;4.557029810660157;8.149587293113084;0;0;0.03
0;0;0;0;39;0;1;0;2;2;0;2;0;0;1;0;0;3.7412346844478646;7.439500553000631;0;0;0.01
0;0;0;0;41;1;2;0;2;0;2;2;0;2;0;1;0;4.326117440234365;8.036460207957417;0;0;0.11
0;0;0;0;25;0;1;0;0;0;2;0;2;2;0;1;2;3.8969093676180977;7.1661115220520895;0;0;0.11
1;0;1;1;8;1;2;0;2;2;0;2;0;2;2;1;1;4.34575157880917;6.472037127702952;0;0;0.04
0;0;1;1;71;1;2;0;2;2;2;2;0;0;2;0;3;4.278054044290903;8.561391878487907;0;0;0.02
1;0;0;0;5;1;2;1;0;2;2;0;0;2;0;0;2;4.5803650670691205;6.216805681965679;0;0;0.22
0;0;0;0;30;1;2;0;2;0;2;0;2;2;1;1;1;4.385769620952716;7.794864337492712;0;0;0.04
1;0;0;0;40;1;0;1;0;2;0;2;0;2;1;1;1;4.506454213048934;8.157413432524026;0;0;0.03
0;0;0;0;54;1;0;2;1;1;1;1;1;1;2;1;3;3.068052935133617;6.943797870329067;0;0;0.0
1;0;1;0;72;1;2;1;0;2;2;0;2;2;2;1;0;4.675628649636653;8.931466063705376;0;0;0.05
1;0;1;1;28;1;0;1;0;2;2;0;2;2;1;0;0;4.618579872898009;7.937374696163295;0;0;0.07
1;0;1;1;18;1;0;1;0;0;0;2;0;2;0;1;2;4.461299815568389;7.379320188794825;0;0;0.19
0;0;0;0;2;0;1;0;0;0;0;0;2;2;0;1;2;3.834061463958434;4.460144413937834;1;1;0.92
0;0;1;1;59;1;2;1;0;2;2;0;2;2;1;1;2;4.674229721919586;8.741488079687615;0;0;0.08
1;0;1;1;22;1;0;0;0;0;0;2;0;0;0;1;2;3.9531649487593215;7.117935163904488;0;0;0.07
0;0;0;0;1;1;0;2;1;1;1;1;1;1;0;0;3;3.039749158970765;3.039749158970765;0;0;0.2990555555555555
0;1;1;0;72;1;2;2;1;1;1;1;1;1;2;1;1;3.2846635654062037;7.569618169502316;0;0;0.01
0;1;0;0;14;1;2;1;0;0;0;0;0;0;0;1;2;4.321480134805848;7.000562328568344;1;1;0.97
1;0;1;0;50;1;2;1;0;0;0;2;2;2;1;0;2;4.609162207257629;8.529269972641687;0;0;0.07
0;0;1;1;48;1;0;0;2;0;2;2;2;0;1;0;0;4.258445572902527;8.014550661291555;0;0;0.02
0;0;1;1;49;1;2;1;0;2;0;0;2;2;0;1;2;4.598648968997826;8.494988481428045;0;0;0.22
1;0;1;1;28;1;0;1;0;0;2;0;2;0;0;0;2;4.4595662121293;7.736700032439303;0;0;0.14
1;1;0;0;68;1;2;1;0;2;2;0;0;2;0;1;2;4.5736795188967205;8.78020340106237;0;0;0.25
1;0;0;0;13;1;2;1;0;0;0;2;2;2;0;0;2;4.622518824322705;7.181021439699557;0;0;0.24
0;0;0;0;11;1;2;1;0;0;2;0;2;0;0;1;2;4.502029427068578;6.899017213038852;0;0;0.22
0;0;1;0;3;1;2;1;0;0;0;0;0;0;0;1;1;4.318820558770089;5.43372200355424;1;1;0.97
1;1;1;0;57;1;2;1;0;0;2;0;2;2;0;0;2;4.6210435351443815;8.65645935874134;1;0;0.31
1;0;0;0;3;1;2;1;0;0;0;0;0;0;0;0;3;4.330733340286331;5.347583607850955;1;0;0.49
1;0;1;0;72;1;2;2;1;1;1;1;1;1;2;0;1;3.2865344733420154;7.531123564934166;0;0;0.01
1;0;1;1;70;1;2;0;0;2;2;2;2;2;2;1;2;4.443827035579329;8.696292896950245;0;0;0.0
0;0;1;1;49;1;2;0;0;2;0;2;2;2;2;0;0;4.385769620952716;8.26961605646076;0;0;0.0
0;1;1;0;67;1;2;1;2;0;2;0;2;2;1;1;1;4.682594082952895;8.873958131305212;0;0;0.07
1;0;0;0;46;1;0;2;1;1;1;1;1;1;2;0;0;3.0469005601283903;6.805722553416985;0;0;0.02
0;1;0;0;64;1;0;0;2;2;0;2;2;0;2;1;1;4.26549281841793;8.407824654360873;1;0;0.49
0;0;1;0;37;1;0;2;1;1;1;1;1;1;0;0;0;3.0204248861443626;6.692331850683066;0;0;0.21
0;1;0;0;2;1;0;1;0;0;0;0;0;0;0;0;2;4.273187854639731;5.048894006213346;1;1;0.59
0;1;1;0;13;0;1;0;0;0;0;0;2;2;0;0;2;3.835141961092188;6.271838731876463;0;0;0.28
0;0;1;0;72;1;2;1;2;2;2;2;2;2;2;0;2;4.754882459216418;9.030100646666497;0;0;0.0
1;0;1;1;68;1;0;0;0;0;2;2;2;2;2;1;0;4.303389189156809;8.508001073047323;0;0;0.0
1;0;1;1;15;1;0;2;1;1;1;1;1;1;1;0;3;3.027715319407042;5.810092539349616;0;0;0.0
0;0;0;0;24;1;0;2;1;1;1;1;1;1;2;1;0;3.022860940942244;6.155282632337377;0;0;0.0
0;0;0;0;24;1;2;1;0;0;0;2;0;2;0;1;2;4.505902184329423;7.723274947532273;0;0;0.19
1;0;0;0;27;1;0;0;2;0;0;0;0;0;0;0;3;3.9386649363745674;7.253010262691275;0;0;0.14
1;0;0;0;12;1;0;0;0;0;0;2;0;0;0;0;0;3.9367156180185177;6.388141149183067;1;0;0.17
0;0;1;1;71;1;0;0;2;2;2;2;2;2;2;0;1;4.480173695813406;8.753008120650192;0;0;0.0
1;0;1;1;67;1;0;2;1;1;1;1;1;1;2;1;3;3.0819099697950434;7.253399608771762;0;0;0.0
0;0;1;0;63;1;2;1;0;2;2;2;2;2;2;1;0;4.702750514326955;8.830893826266571;0;0;0.02
1;0;0;0;1;1;0;2;1;1;1;1;1;1;0;0;3;3.0610517396746335;3.0610517396746335;0;0;0.0
1;0;0;0;4;1;0;0;0;0;0;0;0;2;0;1;2;4.041295341132285;5.4785534168509695;0;0;0.06
0;1;0;0;40;1;0;1;2;2;0;0;0;0;0;1;1;4.384523514872469;8.081737838008356;1;1;0.83
0;0;0;0;12;1;0;1;0;0;2;0;2;2;0;1;2;4.574710978503383;6.968944447294559;1;1;0.91
1;0;1;1;52;1;0;0;2;2;2;0;2;2;2;0;2;4.384523514872469;8.29836531416963;0;0;0.03
1;0;0;0;10;1;2;2;1;1;1;1;1;1;0;1;2;3.2188758248682006;5.427369994462651;0;0;0.06
1;0;0;0;68;1;2;1;2;2;2;0;2;0;1;0;0;4.628398312107299;8.869503624719881;0;0;0.09
0;0;0;0;54;1;2;1;0;0;0;2;2;2;0;1;2;4.616110126026426;8.601883543577152;1;1;0.78
0;0;1;1;4;1;0;0;0;2;0;2;0;0;0;0;3;4.051784947803305;5.464255444091467;1;0;0.2
0;0;1;0;52;0;1;0;2;0;2;0;0;0;1;0;3;3.5959414584546674;7.580674241695091;0;0;0.05
0;1;0;0;1;1;0;1;0;0;2;0;0;2;0;1;2;4.454347296253507;4.454347296253507;1;1;0.95
1;0;1;0;70;1;2;0;2;2;2;2;2;0;1;0;0;4.387014176184921;8.617925011170238;0;0;0.03
1;0;0;0;43;0;1;0;2;0;2;0;0;0;1;1;1;3.5890591188317256;7.289405722324261;0;0;0.02
1;0;0;0;52;1;0;2;1;1;1;1;1;1;2;0;3;3.027715319407042;6.933471757486774;0;0;0.0
0;0;0;0;12;0;1;0;2;0;2;2;0;2;2;0;3;3.928880122494569;6.315538817000633;0;0;0.02
0;0;1;1;56;1;2;0;2;2;0;0;0;2;1;0;0;4.244917420701475;8.247062848877691;0;0;0.0
1;0;0;0;42;1;2;1;0;0;2;0;0;0;0;0;2;4.393213824064446;8.106031890763193;0;0;0.15
1;1;1;0;22;1;0;1;0;0;0;0;2;2;0;1;0;4.5081084731449605;7.5703917043370605;0;0;0.22
1;0;1;1;51;0;1;0;2;2;2;0;2;2;1;0;2;4.09933210373314;8.011570674648429;1;1;0.68
1;0;0;0;27;1;0;2;1;1;1;1;1;1;0;1;1;3.0155349008501706;6.133940195354737;0;0;0.0
1;1;1;0;51;1;2;1;2;0;2;0;0;2;1;1;0;4.550185877655332;8.484700990965981;0;0;0.02
1;0;0;1;4;1;0;0;2;0;0;0;0;0;0;1;2;3.919991175077323;5.2225156531317545;1;1;0.74
1;0;0;0;1;1;0;2;1;1;1;1;1;1;0;1;3;3.039749158970765;3.039749158970765;0;1;0.54
1;0;0;0;35;1;0;0;0;0;0;0;2;0;0;0;3;4.02535169073515;7.606660848152748;1;1;0.67
1;1;1;1;71;1;2;0;0;2;2;2;0;2;1;1;0;4.302712827954156;8.544934809597896;0;0;0.31
0;0;0;0;1;1;0;1;0;0;0;0;0;0;0;1;2;4.251348311031766;4.251348311031766;1;1;1.0
0;0;1;1;69;1;2;2;1;1;1;1;1;1;2;1;0;3.2809112157876537;7.42321017113179;0;0;0.0
1;0;1;1;14;1;0;2;1;1;1;1;1;1;1;0;3;3.0325462466767075;5.7377006928596614;0;0;0.01
1;0;1;0;57;1;0;0;2;0;0;2;0;0;0;0;2;4.037774210733707;8.062306719974355;0;0;0.1
0;0;1;1;72;1;2;1;2;2;2;2;2;2;2;0;1;4.774912960575186;9.06775093600585;0;0;0.15
1;0;0;0;48;1;0;2;1;1;1;1;1;1;2;0;1;3.0373539482448106;6.821107472256465;0;0;0.0
0;0;1;1;4;1;0;1;0;0;0;0;2;0;0;1;3;4.380775852772229;5.7062793548547885;0;0;0.23
1;0;1;1;31;1;0;2;1;1;1;1;1;1;0;1;2;3.075005454448499;6.555428013036825;0;0;0.03
1;0;0;0;38;1;0;0;0;0;2;2;0;2;1;1;3;4.147885329150131;7.764635651524684;1;0;0.18
1;1;1;0;37;1;2;1;0;0;0;0;2;2;0;1;2;4.537961436294641;8.153177081220612;1;1;0.72
0;0;0;0;1;1;0;2;1;1;1;1;1;1;0;0;3;3.027715319407042;3.027715319407042;0;0;0.3667142857142857
1;1;0;0;57;1;2;0;0;2;2;0;2;2;2;1;0;4.391357962102766;8.398229459011691;0;0;0.03
0;1;1;0;62;1;0;0;2;0;2;2;2;2;2;1;1;4.393831680123644;8.480684796599714;0;0;0.0
1;0;1;0;3;0;1;0;0;0;0;2;0;0;0;1;2;3.4307561839036995;4.535284058523925;0;0;0.38
0;0;0;1;72;1;0;2;1;1;1;1;1;1;2;1;3;3.0325462466767075;7.357556200910353;0;0;0.0
1;0;0;1;29;0;1;0;2;2;2;2;0;0;0;1;3;3.828641396489095;7.125645053347799;0;0;0.15
1;0;1;1;13;1;0;0;0;0;0;0;0;0;0;0;0;3.824284091120139;6.328293862826008;0;0;0.05
1;0;0;1;3;1;0;1;0;0;0;0;0;0;0;0;2;4.257738109130536;5.3986150878634005;1;1;0.82
0;0;0;0;11;1;0;0;0;2;0;0;0;0;0;0;2;3.9531649487593215;6.276925404487053;0;0;0.0
0;0;0;1;21;0;1;0;2;2;2;2;2;0;2;0;3;3.9917579734469997;7.076822720097676;0;0;0.05
0;0;0;0;19;1;2;2;1;1;1;1;1;1;0;0;0;3.246490991901174;6.146008006929935;0;0;0.04
1;0;0;0;61;1;2;1;2;0;2;2;2;2;2;1;1;4.72384171570559;8.83594505990559;1;1;0.66
0;0;0;0;11;1;0;0;2;0;0;0;0;0;0;0;1;3.902982260775997;6.218600119691729;1;1;0.72
1;0;1;1;35;1;2;1;0;2;2;2;2;2;0;1;2;4.709079649378603;8.238378355231562;0;0;0.15
1;0;0;1;25;1;0;2;1;1;1;1;1;1;0;0;3;3.0819099697950434;6.133831788394904;0;0;0.01
0;0;0;0;1;1;0;2;1;1;1;1;1;1;0;1;3;3.054001181677967;3.054001181677967;1;1;0.99
0;0;0;0;67;1;2;2;1;1;1;1;1;1;2;1;0;3.2809112157876537;7.490724804520613;0;0;0.0
1;0;0;0;19;0;1;0;0;0;2;0;2;0;0;1;2;3.7049988359938197;6.598985754199871;1;0;0.49
1;0;0;0;56;1;2;2;1;1;1;1;1;1;1;0;2;3.254242968705492;7.19668657083435;1;1;0.66
1;0;1;1;72;1;2;1;2;2;2;0;2;2;2;1;1;4.695010889987881;8.957800192769458;0;0;0.03
1;0;0;0;43;1;0;2;1;1;1;1;1;1;2;0;3;3.022860940942244;6.776678015375194;0;0;0.0
0;0;1;1;55;1;2;1;2;2;0;0;0;0;0;1;2;4.455509411433685;8.434235405694915;0;0;0.08
1;0;1;1;2;1;2;0;2;0;0;0;0;0;0;0;3;4.055257173514054;4.741011408899505;1;1;0.68
1;0;0;0;27;1;0;1;0;0;0;0;0;0;0;1;3;4.249209272783016;7.492342386310181;0;0;0.1
0;0;0;0;13;1;0;1;0;0;0;0;0;0;0;1;3;4.264790324535862;6.788633848074274;0;0;0.2
0;0;0;0;70;1;2;1;2;2;2;0;2;2;2;1;3;4.719837260966218;8.953969610532432;0;0;0.01
0;0;1;0;14;1;0;1;2;2;0;2;2;2;1;0;3;4.672361435528415;7.207785794614781;1;0;0.34
0;0;1;1;19;1;2;1;0;0;0;2;0;2;1;1;0;4.503691017038237;7.431210808648149;0;0;0.16
0;0;0;0;20;1;2;1;2;0;0;0;2;0;0;1;0;4.500920164614292;7.539160025706512;0;0;0.25
1;0;1;1;43;1;2;1;2;0;2;2;0;0;1;1;1;4.524502282920636;8.297742811939646;0;0;0.05
1;0;1;1;5;1;0;1;2;0;2;0;0;2;0;1;3;4.514698282824016;6.0764947962925575;0;1;0.63
0;1;1;0;70;1;2;1;0;2;0;2;2;2;1;1;0;4.668614358544626;8.881329232019924;0;0;0.09
0;0;1;0;40;1;0;2;1;1;1;1;1;1;2;0;3;3.0007198150650303;6.660703182616252;0;0;0.0
1;0;1;1;6;1;0;2;1;1;1;1;1;1;2;1;1;3.0633909220278057;4.687671407499835;0;0;0.03
1;0;0;0;39;1;0;1;2;0;2;0;2;2;2;1;2;4.619566066271823;8.243466619725949;0;0;0.08
1;1;1;0;4;1;2;1;0;0;0;0;0;0;0;0;2;4.330075229041782;5.735604086979157;1;1;0.88
1;0;0;0;15;0;1;0;0;0;0;2;0;0;0;1;2;3.4242626545931514;6.085068727067206;1;1;0.74
1;0;1;0;1;0;1;0;0;0;2;0;2;2;0;1;2;3.9386649363745674;3.9386649363745674;1;1;0.9
0;1;0;0;45;1;0;1;2;2;0;2;0;0;0;1;0;4.462453883786496;8.237241165026367;0;0;0.12
0;0;1;0;64;0;1;0;2;0;2;2;0;2;2;0;2;3.888754378488792;8.054681427928797;1;1;0.66
0;1;1;0;57;1;2;1;0;2;2;0;0;2;0;0;1;4.553876891600541;8.601525148631278;0;0;0.1
1;0;1;1;72;1;2;0;2;2;2;2;0;0;2;0;0;4.260564966136689;8.537652465817608;0;0;0.01
1;0;0;0;1;1;0;1;0;0;0;0;0;0;0;1;2;4.26689632742025;4.26689632742025;1;1;0.98
1;0;1;0;72;1;2;2;1;1;1;1;1;1;2;0;1;3.2902658209548736;7.535403477309386;0;0;0.0
0;0;0;0;3;1;0;0;2;2;0;2;0;2;2;0;3;4.278054044290903;5.367610193043986;0;0;0.04
1;1;0;0;55;1;2;1;2;0;0;0;2;2;0;1;2;4.603168183317418;8.63386449821993;1;1;0.77
0;0;1;0;59;1;2;1;0;0;2;2;2;0;0;0;2;4.547011271814559;8.591836734412004;0;0;0.18
0;0;0;0;18;1;2;1;0;0;0;2;2;2;0;1;0;4.613634264400221;7.483216294193619;1;1;0.79
1;1;1;0;32;1;0;1;0;0;0;0;0;2;0;1;1;4.398146016553765;7.817645571675264;1;1;0.78
0;0;0;0;4;1;0;0;2;0;0;0;0;0;0;1;0;3.942552210462969;5.466582256352257;0;0;0.12
0;1;0;0;66;1;2;1;0;2;0;0;0;0;0;1;1;4.399989335048054;8.561277060235506;1;1;0.71
1;0;0;0;27;1;2;1;0;0;2;0;0;0;0;1;2;4.410371107683024;7.729207719695006;0;0;0.25
1;0;0;0;4;1;0;2;1;1;1;1;1;1;0;1;1;3.077312260546414;4.43970574626056;0;0;0.01
1;0;1;1;60;1;0;0;2;2;0;2;2;2;0;1;1;4.382651439442724;8.447714487646177;0;0;0.15
0;0;1;1;8;1;0;2;1;1;1;1;1;1;2;0;3;2.998229153752578;5.311727053457954;0;0;0.0
1;0;1;1;8;1;0;2;1;1;1;1;1;1;2;0;1;3.0252910757955354;4.836281906951478;0;0;0.0
1;0;0;0;35;1;0;2;1;1;1;1;1;1;2;1;3;3.054001181677967;6.530002609440508;0;0;0.0
1;0;0;0;7;1;2;1;0;0;0;0;0;2;0;1;2;4.475061500641071;6.431894530252004;1;1;0.95
0;0;1;1;53;1;0;2;1;1;1;1;1;1;2;0;3;3.086486636822455;7.044948708158344;0;0;0.01
0;1;0;0;18;1;2;1;0;2;0;2;2;2;0;1;1;4.650143551630823;7.499616963037395;0;0;0.15
0;0;0;0;15;0;1;0;0;2;0;0;0;2;2;1;3;3.6838669122903918;6.403574197934815;0;0;0.1
1;0;1;0;67;1;2;1;0;2;0;0;2;0;1;1;0;4.493120682179469;8.665492499595755;0;0;0.02
1;1;1;0;6;1;0;1;0;2;0;0;0;2;0;1;2;4.44500143383527;6.254117231516904;1;1;0.91
1;1;0;0;6;1;0;1;0;0;0;0;2;0;0;1;2;4.390738575275903;6.211804171089457;0;0;0.35
1;0;0;0;13;1;2;1;0;0;0;2;2;2;0;1;3;4.605170185988092;7.172194312703518;1;1;0.78
0;0;0;0;11;1;2;1;0;0;2;0;2;2;0;1;2;4.622518824322705;7.030636408357952;1;1;0.95
1;0;0;1;1;1;0;2;1;1;1;1;1;1;0;1;3;3.0106208860477417;3.0106208860477417;0;0;0.15
1;0;0;0;5;1;0;0;2;0;0;2;0;0;0;1;3;4.038655656361512;5.590800395940859;0;0;0.12
1;0;0;0;13;1;0;2;1;1;1;1;1;1;1;1;3;3.0421386463681466;5.552959584921617;0;0;0.0
0;0;1;0;9;1;2;1;2;2;2;0;0;0;0;0;0;4.529907701487544;6.764808269662204;1;1;0.77
1;0;0;0;29;1;0;1;0;2;0;2;2;0;0;0;3;4.50700593720086;7.8727028328027115;0;0;0.13
1;1;0;0;1;1;0;0;0;0;0;0;0;0;0;1;3;3.846951008684431;3.846951008684431;0;0;0.14
0;0;0;0;1;1;2;1;0;0;2;0;0;0;0;1;3;4.388878109622984;4.388878109622984;1;1;0.95
0;0;1;1;18;1;0;0;0;0;0;0;2;0;0;0;3;4.0421736898931915;6.988228663132014;0;0;0.21
0;0;1;0;2;1;0;0;0;0;2;0;2;2;0;0;1;4.248495242049359;5.002603122398992;0;0;0.23
1;0;1;1;30;1;2;1;0;2;0;2;0;0;0;1;0;4.4373430753445895;7.852127994983248;0;0;0.09
1;0;0;1;66;1;2;0;2;2;0;2;0;0;2;0;0;4.200204952921578;8.38478117205963;0;0;0.0
1;0;1;1;38;1;2;1;0;0;2;2;2;0;2;1;0;4.563305981889393;8.19346934761719;0;0;0.06
1;0;1;1;44;1;0;0;0;2;2;2;0;0;0;1;3;4.141546163706395;7.98106685353695;0;0;0.11
0;0;0;0;54;1;2;1;0;2;2;2;2;2;0;0;2;4.719391330078114;8.702152931808193;1;1;0.76
1;0;0;0;2;1;0;2;1;1;1;1;1;1;0;0;3;3.044522437723423;3.517497837358316;0;0;0.24
0;0;0;0;42;1;0;0;2;2;0;2;0;2;1;1;3;4.229749199228304;7.966673409106048;0;0;0.05
0;0;1;1;58;1;2;2;1;1;1;1;1;1;2;0;1;3.263849190510932;7.320460778745796;0;0;0.01
1;0;1;1;58;1;0;1;0;2;0;0;2;2;0;1;2;4.541697763032518;8.576602957947669;0;0;0.03
0;0;1;1;25;1;2;1;0;0;2;0;0;2;0;1;2;4.500920164614292;7.770392037520659;1;1;0.89
0;0;0;0;71;1;2;1;2;2;2;2;2;2;2;0;3;4.721173861744398;8.985557978493448;0;0;0.0
0;0;0;0;37;1;2;1;0;2;2;0;2;2;0;1;0;4.633757642840004;8.173674184527034;1;1;0.74
0;0;1;1;14;1;2;1;0;0;0;2;2;0;0;1;2;4.528828952731369;7.171656822768514;1;1;0.86
0;1;0;0;4;1;2;1;0;0;2;0;0;2;0;1;2;4.498141613229568;5.922784126803076;1;1;0.92
0;0;1;0;48;1;2;0;2;0;0;2;0;0;1;1;0;4.120661870539474;8.001773698640019;0;0;0.02
0;1;0;0;3;0;1;0;0;0;0;0;0;0;0;0;2;3.269568939183719;4.366278277705742;1;1;0.84
0;0;1;0;8;1;0;0;2;0;0;2;0;2;2;0;3;4.197201947661808;6.337445008381255;0;0;0.02
1;0;0;0;1;1;2;1;0;0;0;0;2;2;0;1;2;4.569024739351738;4.569024739351738;1;1;1.0
1;0;0;0;67;1;0;2;1;1;1;1;1;1;2;0;0;3.0421386463681466;7.1798794525179686;0;0;0.0
1;0;0;0;13;1;0;1;0;0;0;0;2;2;0;1;2;4.522874943261261;7.035884606692665;1;1;0.81
0;0;1;1;45;1;0;0;0;2;0;2;0;0;1;1;1;4.0100567456995115;7.7496672328071945;1;0;0.01
1;0;0;0;49;1;2;1;0;0;0;0;0;0;0;1;0;4.3254562831854875;8.22184178465955;0;0;0.06
0;0;1;0;52;1;2;1;0;2;2;0;2;0;0;0;0;4.560172820057356;8.52253887774099;0;0;0.08
0;0;1;0;63;1;0;1;2;0;2;0;0;0;1;1;1;4.408546844483277;8.561305766034558;0;0;0.04
0;0;1;1;68;1;2;0;2;2;2;2;2;2;2;1;0;4.500365071621965;8.730173269163984;0;0;0.0
0;0;1;0;31;1;0;0;0;0;0;2;0;0;0;1;3;3.9160150266976834;7.312920342081299;0;0;0.05
0;0;1;0;64;1;0;2;1;1;1;1;1;1;2;0;1;3.017982882488811;7.098045005425268;0;0;0.0
0;0;1;0;62;1;0;1;2;0;2;2;2;2;1;1;2;4.6568134191399295;8.797042165096359;0;0;0.06
0;0;0;0;1;1;0;1;0;0;0;0;0;0;0;0;0;4.258445572902527;4.258445572902527;1;1;0.93
0;0;0;0;6;1;0;1;0;0;0;0;2;2;0;1;2;4.505349850705881;6.3531519078702505;1;1;0.91
0;0;1;0;21;1;0;1;0;0;0;2;2;0;0;1;2;4.466482666214198;7.506536833506361;0;0;0.16
0;0;1;1;72;1;2;2;1;1;1;1;1;1;2;0;0;3.265759410767051;7.489048686017753;0;0;0.0
0;0;1;1;32;0;1;0;2;2;0;0;0;0;0;1;2;3.5876769486047735;6.958495920685321;0;0;0.1
0;1;0;0;71;1;2;1;2;2;0;2;2;0;1;1;1;4.611649152085801;8.879367983425537;0;0;0.05
0;0;0;1;34;1;0;1;2;2;2;0;2;2;0;1;0;4.666735541646246;8.21327333007474;0;0;0.06
1;0;1;0;3;0;1;0;0;0;0;0;0;2;0;1;2;3.5876769486047735;4.612642200826793;1;1;0.93
1;0;0;1;12;1;2;1;0;0;0;0;0;0;0;1;1;4.314149212270796;6.771248034327474;1;1;0.78
0;1;0;0;8;1;2;1;0;0;2;0;2;2;0;0;2;4.628398312107299;6.6612151498615315;1;1;0.98
0;0;1;1;35;1;2;2;1;1;1;1;1;1;2;0;0;3.2308043957334744;6.712470055796324;0;0;0.01
0;0;1;1;3;1;0;1;0;0;0;0;2;0;0;1;2;4.403054001865957;5.482512167723671;0;0;0.45
1;0;0;0;3;1;0;1;0;0;2;2;2;0;0;1;3;4.50920979484218;5.503093260504062;0;1;0.88
1;0;0;0;53;1;0;0;0;0;2;0;0;2;1;1;2;4.128745988939433;8.119368818404027;0;0;0.11
0;0;1;0;4;0;1;0;2;0;0;0;0;0;0;1;2;3.4028626609812167;4.8721392168423305;0;0;0.06
0;0;1;1;48;1;0;1;2;0;2;0;2;2;1;1;0;4.612145799724517;8.512823658898295;0;0;0.05
0;0;1;1;6;1;0;0;2;2;0;0;0;0;0;0;1;4.041295341132285;5.903589160605973;1;0;0.18
1;1;1;0;3;1;2;1;0;2;2;0;2;2;0;1;2;4.671893818030999;5.816068950384761;1;1;0.92
1;0;1;1;54;0;1;0;0;0;2;2;0;2;2;0;1;3.8501476017100584;7.793607421715725;0;0;0.08
0;0;0;0;1;1;0;0;0;0;0;0;0;0;0;0;3;3.8055507609176296;3.8055507609176296;1;1;0.76
1;0;0;0;62;1;0;0;0;2;2;2;2;2;0;1;0;4.399375273008495;8.513616803759081;0;0;0.02
1;0;1;1;22;1;0;1;0;2;2;0;2;2;1;1;3;4.61561544384963;7.645517252301033;0;0;0.38
1;0;0;0;1;1;0;0;0;0;0;0;0;0;0;1;0;3.8308129500026027;3.8308129500026027;1;1;0.52
1;1;0;0;51;1;0;1;0;0;2;0;2;2;1;1;0;4.553876891600541;8.498367087166189;0;0;0.08
0;0;0;0;30;1;2;0;0;2;2;0;2;0;1;1;1;4.24778070111149;7.620558017200524;0;0;0.02
0;1;1;0;56;1;2;0;2;2;2;2;0;0;1;1;1;4.240607069200353;8.297792626380861;0;0;0.04
1;0;1;0;35;1;2;0;0;2;0;2;2;0;1;1;2;4.248495242049359;7.800859263880956;0;0;0.02
0;1;0;0;64;0;1;0;0;2;0;2;2;0;0;1;2;3.803323588504805;7.920083199053234;0;0;0.14
1;0;0;1;30;0;1;0;0;0;0;0;2;2;0;1;2;3.817712325956905;7.176865965848482;0;0;0.05
0;0;1;1;25;1;0;2;1;1;1;1;1;1;2;1;3;2.9806186357439426;5.952333829904943;0;0;0.02
0;0;0;0;41;1;0;1;0;0;0;0;0;0;0;0;0;4.26619481914876;7.961736243504653;1;1;0.67
1;0;0;1;9;1;0;0;0;0;0;0;2;0;0;0;2;4.031582240485785;6.110912862083427;1;1;0.7
0;0;1;0;1;1;0;0;2;2;0;0;0;0;0;1;3;3.9991177122790798;3.9991177122790798;0;0;0.13
1;0;0;1;70;1;2;1;2;2;2;2;2;2;2;1;2;4.750135956238277;8.972527246677537;0;0;0.02
0;0;1;1;57;1;0;2;1;1;1;1;1;1;2;1;0;3.0492730404820207;6.992739602887134;0;0;0.0
1;0;0;0;9;1;2;1;0;0;0;0;2;0;0;1;2;4.460144413937834;6.67544483984311;0;0;0.36
0;0;1;1;69;1;2;1;0;2;2;2;2;2;1;1;0;4.698205051955281;8.921864651335644;0;0;0.02
1;1;1;0;43;1;2;1;0;2;2;0;2;2;0;1;2;4.6443908991413725;8.392831060899427;1;1;0.86
0;0;1;0;72;1;2;1;0;0;2;0;2;2;2;1;2;4.593603549616626;8.830879211404719;0;0;0.09
1;0;0;1;44;1;0;2;1;1;1;1;1;1;2;0;0;3.022860940942244;6.710462206258037;0;0;0.09
0;0;1;0;72;1;2;1;2;2;0;0;0;0;2;1;0;4.44323931884187;8.708350596872592;0;0;0.01
0;0;1;0;33;1;0;1;2;0;2;2;2;2;1;1;2;4.6515765588022475;8.120306185957913;1;1;0.79
1;0;0;0;54;1;2;1;0;0;2;0;0;2;0;0;1;4.504244267398131;8.49095188021101;0;0;0.37
1;0;0;1;27;1;0;2;1;1;1;1;1;1;2;0;1;3.0301337002713233;6.234998788069926;0;0;0.01
1;0;0;0;54;1;2;1;0;2;0;0;0;0;0;1;0;4.392595586023115;8.368519154034502;0;0;0.14
1;0;0;0;3;1;0;1;0;2;0;0;0;0;0;0;1;4.323470185213858;5.403127730900382;0;0;0.15
0;0;1;0;53;1;2;0;2;2;2;0;0;2;1;0;0;4.318820558770089;8.251911675906715;0;0;0.0
1;0;0;0;1;1;0;1;0;0;0;0;0;0;0;1;2;4.253482783560398;4.253482783560398;1;1;1.0
1;0;1;0;15;1;0;2;1;1;1;1;1;1;1;0;3;2.9856819377004897;5.690190521136734;0;0;0.0
0;0;0;0;56;1;0;1;0;2;0;0;0;0;0;1;2;4.3154861108656375;8.317241126566133;1;1;0.76
1;0;1;1;5;1;2;0;2;2;0;2;0;0;0;0;1;4.180522258463153;5.761736867916757;0;0;0.03
1;0;1;1;48;1;0;0;0;2;2;0;0;0;1;1;1;4.039536325727106;7.883144763243498;0;0;0.01
0;0;0;1;25;1;0;2;1;1;1;1;1;1;0;0;1;3.0469005601283903;6.158460937799191;0;0;0.01
0;0;1;0;3;1;2;1;0;0;0;0;0;0;0;1;1;4.332705079341171;5.383347615732612;1;1;0.97
1;0;0;0;58;1;0;1;2;2;0;0;2;2;1;0;0;4.606669062111827;8.652064935368452;0;0;0.07
1;0;0;0;10;1;0;0;0;0;0;0;0;2;0;1;0;4.056123349401903;6.223072176834322;0;0;0.06
1;0;0;0;1;1;0;1;0;0;0;0;0;0;0;1;2;4.257030144499196;4.257030144499196;1;1;1.0
1;0;1;0;71;1;2;1;0;2;0;2;2;2;2;1;1;4.655387902148709;8.904670823843324;0;0;0.11
0;0;1;1;65;1;2;1;0;2;2;2;2;2;2;1;1;4.716711560720999;8.888329070200776;0;0;0.0
1;0;1;1;5;1;2;1;0;2;0;0;0;0;0;1;2;4.396299293960601;5.955837369464831;1;1;0.92
0;0;0;0;28;0;1;0;0;0;2;2;0;0;0;1;3;3.6041382256588457;6.869430164660469;0;0;0.03
0;0;1;1;67;1;2;0;0;0;2;2;0;2;2;1;0;4.2612704335380815;8.43747876318644;0;0;0.01
1;0;0;0;35;1;0;1;2;0;0;2;0;2;1;1;2;4.502029427068578;8.087117717335357;0;0;0.14
0;0;1;1;72;0;1;0;2;2;2;2;0;2;2;0;1;4.036891987474015;8.263861014563423;0;0;0.0
0;0;1;1;61;0;1;0;2;2;0;2;0;2;1;1;0;3.9454577815143836;8.035845460469845;0;0;0.01
1;1;0;0;68;1;0;2;1;1;1;1;1;1;2;1;1;3.044522437723423;7.242082359256962;0;0;0.0
0;0;1;1;1;0;1;0;2;0;0;0;0;0;0;0;0;3.449987545831587;3.449987545831587;1;1;0.78
1;0;0;0;3;1;0;2;1;1;1;1;1;1;0;1;3;3.0007198150650303;3.9899095440852173;0;0;0.11
1;0;1;1;70;1;2;1;0;2;0;0;2;2;2;0;0;4.598145571051127;8.83353560436123;1;1;0.66
0;0;0;1;48;0;1;0;0;2;2;0;0;2;0;0;1;3.840527003723076;7.654135122138809;0;0;0.09
1;0;1;1;68;1;2;1;0;2;0;0;2;2;1;1;1;4.625462889255854;8.820477907095427;0;0;0.11
0;0;0;0;47;1;0;1;2;0;2;2;2;2;1;1;2;4.651099117876491;8.462018690671583;0;0;0.33
1;0;1;1;32;0;1;0;0;0;2;2;0;0;1;1;3;3.6176519448255684;7.049298243091741;0;0;0.03
0;0;1;1;5;1;0;0;2;0;0;0;0;0;0;1;3;3.919991175077323;5.453396186948117;0;0;0.06
1;0;0;0;49;1;0;2;1;1;1;1;1;1;2;1;1;3.039749158970765;6.931081104285634;0;0;0.0
0;0;0;0;48;1;2;1;0;2;2;0;2;2;0;1;0;4.685828089005546;8.541358835915018;1;1;0.8
0;1;0;0;13;1;2;1;0;0;0;0;0;2;0;1;2;4.418840607796598;7.0283787213058755;1;1;0.88
1;0;0;0;15;1;0;2;1;1;1;1;1;1;0;1;3;3.0349529867072724;5.737861788309064;0;0;0.28
0;0;0;0;12;1;0;0;0;0;0;0;0;0;0;1;2;3.829727762701316;6.26168250580812;0;0;0.24
1;1;0;0;67;1;2;0;2;2;0;2;0;0;2;1;0;4.182813210209709;8.354933051958843;0;0;0.02
1;0;0;0;9;1;0;1;0;0;0;2;2;0;0;0;2;4.468777561082536;6.648336671803215;0;0;0.17
0;0;1;1;13;1;0;2;1;1;1;1;1;1;2;1;0;3.0325462466767075;5.512218336495314;0;0;0.02
0;0;0;0;38;1;0;1;0;0;0;0;2;2;1;1;3;4.500920164614292;8.114623886420098;0;0;0.11
0;1;1;0;42;1;2;1;0;2;2;0;2;0;0;1;2;4.570061008874523;8.276801746692474;0;0;0.15
0;0;1;0;24;1;2;1;0;0;0;0;0;0;0;1;1;4.335982696172475;7.46671370804741;1;1;0.74
0;1;1;0;27;1;0;1;2;0;2;0;2;2;0;1;2;4.627420794922911;7.92133604763153;1;0;0.37
1;0;1;1;9;1;2;1;0;2;2;0;2;2;0;1;1;4.640537329825382;6.801004909035257;0;0;0.38
0;0;1;0;49;0;1;0;0;2;0;2;2;2;1;1;1;4.048300623720694;7.930781580693652;0;0;0.06
0;1;1;0;61;1;2;1;2;2;2;2;0;0;0;1;1;4.55597994179732;8.682105753887527;0;0;0.11
1;0;0;1;50;0;1;0;2;2;0;0;2;0;1;1;0;3.7853253523821886;7.700317837840281;0;0;0.02
1;1;0;0;25;1;2;1;0;2;0;0;2;0;0;1;2;4.505349850705881;7.69491634497433;1;1;0.81
0;1;0;0;22;1;2;1;0;0;0;0;0;0;0;1;0;4.32280727501391;7.434611719820655;1;1;0.84
1;0;0;0;1;1;0;2;1;1;1;1;1;1;0;0;3;3.068052935133617;3.068052935133617;1;1;0.69
1;0;0;0;4;1;2;1;0;0;0;0;0;0;0;1;2;4.3221439250725044;5.584811233363008;1;1;0.86
0;1;1;0;18;1;2;1;0;0;0;2;2;2;0;0;0;4.612642200826793;7.516025167408981;1;1;0.83
0;1;0;0;56;1;2;1;0;2;2;2;2;2;1;1;2;4.726945242914012;8.767157820238706;1;1;0.69
0;1;1;0;53;1;0;1;0;2;2;2;2;0;1;1;2;4.553876891600541;8.491352169656412;0;0;0.1
0;0;1;0;51;1;2;1;0;0;2;0;2;2;1;1;2;4.603669059861824;8.50684988335764;0;0;0.23
0;0;1;1;24;1;2;0;2;2;2;0;0;0;2;0;2;4.179757440070231;7.352216716096984;0;0;0.02
0;0;1;0;62;1;0;0;2;2;2;0;2;0;2;1;1;4.290459441148391;8.362922504388402;0;0;0.0
1;0;0;0;24;1;0;0;0;2;0;0;0;0;0;1;3;3.9259259105971376;7.105991194590162;0;0;0.09
0;0;1;1;70;1;2;0;2;2;2;2;2;0;2;0;2;4.403054001865957;8.633900092692112;0;0;0.02
1;0;0;1;1;0;1;0;0;0;0;0;0;0;0;0;3;3.2268439945173775;3.2268439945173775;0;0;0.41
1;1;0;0;16;0;1;0;0;2;0;0;2;0;0;1;3;3.6888794541139363;6.5233420175705845;1;1;0.7
0;0;0;0;8;1;0;0;0;2;0;2;2;0;0;1;2;4.196449785159254;6.3197785960277315;0;0;0.14
0;0;1;1;72;1;0;0;2;2;2;2;0;2;2;1;2;4.3221439250725044;8.563771387176816;0;0;0.0
0;0;0;0;23;1;0;1;0;2;2;2;0;0;0;0;0;4.4331949212482815;7.617415367916296;0;0;0.12
1;0;0;1;31;0;1;0;0;0;0;0;0;0;0;0;1;3.258096538021482;6.67228607797729;0;0;0.12
1;0;1;1;37;0;1;0;2;0;2;2;0;0;1;1;2;3.7184382563554808;7.330634543344089;0;0;0.04
0;0;1;0;30;1;2;1;0;2;0;2;2;0;0;1;1;4.554928969551344;7.939319232897119;1;1;0.7
0;1;0;0;35;1;2;1;2;2;2;0;2;2;1;1;2;4.694553747122777;8.223399145516707;0;0;0.08
0;0;1;1;23;1;2;0;0;2;0;2;2;0;0;1;1;4.255612709818223;7.4104075920589665;0;0;0.09
0;0;1;1;20;1;2;0;2;0;0;0;2;2;1;0;0;4.343805421853684;7.371332050147517;0;0;0.01
1;0;1;0;36;1;0;1;2;0;0;0;2;2;0;1;2;4.549657476057832;8.121792269065665;0;0;0.18
0;0;0;0;8;1;2;1;0;0;0;0;2;2;0;0;0;4.57109620565434;6.6581394073368125;1;1;0.94
1;0;1;1;71;1;2;1;0;2;0;0;2;2;1;0;0;4.620551288026394;8.8699253728722;0;0;0.14
0;1;1;0;50;1;2;1;0;2;0;0;2;0;0;1;2;4.489198009735671;8.382140642419776;1;1;0.82
0;0;1;1;43;1;2;2;1;1;1;1;1;1;1;1;0;3.2367157429965316;6.90188810070409;0;0;0.0
1;0;0;1;57;1;2;0;2;2;2;2;2;2;2;0;3;4.505902184329423;8.51985963329828;0;0;0.01
0;0;1;1;41;1;0;0;0;2;0;2;0;2;1;1;0;4.212127597878484;7.91191035729736;1;0;0.04
0;0;1;0;27;1;0;1;0;2;0;0;0;0;0;1;2;4.345103280569283;7.647022395155635;0;0;0.12
0;0;0;0;13;1;0;1;0;0;0;0;0;2;0;1;2;4.400603020246817;6.9204740513899115;0;0;0.11
1;0;0;0;3;0;1;0;2;2;0;0;0;0;0;1;3;3.5959414584546674;4.680741372835166;1;1;0.88
0;0;0;0;67;1;0;2;1;1;1;1;1;1;1;0;2;3.070375816549757;7.20370309585095;0;0;0.0
1;0;0;0;3;1;0;0;0;2;0;0;0;0;0;1;3;3.929862923556477;4.875960390769654;1;1;0.8
0;0;1;0;64;1;2;1;0;2;0;2;2;2;2;1;0;4.667205576907544;8.82405269577028;0;0;0.02
1;0;0;0;26;0;1;0;0;0;2;2;0;0;0;0;2;3.6041382256588457;6.930983405101344;0;0;0.1
1;0;0;0;38;1;2;1;0;2;2;0;0;2;0;1;1;4.565389315976247;8.21397776533647;0;0;0.06
1;0;1;0;23;1;0;2;1;1;1;1;1;1;1;0;1;3.0106208860477417;6.1886747163956874;0;0;0.0
1;0;0;0;40;1;2;1;0;2;2;0;2;2;0;1;1;4.658710952916121;8.303467651080286;1;1;0.87
1;1;1;0;72;0;1;0;2;2;2;2;2;2;2;1;0;4.160444363926624;8.452451983072336;0;0;0.0
0;1;0;0;3;1;2;1;0;0;0;0;0;0;0;1;1;4.331391018705302;5.550048374714159;1;1;0.94
1;0;0;0;23;1;2;1;0;0;2;0;0;0;0;1;2;4.406719247264253;7.559090391727643;1;1;0.76
0;1;1;0;1;1;2;1;0;0;0;0;0;0;0;1;2;4.323470185213858;4.323470185213858;1;1;0.95
0;0;0;0;4;1;0;0;2;2;0;2;0;0;0;1;3;4.117409835153096;5.610021094841726;1;1;0.7
0;0;1;0;62;1;2;0;2;2;0;2;2;2;2;1;2;4.453765731828859;8.547052919248921;0;0;0.0
0;0;0;0;40;1;2;1;0;2;2;0;2;0;0;1;0;4.547541073151455;8.2314825078332;0;0;0.18
1;0;0;0;41;1;2;1;0;2;0;0;2;0;0;1;2;4.502029427068578;8.201591638966322;0;0;0.15
1;1;1;0;34;1;0;1;0;0;2;0;2;0;0;1;1;4.456670177669648;7.963964462722332;0;0;0.08
0;0;0;0;1;1;0;0;0;2;0;0;0;0;0;0;2;3.9308447596687337;3.9308447596687337;0;0;0.42
0;0;0;0;51;1;0;2;1;1;1;1;1;1;2;0;0;3.075005454448499;6.929272122444386;0;0;0.02
1;0;1;1;1;1;0;1;0;0;0;0;0;0;0;1;3;4.271793154274181;4.271793154274181;1;1;0.93
0;0;0;0;39;1;0;2;1;1;1;1;1;1;2;0;3;3.0516399054922867;6.717804695023691;0;0;0.0
1;0;1;1;12;1;0;2;1;1;1;1;1;1;0;1;2;3.005682604407159;5.480638923341991;0;0;0.08
1;0;0;0;12;1;0;0;0;0;0;2;2;0;1;1;2;4.107589788972121;6.5913993459457485;1;1;0.75
1;0;0;0;72;1;2;1;0;2;2;0;2;2;1;1;2;4.662967284714308;8.928680131842896;0;0;0.03
0;1;1;0;63;1;2;1;0;2;2;0;2;2;0;1;2;4.6491870714048655;8.776537515836264;0;0;0.25
1;0;1;0;44;1;2;1;2;0;2;0;0;0;0;1;1;4.4520190064939165;8.196257633110818;0;0;0.26
0;0;0;0;18;1;2;1;0;0;2;2;0;2;0;1;0;4.564868889214566;7.426787139295227;0;0;0.08
0;0;0;0;9;1;0;0;0;0;0;0;0;0;0;1;0;3.8110970868381857;6.0022808395418314;1;1;0.8
1;0;0;0;13;1;0;0;0;2;0;2;2;2;0;0;3;4.308783672906164;6.837922769383456;0;0;0.06
0;0;1;0;68;1;0;0;0;2;0;2;2;0;2;0;0;4.175924549214524;8.372687515306508;0;0;0.0
0;1;0;0;6;0;1;0;0;0;0;0;2;2;0;1;2;3.8155121050473024;5.5761384791529425;0;0;0.32
0;0;0;0;2;1;0;2;1;1;1;1;1;1;0;1;3;3.0469005601283903;3.6951100038645723;0;0;0.02
1;1;1;0;55;1;2;0;2;2;0;0;0;0;1;0;1;4.110873864173311;8.106846186216465;0;0;0.05
1;1;0;0;1;1;2;1;0;0;0;0;0;0;0;1;2;4.340553386467307;4.340553386467307;1;1;0.98
1;0;0;0;38;1;0;1;0;0;0;0;0;0;0;1;1;4.255612709818223;7.87331225215921;0;0;0.23
0;0;0;0;67;1;2;1;2;2;2;0;2;0;0;1;1;4.643910014304022;8.837427155161741;1;1;0.69
1;0;0;0;19;1;0;1;0;0;0;0;2;0;0;1;0;4.378269585796169;7.310617001220186;0;0;0.14
0;0;0;0;12;0;1;0;0;2;2;2;2;2;1;0;2;4.121473229610353;6.612444179365865;0;0;0.15
0;0;0;0;72;1;0;2;1;1;1;1;1;1;2;1;0;3.0978374964911444;7.258693801068933;0;0;0.0
1;0;1;1;24;1;2;0;2;0;2;2;2;2;1;1;3;4.4520190064939165;7.596643402621699;0;0;0.02
0;0;1;1;72;1;2;1;0;2;2;0;2;2;1;1;1;4.646312129319266;8.904344962684448;0;0;0.07
0;0;1;1;11;0;1;0;2;0;0;0;0;0;0;1;2;3.4210000089583352;5.8506207697603365;0;0;0.07
1;1;1;0;4;1;2;1;0;0;0;0;0;0;0;1;3;4.32280727501391;5.728800237631489;1;1;0.91
1;0;0;0;66;1;0;1;2;0;2;2;2;2;2;1;0;4.669552444917359;8.83134678107381;0;0;0.12
